t_ms,H_cm,T_cm,E_cm,P,M,D_cms,RPM,RAW_cm,age_ms,F,PRE,CAS,RS,CM,FH,TID,TIN,TST
9,2.7,20.0,-1.1,0,0,2.2,0,46.8,72,40.0,0,1,6595,2,0.00,0xEE,0,0
13,3.0,20.0,-1.1,0,0,2.2,0,46.7,8,40.0,0,1,6595,2,0.00,0xEE,0,0
13,2.7,20.0,-1.1,0,0,2.2,0,46.6,188,34.2,0,1,6595,2,0.00,0xEE,0,0
13,2.7,20.0,-1.1,0,0,2.2,0,46.5,73,34.2,0,1,6595,2,0.00,0xEE,0,0
13,2.7,20.0,-1.1,0,0,2.2,0,46.4,9,34.2,0,1,6595,2,0.00,0xEE,0,0
13,2.8,20.0,-1.1,0,0,2.2,0,46.5,68,34.2,0,1,6595,2,0.00,0xEE,0,0
13,2.9,20.0,-1.1,0,0,2.2,0,46.4,3,34.2,0,1,6595,2,0.00,0xEE,0,0
13,2.7,20.0,-1.1,0,0,2.2,0,46.5,69,34.2,0,1,6595,2,0.00,0xEE,0,0
13,2.8,20.0,-1.1,0,0,2.2,0,46.4,4,34.2,0,1,6595,2,0.00,0xEE,0,0
13,2.5,20.0,-1.1,0,0,2.2,0,46.0,77,34.2,0,1,6595,2,0.00,0xEE,0,0
13,2.8,20.0,-1.1,0,0,2.2,0,46.7,12,34.2,0,1,6595,2,0.00,0xEE,0,0
13,2.7,20.0,-1.1,0,0,2.2,0,46.2,78,34.2,0,1,6595,2,0.00,0xEE,0,0
13,2.7,20.0,-1.1,0,0,2.2,0,46.8,13,34.2,0,1,6595,2,0.00,0xEE,0,0
13,2.7,20.0,-1.1,0,0,2.2,0,46.9,60,40.0,0,1,6595,2,0.00,0xEE,0,0
13,2.8,20.0,-1.1,0,0,2.2,0,46.9,14,40.0,0,1,6595,2,0.00,0xEE,0,0
13,2.8,20.0,-1.1,0,0,2.2,0,46.4,53,40.0,0,1,6595,2,0.00,0xEE,0,0
13,2.7,20.0,-1.1,0,0,2.2,0,47.0,7,40.0,0,1,6595,2,0.00,0xEE,0,0
13,2.9,20.0,-1.1,0,0,2.2,0,46.4,62,40.0,0,1,6595,2,0.00,0xEE,0,0
13,2.7,20.0,-1.1,0,0,2.2,0,47.0,15,40.0,0,1,6595,2,0.00,0xEE,0,0
13,2.5,20.0,-1.1,0,0,2.2,0,47.0,64,40.0,0,1,6595,2,0.00,0xEE,0,0
14,2.6,20.0,-1.1,0,0,2.2,0,46.3,17,40.0,0,1,6595,2,0.00,0xEE,0,0
14,2.9,20.0,-1.1,0,0,2.2,0,46.6,65,40.0,0,1,6595,2,0.00,0xEE,0,0
14,2.9,20.0,-1.1,0,0,2.2,0,46.3,9,40.0,0,1,6595,2,0.00,0xEE,0,0
14,2.8,20.0,-1.1,0,0,2.2,0,47.0,10,40.0,0,1,6595,2,0.00,0xEE,0,0
14,2.6,20.0,-1.1,0,0,2.2,0,47.2,10,40.0,0,1,6595,2,0.00,0xEE,0,0
14,2.3,20.0,-1.1,0,0,2.2,0,46.3,0,40.0,0,1,6595,2,0.00,0xEE,0,0
14,2.3,20.0,-1.1,0,0,2.2,0,46.9,2,40.0,0,1,6595,2,0.00,0xEE,0,0
14,2.5,20.0,-1.1,1800,0,2.2,0,46.4,4,42.0,0,1,6595,2,0.00,0xEE,0,0
14,2.6,20.0,-1.1,1800,0,2.2,0,46.7,6,42.0,0,1,6595,2,0.00,0xEE,0,0
14,2.7,20.0,-1.1,1800,0,2.2,0,46.8,8,42.0,0,1,6595,2,0.00,0xEE,0,0
14,2.6,20.0,-1.1,1800,0,2.2,0,46.4,9,42.0,0,1,6595,2,0.00,0xEE,0,0
14,2.7,20.0,-1.1,1800,0,2.2,0,46.2,9,42.0,0,1,6595,2,0.00,0xEE,0,0
14,2.8,20.0,-1.1,1800,0,2.2,0,46.2,9,42.0,0,1,6595,2,0.00,0xEE,0,0
14,3.0,20.0,-1.1,1800,0,2.2,0,46.9,9,42.0,0,1,6595,2,0.00,0xEE,0,0
14,3.0,20.0,-1.1,1800,0,2.2,0,46.4,9,42.0,0,1,6595,2,0.00,0xEE,0,0
14,2.8,20.0,-1.1,1800,0,2.2,0,47.0,1,42.0,0,1,6595,2,0.00,0xEE,0,0
14,2.7,20.0,-1.1,1800,0,2.2,0,46.7,3,42.0,0,1,6595,2,0.00,0xEE,0,0
14,2.6,20.0,-1.1,1800,0,2.2,0,46.6,5,42.0,0,1,6595,2,0.00,0xEE,0,0
14,2.6,20.0,-1.1,1800,0,2.2,0,46.5,7,42.0,0,1,6595,2,0.00,0xEE,0,0
14,2.7,20.0,-1.1,1800,0,2.2,0,46.2,8,42.0,0,1,6595,2,0.00,0xEE,0,0
14,2.7,20.0,-1.1,1800,0,2.2,0,46.6,9,42.0,0,1,6595,2,0.00,0xEE,0,0
14,2.7,20.0,-1.1,1800,0,2.2,0,46.8,9,42.0,0,1,6595,2,0.00,0xEE,0,0
14,2.7,20.0,-1.1,1800,0,2.2,0,46.4,9,42.0,0,1,6595,2,0.00,0xEE,0,0
14,2.7,20.0,-1.1,1800,0,2.2,0,46.3,205,42.0,0,1,6595,2,0.00,0xEE,0,0
14,2.8,20.0,-1.1,1800,0,2.2,0,46.5,9,42.0,0,1,6595,2,0.00,0xEE,0,0
14,2.9,20.0,-1.1,1800,0,2.2,0,46.2,9,42.0,0,1,6595,2,0.00,0xEE,0,0
14,2.9,20.0,-1.1,1800,0,2.2,0,47.2,1,42.0,0,1,6595,2,0.00,0xEE,0,0
14,2.9,20.0,-1.1,1800,0,2.2,0,46.3,2,42.0,0,1,6595,2,0.00,0xEE,0,0
14,2.8,20.0,-1.1,1800,0,2.2,0,46.6,4,42.0,0,1,6595,2,0.00,0xEE,0,0
14,2.8,20.0,-1.1,1800,0,2.2,0,46.5,6,42.0,0,1,6595,2,0.00,0xEE,0,0
14,2.7,20.0,-1.1,1800,0,2.2,0,46.7,8,42.0,0,1,6595,2,0.00,0xEE,0,0
14,2.7,20.0,-1.1,1800,0,2.2,0,46.8,9,42.0,0,1,6595,2,0.00,0xEE,0,0
14,2.6,20.0,-1.1,1800,0,2.2,0,46.0,9,42.0,0,1,6595,2,0.00,0xEE,0,0
14,2.7,20.0,-1.1,1800,0,2.2,0,46.2,9,42.0,0,1,6595,2,0.00,0xEE,0,0
14,2.9,20.0,-1.1,1800,0,2.2,0,47.0,9,42.0,0,1,6595,2,0.00,0xEE,0,0
14,2.8,20.0,-1.1,1800,0,2.2,0,46.6,0,42.0,0,1,6595,2,0.00,0xEE,0,0
14,2.7,20.0,-1.1,1800,0,2.2,0,46.3,1,42.0,0,1,6595,2,0.00,0xEE,0,0
14,2.8,20.0,-1.1,1800,0,2.2,0,45.9,3,42.0,0,1,6595,2,0.00,0xEE,0,0
14,3.0,20.0,-1.1,1800,0,2.2,0,45.9,5,42.0,0,1,6595,2,0.00,0xEE,0,0
14,3.0,20.0,-1.1,1800,0,2.2,0,45.9,75,42.0,0,1,6595,2,0.00,0xEE,0,0
14,3.2,20.0,-1.1,1800,0,2.2,0,46.5,5,42.0,0,1,6595,2,0.00,0xEE,0,0
14,2.9,20.0,-1.1,1800,0,2.2,0,46.8,7,42.0,0,1,6595,2,0.00,0xEE,0,0
14,2.7,20.0,-1.1,1800,0,2.2,0,46.6,9,42.0,0,1,6595,2,0.00,0xEE,0,0
14,2.7,20.0,-1.1,1800,0,2.2,0,46.3,9,42.0,0,1,6595,2,0.00,0xEE,0,0
14,2.7,20.0,-1.1,1800,0,2.2,0,46.5,9,42.0,0,1,6595,2,0.00,0xEE,0,0
14,2.7,20.0,-1.1,1800,0,2.2,0,46.6,9,41.9,0,1,6595,2,0.00,0xEE,0,0
14,2.7,20.0,-1.1,1800,0,2.2,0,46.6,9,41.9,0,1,6595,2,0.00,0xEE,0,0
15,2.7,20.0,-1.1,1800,0,2.2,0,46.4,0,41.9,0,1,6595,2,0.00,0xEE,0,0
15,2.7,20.0,-1.1,1800,0,2.2,0,46.5,2,41.9,0,1,6595,2,0.00,0xEE,0,0
15,2.8,20.0,-1.1,1800,0,2.2,0,46.8,4,41.9,0,1,6595,2,0.00,0xEE,0,0
15,2.7,20.0,-1.1,1800,0,2.2,0,46.6,6,41.9,0,1,6595,2,0.00,0xEE,0,0
15,2.7,20.0,-1.1,1800,0,2.2,0,46.3,8,41.9,0,1,6595,2,0.00,0xEE,0,0
15,2.7,20.0,-1.1,1800,0,2.2,0,46.5,9,41.9,0,1,6595,2,0.00,0xEE,0,0
15,2.7,20.0,-1.1,1800,0,2.2,0,46.5,9,41.9,0,1,6595,2,0.00,0xEE,0,0
15,2.8,20.0,-1.1,1800,0,2.2,0,47.1,9,41.9,0,1,6595,2,0.00,0xEE,0,0
15,2.8,20.0,-1.1,1800,0,2.2,0,46.4,9,41.9,0,1,6595,2,0.00,0xEE,0,0
15,2.7,20.0,-1.1,1800,0,2.2,0,46.7,9,41.9,0,1,6595,2,0.00,0xEE,0,0
15,2.7,20.0,-1.1,1800,0,2.2,0,46.5,1,41.9,0,1,6595,2,0.00,0xEE,0,0
15,2.8,20.0,-1.1,1800,0,2.2,0,46.3,3,41.9,0,1,6595,2,0.00,0xEE,0,0
15,2.8,20.0,-1.1,1800,0,2.2,0,47.1,5,41.9,0,1,6595,2,0.00,0xEE,0,0
15,2.8,20.0,-1.1,1800,0,2.2,0,46.5,7,41.9,0,1,6595,2,0.00,0xEE,0,0
15,2.8,20.0,-1.1,1800,0,2.2,0,46.4,68,41.9,0,1,6595,2,0.00,0xEE,0,0
15,2.8,20.0,-1.1,1800,0,2.2,0,46.7,9,41.9,0,1,6595,2,0.00,0xEE,0,0
15,2.7,20.0,-1.1,1800,0,2.2,0,46.8,0,41.9,0,1,6595,2,0.00,0xEE,0,0
15,2.8,20.0,-1.1,1800,0,2.2,0,46.4,2,41.9,0,1,6595,2,0.00,0xEE,0,0
15,2.7,20.0,-1.1,1800,0,2.2,0,46.6,4,41.9,0,1,6595,2,0.00,0xEE,0,0
15,2.8,20.0,-1.1,1800,0,2.2,0,46.3,6,41.9,0,1,6595,2,0.00,0xEE,0,0
15,2.7,20.0,-1.1,1800,0,2.2,0,47.2,7,41.9,0,1,6595,2,0.00,0xEE,0,0
15,2.8,20.0,-1.1,1800,0,2.2,0,46.0,9,41.9,0,1,6595,2,0.00,0xEE,0,0
15,2.9,20.0,-1.1,1800,0,2.2,0,46.3,9,41.9,0,1,6595,2,0.00,0xEE,0,0
15,3.0,20.0,-1.1,1800,0,2.2,0,46.3,9,41.9,0,1,6595,2,0.00,0xEE,0,0
15,3.0,20.0,-1.1,1800,0,2.2,0,46.4,9,41.9,0,1,6595,2,0.00,0xEE,0,0
15,2.9,20.0,-1.1,1800,0,2.2,0,47.0,9,41.9,0,1,6595,2,0.00,0xEE,0,0
15,2.7,20.0,-1.1,1800,0,2.2,0,46.7,1,41.9,0,1,6595,2,0.00,0xEE,0,0
15,2.6,20.0,-1.1,1800,0,2.2,0,46.6,3,41.9,0,1,6595,2,0.00,0xEE,0,0
15,2.6,20.0,-1.1,1800,0,2.2,0,46.1,5,41.9,0,1,6595,2,0.00,0xEE,0,0
15,2.6,20.0,-1.1,1800,0,2.2,0,46.6,6,41.9,0,1,6595,2,0.00,0xEE,0,0
15,2.7,20.0,-1.1,1800,0,2.2,0,46.5,8,41.9,0,1,6595,2,0.00,0xEE,0,0
15,2.7,20.0,-1.1,1800,0,2.2,0,46.7,9,41.9,0,1,6595,2,0.00,0xEE,0,0
15,2.7,20.0,-1.1,1800,0,2.2,0,46.6,9,41.9,0,1,6595,2,0.00,0xEE,0,0
15,2.7,20.0,-1.1,1800,0,2.2,0,46.4,9,41.9,0,1,6595,2,0.00,0xEE,0,0
15,2.7,20.0,-1.1,1800,0,2.2,0,46.0,9,41.9,0,1,6595,2,0.00,0xEE,0,0
15,3.1,20.0,-1.1,1800,0,2.2,0,46.5,0,41.9,0,1,6595,2,0.00,0xEE,0,0
15,3.0,20.0,-1.1,1800,0,2.2,0,46.5,62,41.9,0,1,6595,2,0.00,0xEE,0,0
15,2.9,20.0,-1.1,1800,0,2.2,0,46.3,9,41.9,0,1,6595,2,0.00,0xEE,0,0
15,2.8,20.0,-1.1,1800,0,2.2,1748,46.2,9,41.9,0,1,6595,2,0.00,0xEE,0,0
15,2.9,20.0,-1.1,1800,0,2.2,1748,46.6,9,41.9,0,1,6595,2,0.00,0xEE,0,0
15,2.9,20.0,-1.1,1800,0,2.2,650,46.8,9,41.9,0,1,6595,2,0.00,0xEE,0,0
15,2.7,20.0,-1.1,1800,0,2.2,650,47.3,9,41.9,0,1,6595,2,0.00,0xEE,0,0
15,2.4,20.0,-1.1,1800,0,2.2,921,46.8,0,49.0,0,1,6595,2,0.00,0xEE,0,0
15,2.4,20.0,-1.1,1800,0,2.2,1054,46.9,2,49.0,0,1,6595,2,0.00,0xEE,0,0
15,2.4,20.0,-1.1,1800,0,2.2,1159,46.4,4,49.0,0,1,6595,2,0.00,0xEE,0,0
15,2.6,20.0,-1.1,1800,0,2.2,1159,46.3,6,49.0,0,1,6595,2,0.00,0xEE,0,0
15,2.7,20.0,-1.1,1800,0,2.2,1212,46.7,8,49.0,0,1,6595,2,0.00,0xEE,0,0
15,2.8,20.0,-1.1,1800,0,2.2,1273,46.6,9,49.0,0,1,6595,2,0.00,0xEE,0,0
15,2.7,20.0,-1.1,1800,0,2.2,1296,46.9,9,49.0,0,1,6595,2,0.00,0xEE,0,0
15,2.6,20.0,-1.1,1800,0,2.2,1337,46.6,9,49.0,0,1,6595,2,0.00,0xEE,0,0
15,2.6,20.0,-1.1,1800,0,2.2,1346,46.8,9,49.0,0,1,6595,2,0.00,0xEE,0,0
15,2.5,20.0,-1.1,1800,0,2.2,1378,46.9,0,49.0,0,1,6595,2,0.00,0xEE,0,0
15,2.6,20.0,-1.1,1800,0,2.2,1381,46.5,1,49.0,0,1,6595,2,0.00,0xEE,0,0
15,2.6,20.0,-1.1,1800,0,2.2,1409,46.7,3,49.0,0,1,6595,2,0.00,0xEE,0,0
15,2.7,20.0,-1.1,1800,0,2.2,1409,46.4,5,49.0,0,1,6595,2,0.00,0xEE,0,0
15,2.6,20.0,-1.1,1800,0,2.2,1409,46.7,7,49.0,0,1,6595,2,0.00,0xEE,0,0
15,2.7,20.0,-1.1,1800,0,2.2,1435,46.3,9,49.0,0,1,6595,2,0.00,0xEE,0,0
15,2.8,20.0,-1.1,1800,0,2.2,1431,46.4,9,49.0,0,1,6595,2,0.00,0xEE,0,0
15,2.9,20.0,-1.1,1800,0,2.2,1467,46.6,69,49.0,0,1,6595,2,0.00,0xEE,0,0
15,2.7,20.0,-1.1,1800,0,2.2,1489,46.7,2,49.0,0,1,6595,2,0.00,0xEE,0,0
15,2.7,20.0,-1.1,1800,0,2.2,1482,46.6,4,49.0,0,1,6595,2,0.00,0xEE,0,0
15,2.7,20.0,-1.1,1800,0,2.2,1503,46.1,6,49.0,0,1,6595,2,0.00,0xEE,0,0
15,2.7,20.0,-1.1,1800,0,2.2,1494,47.0,8,49.0,0,1,6595,2,0.00,0xEE,0,0
15,2.7,20.0,-1.1,1800,0,2.2,1516,46.5,9,49.0,0,1,6595,2,0.00,0xEE,0,0
15,2.7,20.0,-1.1,1800,0,2.2,1507,46.5,9,49.0,0,1,6595,2,0.00,0xEE,0,0
15,2.8,20.0,-1.1,1800,0,2.2,1527,46.8,9,49.0,0,1,6595,2,0.00,0xEE,0,0
15,2.7,20.0,-1.1,1800,0,2.2,1517,46.9,9,49.0,0,1,6595,2,0.00,0xEE,0,0
15,2.6,20.0,-1.1,1800,0,2.2,1537,46.2,9,49.0,0,1,6595,2,0.00,0xEE,0,0
15,2.7,20.0,-1.1,1800,0,2.2,1527,46.4,1,49.0,0,1,6595,2,0.00,0xEE,0,0
15,2.7,20.0,-1.1,1800,0,2.2,1546,46.6,3,49.0,0,1,6595,2,0.00,0xEE,0,0
29,2.8,20.0,-1.1,1800,0,2.2,1536,46.5,5,49.0,0,1,6595,2,0.00,0xEE,0,0
29,2.7,15.0,12.3,4000,1,0.0,1555,46.5,7,49.0,0,1,7200,2,0.00,0xEE,0,0
60,2.8,15.0,12.2,4100,1,0.0,1650,46.4,9,49.0,0,1,7200,2,0.00,0xEE,0,0
76,2.8,15.0,12.2,4100,1,0.0,1825,46.0,9,49.0,0,1,7200,2,0.00,0xEE,0,0
92,2.8,15.0,12.2,4100,1,0.0,2063,47.0,9,49.0,0,1,7200,2,0.00,0xEE,0,0
108,2.8,15.0,12.2,4100,1,0.0,2471,46.7,9,49.0,0,1,7200,2,0.00,0xEE,0,0
139,2.6,15.0,12.4,4100,1,0.0,2809,46.8,9,49.0,0,1,7200,2,0.00,0xEE,0,0
155,2.5,15.0,12.5,4100,1,0.0,3091,46.3,0,49.0,0,1,7200,2,0.00,0xEE,0,0
170,2.6,15.0,12.4,4100,1,0.0,3325,46.2,2,49.0,0,1,7200,2,0.00,0xEE,0,0
202,2.8,15.0,12.2,4100,1,0.0,3526,46.7,4,49.0,0,1,7200,2,0.00,0xEE,0,0
417,2.8,15.0,12.2,4100,1,0.0,4970,46.8,202,42.0,0,1,7200,2,0.00,0xEE,0,0
433,2.5,15.0,12.5,4100,1,0.0,4985,46.9,5,42.0,0,1,7200,2,0.00,0xEE,0,0
448,2.5,15.0,12.5,4100,1,0.0,5062,46.5,7,42.0,0,1,7200,2,0.00,0xEE,0,0
463,2.6,15.0,12.4,4100,1,0.0,5167,46.5,9,42.0,0,1,7200,2,0.00,0xEE,0,0
495,2.7,15.0,12.3,4100,1,0.0,5233,46.6,9,42.0,0,1,7200,2,0.00,0xEE,0,0
510,2.7,15.0,12.3,4100,1,0.0,5228,47.2,9,42.0,0,1,7200,2,0.00,0xEE,0,0
526,2.6,15.0,12.4,4100,1,0.0,5286,46.9,9,42.0,0,1,7200,2,0.00,0xEE,0,0
556,2.5,15.0,12.5,4100,1,0.0,5379,46.7,9,42.0,0,1,7200,2,0.00,0xEE,0,0
573,2.4,15.0,12.6,4100,1,0.0,5432,46.5,0,42.0,0,1,7200,2,0.00,0xEE,0,0
588,2.6,15.0,12.4,4100,1,0.0,5481,46.5,2,42.0,0,1,7200,2,0.00,0xEE,0,0
603,2.7,15.0,12.3,4100,1,0.0,5463,46.9,4,42.0,0,1,7200,2,0.00,0xEE,0,0
634,2.8,15.0,12.2,4100,1,0.0,5507,46.4,6,42.0,0,1,7200,2,0.00,0xEE,0,0
650,2.8,15.0,12.2,4100,1,0.0,5549,46.5,8,42.0,0,1,7200,2,0.00,0xEE,0,0
666,2.8,15.0,12.2,4100,1,0.0,5632,46.2,9,42.0,0,1,7200,2,0.00,0xEE,0,0
696,2.8,15.0,12.2,4100,1,0.0,5671,46.9,9,42.0,0,1,7200,2,0.00,0xEE,0,0
712,2.8,15.0,12.2,4100,1,0.0,5707,46.6,9,42.0,0,1,7200,2,0.00,0xEE,0,0
788,2.7,15.0,12.3,4100,1,0.0,5824,46.5,60,42.0,0,1,7200,2,0.00,0xEE,0,0
804,2.7,15.0,12.3,4100,1,0.0,5790,46.3,8,42.0,0,1,7200,2,0.00,0xEE,0,0
819,2.8,15.0,12.2,4100,1,0.0,5819,46.4,9,42.0,0,1,7200,2,0.00,0xEE,0,0
834,2.8,15.0,12.2,4100,1,0.0,5847,46.6,9,42.0,0,1,7200,2,0.00,0xEE,0,0
864,2.9,15.0,12.1,4100,1,0.0,5874,46.4,1,42.0,0,1,7200,2,0.00,0xEE,0,0
895,2.9,15.0,12.1,4100,1,0.0,5899,46.7,3,42.0,0,1,7200,2,0.00,0xEE,0,0
895,2.9,15.0,12.1,4100,1,0.0,5925,46.4,5,42.0,0,1,7200,2,0.00,0xEE,0,0
925,2.8,15.0,12.2,4100,1,0.0,5948,46.6,7,42.0,0,1,7200,2,0.00,0xEE,0,0
940,2.8,15.0,12.2,4100,1,0.0,5971,46.2,9,42.0,0,1,7200,2,0.00,0xEE,0,0
956,2.9,15.0,12.1,4100,1,0.0,5994,46.2,9,42.0,0,1,7200,2,0.00,0xEE,0,0
986,3.0,15.0,12.0,4100,1,0.0,6014,46.7,9,42.0,0,1,7200,2,0.00,0xEE,0,0
1001,3.1,15.0,11.9,4100,1,0.0,6036,46.2,9,42.0,0,1,7200,2,0.00,0xEE,0,0
1016,3.0,15.0,12.0,4100,1,0.0,6055,46.4,9,42.0,0,1,7200,2,0.00,0xEE,0,0
1048,2.8,15.0,12.2,4100,1,0.0,6075,46.5,0,42.0,0,1,7200,2,0.00,0xEE,0,0
1063,2.8,15.0,12.2,4100,1,0.0,6093,46.6,2,42.0,0,1,7200,2,0.00,0xEE,0,0
1078,2.7,15.0,12.3,4100,1,0.0,6111,46.7,4,42.0,0,1,7200,2,0.00,0xEE,0,0
1094,2.6,15.0,12.4,4100,1,0.0,6129,47.1,6,42.0,0,1,7200,2,0.00,0xEE,0,0
1125,2.6,15.0,12.4,4100,1,0.0,6209,46.8,8,42.0,0,1,7200,2,0.00,0xEE,0,0
1140,2.5,15.0,12.5,4100,1,0.0,6226,46.6,9,42.0,0,1,7200,2,0.00,0xEE,0,0
1156,2.5,15.0,12.5,4100,1,0.0,6242,46.9,9,42.0,0,1,7200,2,0.00,0xEE,0,0
1187,2.5,15.0,12.5,4100,1,0.0,6259,46.8,9,42.0,0,1,7200,2,0.00,0xEE,0,0
1203,2.5,15.0,12.5,4100,1,0.0,6273,46.6,9,42.0,0,1,7200,2,0.00,0xEE,0,0
1280,2.5,15.0,12.5,4100,1,0.0,6272,47.1,69,42.0,0,1,7200,2,0.00,0xEE,0,0
1295,2.5,15.0,12.5,4100,1,0.0,6284,46.5,7,42.0,0,1,7200,2,0.00,0xEE,0,0
1325,2.5,15.0,12.5,4100,1,0.0,6297,47.1,9,42.0,0,1,7200,2,0.00,0xEE,0,0
1342,2.4,15.0,12.6,4100,1,0.0,6373,46.9,9,42.0,0,1,7200,2,0.00,0xEE,0,0
1356,2.4,15.0,12.6,4100,1,0.0,6385,46.4,9,42.0,0,1,7200,2,0.00,0xEE,0,0
1386,2.5,15.0,12.5,4100,1,0.0,6396,46.4,9,42.0,0,1,7200,2,0.00,0xEE,0,0
1401,2.7,15.0,12.3,4100,1,0.0,6408,47.0,9,42.0,0,1,7200,2,0.00,0xEE,0,0
1417,2.7,15.0,12.3,4100,1,0.0,6359,46.8,0,49.9,0,1,7200,2,0.00,0xEE,0,0
1448,2.6,15.0,12.4,4100,1,0.0,6369,46.7,2,49.9,0,1,7200,2,0.00,0xEE,0,0
1462,2.5,15.0,12.5,4100,1,0.0,6380,46.9,4,49.9,0,1,7200,2,0.00,0xEE,0,0
1478,2.5,15.0,12.5,4100,1,0.0,6388,46.7,6,49.9,0,1,7200,2,0.00,0xEE,0,0
1508,2.5,15.0,12.5,4100,1,0.0,6464,46.2,8,49.9,0,1,7200,2,0.00,0xEE,0,0
1524,2.6,15.0,12.4,4100,1,0.0,6471,47.1,9,49.9,0,1,7200,2,0.00,0xEE,0,0
1539,2.7,15.0,12.3,4100,1,0.0,6482,46.3,9,49.9,0,1,7200,2,0.00,0xEE,0,0
1555,2.8,15.0,12.2,4100,1,0.0,6429,46.5,9,49.9,0,1,7200,2,0.00,0xEE,0,0
1585,2.9,15.0,12.1,4100,1,0.0,6437,46.3,9,49.9,0,1,7200,2,0.00,0xEE,0,0
1600,2.9,15.0,12.1,4100,1,0.0,6447,46.4,9,49.9,0,1,7200,2,0.00,0xEE,0,0
1616,2.8,15.0,12.2,4100,1,0.0,6455,46.6,1,49.9,0,1,7200,2,0.00,0xEE,0,0
1647,2.8,15.0,12.2,4100,1,0.0,6527,47.0,3,49.9,0,1,7200,2,0.00,0xEE,0,0
1662,2.7,15.0,12.3,4100,1,0.0,6534,46.6,5,49.9,0,1,7200,2,0.00,0xEE,0,0
1678,2.6,15.0,12.4,4100,1,0.0,6543,46.7,7,49.9,0,1,7200,2,0.00,0xEE,0,0
1724,2.6,15.0,12.4,4100,1,0.0,6489,46.5,9,49.9,0,1,7200,2,0.00,0xEE,0,0
1785,2.7,15.0,12.3,4100,1,0.0,6581,46.5,69,49.9,0,1,7200,2,0.00,0xEE,0,0
1801,2.7,15.0,12.3,4100,1,0.0,6527,46.7,0,49.9,0,1,7200,2,0.00,0xEE,0,0
1816,2.6,15.0,12.4,4100,1,0.0,6533,46.9,2,49.9,0,1,7200,2,0.00,0xEE,0,0
1847,2.5,15.0,12.5,4100,1,0.0,6538,46.8,4,49.9,0,1,7200,2,0.00,0xEE,0,0
1862,2.4,15.0,12.6,4100,1,0.0,6609,46.4,6,49.9,0,1,7200,2,0.00,0xEE,0,0
1878,2.5,15.0,12.5,4100,1,0.0,6616,46.7,8,49.9,0,1,7200,2,0.00,0xEE,0,0
1894,2.5,15.0,12.5,4100,1,0.0,6558,47.0,9,49.9,0,1,7200,2,0.00,0xEE,0,0
1925,2.6,15.0,12.4,4100,1,0.0,6564,46.7,9,49.9,0,1,7200,2,0.00,0xEE,0,0
1940,2.6,15.0,12.4,4100,1,0.0,6570,46.7,9,49.9,0,1,7200,2,0.00,0xEE,0,0
1955,2.6,15.0,12.4,4100,1,0.0,6640,46.6,9,49.9,0,1,7200,2,0.00,0xEE,0,0
1985,2.6,15.0,12.4,4100,1,0.0,6645,46.7,9,49.9,0,1,7200,2,0.00,0xEE,0,0
2001,2.6,15.0,12.4,4100,1,0.0,6587,47.4,1,49.9,0,1,7200,2,0.00,0xEE,0,0
2016,2.6,15.0,12.4,4100,1,0.0,6591,46.6,3,49.9,0,1,7200,2,0.00,0xEE,0,0
2050,2.5,15.0,12.5,4100,1,0.0,6596,46.9,5,49.9,0,1,7200,2,0.00,0xEE,0,0
2064,2.5,15.0,12.5,4100,1,0.0,6666,47.2,7,49.9,0,1,7200,2,0.00,0xEE,0,0
2078,2.3,15.0,12.7,4100,1,0.0,6671,47.0,9,49.9,0,1,7200,2,0.00,0xEE,0,0
2110,2.3,15.0,12.7,4100,1,0.0,6612,46.7,9,49.9,0,1,7200,2,0.00,0xEE,0,0
2125,2.3,15.0,12.7,4100,1,0.0,6616,47.0,9,49.9,0,1,7200,2,0.00,0xEE,0,0
2140,2.4,15.0,12.6,4100,1,0.0,6685,46.7,9,49.9,0,1,7200,2,0.00,0xEE,0,0
2156,2.4,15.0,12.6,4100,1,0.0,6690,47.2,9,49.9,0,1,7200,2,0.00,0xEE,0,0
2187,2.5,15.0,12.5,4100,1,0.0,6691,46.6,0,49.9,0,1,7200,2,0.00,0xEE,0,0
2203,2.6,15.0,12.4,4100,1,0.0,6634,47.4,2,49.9,0,1,7200,2,0.00,0xEE,0,0
2281,2.6,15.0,12.4,4100,1,0.0,6650,46.3,64,49.9,0,1,7200,2,0.00,0xEE,0,0
2297,2.6,15.0,12.4,4100,1,0.0,6653,46.8,9,49.9,0,1,7200,2,0.00,0xEE,0,0
2328,2.5,15.0,12.5,4100,1,0.0,6721,46.9,9,49.9,0,1,7200,2,0.00,0xEE,0,0
2343,2.4,15.0,12.6,4100,1,0.0,6726,47.0,9,49.9,0,1,7200,2,0.00,0xEE,0,0
2359,2.4,15.0,12.6,4100,1,0.0,6665,46.4,9,49.9,0,1,7200,2,0.00,0xEE,0,0
2375,2.7,15.0,12.3,4100,1,0.0,6666,46.7,1,49.9,0,1,7200,2,0.00,0xEE,0,0
2406,2.8,15.0,12.2,4100,1,0.0,6669,46.9,3,49.9,0,1,7200,2,0.00,0xEE,0,0
2422,2.6,15.0,12.4,4100,1,0.0,6738,46.8,5,49.0,0,1,7200,2,0.00,0xEE,0,0
2437,2.5,15.0,12.5,4100,1,0.0,6741,46.9,7,49.0,0,1,7200,2,0.00,0xEE,0,0
2468,2.4,15.0,12.6,4100,1,0.0,6680,47.0,9,49.0,0,1,7200,2,0.00,0xEE,0,0
2484,2.4,15.0,12.6,4100,1,0.0,6683,46.4,9,49.0,0,1,7200,2,0.00,0xEE,0,0
2499,2.4,15.0,12.6,4100,1,0.0,6752,46.8,9,49.0,0,1,7200,2,0.00,0xEE,0,0
2514,2.5,15.0,12.5,4100,1,0.0,6755,46.6,9,49.0,0,1,7200,2,0.00,0xEE,0,0
2546,2.5,15.0,12.5,4100,1,0.0,6693,46.8,9,49.0,0,1,7200,2,0.00,0xEE,0,0
2561,2.5,15.0,12.5,4100,1,0.0,6696,47.0,0,49.0,0,1,7200,2,0.00,0xEE,0,0
2576,2.5,15.0,12.5,4100,1,0.0,6764,46.9,2,49.0,0,1,7200,2,0.00,0xEE,0,0
2607,2.4,15.0,12.6,4100,1,0.0,6767,46.7,4,49.0,0,1,7200,2,0.00,0xEE,0,0
2623,2.4,15.0,12.6,4100,1,0.0,6705,47.4,6,49.0,0,1,7200,2,0.00,0xEE,0,0
2637,2.4,15.0,12.6,4100,1,0.0,6706,46.8,8,49.0,0,1,7200,2,0.00,0xEE,0,0
2669,2.4,15.0,12.6,4100,1,0.0,6775,46.5,9,49.0,0,1,7200,2,0.00,0xEE,0,0
2684,2.5,15.0,12.5,4100,1,0.0,6775,47.3,9,49.0,0,1,7200,2,0.00,0xEE,0,0
2699,2.5,15.0,12.5,4100,1,0.0,6714,46.6,9,49.0,0,1,7200,2,0.00,0xEE,0,0
2775,2.6,15.0,12.4,4100,1,0.0,6721,46.5,61,49.0,0,1,7200,2,0.00,0xEE,0,0
2791,2.7,15.0,12.3,4100,1,0.0,6723,46.7,8,49.0,0,1,7200,2,0.00,0xEE,0,0
2807,2.6,15.0,12.4,4100,1,0.0,6790,47.1,9,49.0,0,1,7200,2,0.00,0xEE,0,0
2838,2.4,15.0,12.6,4100,1,0.0,6791,46.3,1,49.0,0,1,7200,2,0.00,0xEE,0,0
2853,2.4,15.0,12.6,4100,1,0.0,6729,46.5,2,49.0,0,1,7200,2,0.00,0xEE,0,0
2868,2.6,15.0,12.4,4100,1,0.0,6729,46.8,4,49.0,0,1,7200,2,0.00,0xEE,0,0
2900,2.8,15.0,12.2,4100,1,0.0,6798,46.1,6,49.0,0,1,7200,2,0.00,0xEE,0,0
2916,2.7,15.0,12.3,4100,1,0.0,6801,46.8,8,49.0,0,1,7200,2,0.00,0xEE,0,0
2931,2.6,15.0,12.4,4100,1,0.0,6735,46.7,9,49.0,0,1,7200,2,0.00,0xEE,0,0
2946,2.5,15.0,12.5,4100,1,0.0,6802,46.1,9,49.0,0,1,7200,2,0.00,0xEE,0,0
2978,2.8,15.0,12.2,4100,1,0.0,6804,46.0,9,49.0,0,1,7200,2,0.00,0xEE,0,0
2994,3.0,15.0,12.0,4100,1,0.0,6741,46.1,9,49.0,0,1,7200,2,0.00,0xEE,0,0
3009,3.2,15.0,11.8,4100,1,0.0,6743,46.4,9,49.0,0,1,7200,2,0.00,0xEE,0,0
3039,3.0,15.0,12.0,4100,1,0.0,6808,45.6,1,49.0,0,1,7200,2,0.00,0xEE,0,0
3055,3.0,15.0,12.0,4100,1,0.0,6811,45.9,3,49.0,0,1,7200,2,0.00,0xEE,0,0
3071,3.3,15.0,11.7,4100,1,0.0,6746,45.8,5,49.0,0,1,7200,2,0.00,0xEE,0,0
3086,3.5,15.0,11.5,4100,1,0.0,6749,45.7,7,49.0,0,1,7200,2,0.00,0xEE,0,0
3118,3.5,15.0,11.5,4100,1,0.0,6815,45.5,9,49.0,0,1,7200,2,0.00,0xEE,0,0
3132,3.6,15.0,11.4,4100,1,0.0,6816,45.9,9,49.0,0,1,7200,2,0.00,0xEE,0,0
3148,3.5,15.0,11.5,4100,1,0.0,6752,46.2,9,49.0,0,1,7200,2,0.00,0xEE,0,0
3179,3.5,15.0,11.5,4100,1,0.0,6753,45.7,9,49.0,0,1,7200,2,0.00,0xEE,0,0
3195,3.4,15.0,11.6,4100,1,0.0,6821,45.9,9,49.0,0,1,7200,2,0.00,0xEE,0,0
3210,3.4,15.0,11.6,4100,1,0.0,6821,45.6,0,49.0,0,1,7200,2,0.00,0xEE,0,0
3289,3.4,15.0,11.6,4100,1,0.0,6824,45.6,70,49.0,0,1,7200,2,0.00,0xEE,0,0
3303,3.4,15.0,11.6,4100,1,0.0,6759,46.2,0,49.0,0,1,7200,2,0.00,0xEE,0,0
3319,3.4,15.0,11.6,4100,1,0.0,6759,45.5,2,49.0,0,1,7200,2,0.00,0xEE,0,0
3349,3.5,15.0,11.5,4100,1,0.0,6827,45.2,4,49.0,0,1,7200,2,0.00,0xEE,0,0
3365,3.7,15.0,11.3,4100,1,0.0,6827,45.3,5,49.0,0,1,7200,2,0.00,0xEE,0,0
3380,3.9,15.0,11.1,4100,1,0.0,6761,45.3,7,49.0,0,1,7200,2,0.00,0xEE,0,0
3410,4.0,15.0,11.0,4100,1,0.0,6762,45.7,9,49.0,0,1,7200,2,0.00,0xEE,0,0
3426,4.0,15.0,11.0,4100,1,0.0,6829,45.3,9,49.9,0,1,7200,2,0.00,0xEE,0,0
3441,3.9,15.0,11.1,4100,1,0.0,6829,45.5,9,49.9,0,1,7200,2,0.00,0xEE,0,0
3457,3.9,15.0,11.1,4100,1,0.0,6765,45.1,9,49.9,0,1,7200,2,0.00,0xEE,0,0
3489,4.0,15.0,11.0,4100,1,0.0,6765,45.0,9,49.9,0,1,7200,2,0.00,0xEE,0,0
3505,4.4,15.0,10.6,4100,1,0.0,6833,44.6,1,49.9,0,1,7200,2,0.00,0xEE,0,0
3521,4.6,15.0,10.4,4100,1,0.0,6833,44.8,3,49.9,0,1,7200,2,0.00,0xEE,0,0
3536,4.7,15.0,10.3,4100,1,0.0,6770,44.3,4,49.9,0,1,7200,2,0.00,0xEE,0,0
3566,4.7,15.0,10.3,4100,1,0.0,6836,44.6,6,49.9,0,1,7200,2,0.00,0xEE,0,0
3581,4.8,15.0,10.2,4100,1,0.0,6836,44.2,8,49.9,0,1,7200,2,0.00,0xEE,0,0
3597,4.8,15.0,10.2,4100,1,0.0,6773,44.7,9,49.9,0,1,7200,2,0.00,0xEE,0,0
3628,4.9,15.0,10.1,4100,1,0.0,6772,44.3,9,49.9,0,1,7200,2,0.00,0xEE,0,0
3644,4.9,15.0,10.1,4100,1,0.0,6838,43.5,9,49.9,0,1,7200,2,0.00,0xEE,0,0
3660,5.0,15.0,10.0,4100,1,0.0,6838,44.8,9,49.9,0,1,7200,2,0.00,0xEE,0,0
3692,5.3,15.0,9.7,4100,1,0.0,6773,43.2,0,49.9,0,1,7200,2,0.00,0xEE,0,0
3707,5.5,15.0,9.5,4100,1,0.0,6773,43.8,2,49.9,0,1,7200,2,0.00,0xEE,0,0
3785,5.7,15.0,9.3,4100,1,0.0,6773,43.4,64,49.9,0,1,7200,2,0.00,0xEE,0,0
3801,5.8,15.0,9.2,4100,1,0.0,6839,43.3,9,49.9,0,1,7200,2,0.00,0xEE,0,0
3817,6.0,15.0,9.0,4100,1,0.0,6773,42.6,9,49.9,0,1,7200,2,0.00,0xEE,0,0
3848,6.0,15.0,9.0,4100,1,0.0,6775,43.4,9,49.9,0,1,7200,2,0.00,0xEE,0,0
3863,6.1,15.0,8.9,4100,1,0.0,6839,43.1,9,49.9,0,1,7200,2,0.00,0xEE,0,0
3879,6.6,15.0,8.4,4100,1,0.0,6841,42.2,1,49.9,0,1,7200,2,0.00,0xEE,0,0
3910,6.9,15.0,8.1,4100,1,0.0,6775,41.9,3,49.9,0,1,7200,2,0.00,0xEE,0,0
3941,7.3,15.0,7.7,4100,1,0.0,6775,41.9,5,49.9,0,1,7200,2,0.00,0xEE,0,0
3941,7.4,15.0,7.6,4100,1,0.0,6844,41.3,7,49.9,0,1,7200,2,0.00,0xEE,0,0
3957,7.5,15.0,7.5,4100,1,0.0,6843,41.9,9,49.9,0,1,7200,2,0.00,0xEE,0,0
3988,7.6,15.0,7.4,4100,1,0.0,6778,41.7,9,49.9,0,1,7200,2,0.00,0xEE,0,0
4004,7.7,15.0,7.3,4100,1,0.0,6779,41.5,9,49.9,0,1,7200,2,0.00,0xEE,0,0
4020,7.7,15.0,7.3,4100,1,0.0,6843,41.7,9,49.9,0,1,7200,2,0.00,0xEE,0,0
4036,7.8,15.0,7.2,4100,1,0.0,6844,41.0,9,49.9,0,1,7200,2,0.00,0xEE,0,0
4082,8.1,15.0,6.9,4100,1,0.0,6778,40.8,0,49.9,0,1,7200,2,0.00,0xEE,0,0
4082,8.3,15.0,6.7,4100,1,0.0,6843,40.8,2,49.9,0,1,7200,2,0.00,0xEE,0,0
4098,8.6,15.0,6.4,4100,1,0.0,6844,40.0,4,49.9,0,1,7200,2,0.00,0xEE,0,0
4129,8.9,15.0,6.1,4100,1,0.0,6779,40.1,6,49.9,0,1,7200,2,0.00,0xEE,0,0
4143,9.1,15.0,5.9,4100,1,0.0,6778,40.3,8,49.9,0,1,7200,2,0.00,0xEE,0,0
4159,9.4,15.0,5.6,4100,1,0.0,6844,39.6,9,49.9,0,1,7200,2,0.00,0xEE,0,0
4189,9.4,15.0,5.6,4100,1,0.0,6844,40.0,9,49.9,0,1,7200,2,0.00,0xEE,0,0
4205,9.5,15.0,5.5,4100,1,0.0,6778,40.0,9,49.9,0,1,7200,2,0.00,0xEE,0,0
4281,9.5,15.0,5.5,4100,1,0.0,6776,40.0,69,49.9,0,1,7200,2,0.00,0xEE,0,0
4297,9.8,15.0,5.2,4100,1,0.0,6776,38.9,5,49.9,0,1,7200,2,0.00,0xEE,0,0
4327,10.2,15.0,4.8,3980,1,0.9,6839,38.7,7,49.9,0,1,6579,2,0.00,0xEE,0,0
4343,10.6,15.0,4.4,3837,1,2.8,6773,38.4,9,49.9,0,1,6541,2,0.00,0xEE,0,0
4359,10.9,15.0,4.1,3817,1,4.7,6767,37.7,9,49.9,0,1,6504,2,0.00,0xEE,0,0
4390,11.3,15.0,3.7,3800,1,7.0,6821,37.5,9,49.9,0,1,6458,2,0.00,0xEE,0,0
4405,11.6,15.0,3.4,3800,1,9.4,6813,38.0,9,49.9,0,1,6412,2,0.00,0xEE,0,0
4421,11.9,15.0,3.1,3800,1,11.6,6732,37.5,9,49.0,0,1,6369,2,0.00,0xEE,0,0
4436,12.2,15.0,2.8,3800,0,13.9,6723,37.2,0,49.0,0,1,6327,2,0.00,0xEE,0,0
4468,12.4,15.0,2.6,3800,0,14.5,6776,36.5,2,49.0,0,1,6314,2,0.00,0xEE,0,0
4483,12.8,15.0,2.2,3800,0,15.1,6764,36.4,4,49.0,0,1,6300,2,0.00,0xEE,0,0
4498,13.0,15.0,2.0,3800,0,15.4,6687,36.7,6,49.0,0,1,6291,2,0.00,0xEE,0,0
4529,13.1,15.0,1.9,3800,0,15.3,6677,35.9,8,49.0,0,1,6293,2,0.00,0xEE,0,0
4544,13.3,15.0,1.7,3800,0,14.9,6727,35.3,9,49.0,0,1,6298,2,0.00,0xEE,0,0
4560,13.7,15.0,1.3,3800,0,14.6,6717,35.6,9,49.0,0,1,6300,2,0.00,0xEE,0,0
4576,14.0,15.0,1.0,3800,0,14.6,6708,35.3,9,49.0,0,1,6296,2,0.00,0xEE,0,0
4607,14.2,15.0,0.8,3800,0,14.4,6629,35.0,9,49.0,0,1,6298,2,0.00,0xEE,0,0
4622,14.4,15.0,0.6,3800,0,14.1,6619,34.9,9,49.0,0,1,6303,2,0.00,0xEE,0,0
4637,14.9,15.0,0.1,3800,0,12.9,6674,34.4,1,49.0,0,1,6320,2,0.00,0xEE,0,0
4669,15.0,15.0,-0.0,3800,0,12.3,6663,34.9,3,49.0,0,1,6330,2,0.00,0xEE,0,0
4685,15.2,15.0,-0.2,3800,0,11.6,6589,33.7,5,49.0,0,1,6341,2,0.00,0xEE,0,0
4700,15.4,15.0,-0.4,3800,0,11.0,6580,33.9,7,49.0,0,1,6350,2,0.00,0xEE,0,0
4793,15.7,15.0,-0.7,3800,0,10.6,6600,33.4,82,49.0,0,1,6354,2,0.00,0xEE,0,0
4809,16.0,15.0,-1.0,3800,0,10.2,6594,32.9,8,49.0,0,1,6361,2,0.00,0xEE,0,0
4839,16.3,15.0,-1.3,3800,0,8.8,6586,33.2,9,49.0,0,1,6384,2,0.00,0xEE,0,0
4855,16.5,15.0,-1.5,3800,0,7.9,6513,32.7,9,49.0,0,1,6398,2,0.00,0xEE,0,0
4870,16.8,15.0,-1.8,3805,0,7.4,6507,32.6,9,49.0,0,1,6405,2,0.00,0xEE,0,0
4901,17.1,15.0,-2.1,3809,0,6.6,6499,32.2,1,49.0,0,1,6416,2,0.00,0xEE,0,0
4917,17.0,15.0,-2.0,3824,0,5.8,6554,33.2,3,49.0,0,1,6434,2,0.00,0xEE,0,0
4932,17.1,15.0,-2.1,3830,0,5.0,6548,32.4,5,49.0,0,1,6447,2,0.00,0xEE,0,0
4963,17.1,15.0,-2.1,3838,0,4.3,6543,32.3,7,49.0,0,1,6459,2,0.00,0xEE,0,0
4979,17.3,15.0,-2.3,3839,0,4.1,6473,32.7,9,49.0,0,1,6461,2,0.00,0xEE,0,0
4995,17.4,15.0,-2.4,3846,0,3.8,6468,32.3,9,49.0,0,1,6467,2,0.00,0xEE,0,0
5010,17.3,15.0,-2.3,3855,0,3.1,6465,33.0,9,49.0,0,1,6482,2,0.00,0xEE,0,0
5041,17.3,15.0,-2.3,3866,0,2.4,6523,32.4,9,49.0,0,1,6495,2,0.00,0xEE,0,0
5056,17.2,15.0,-2.2,3872,0,1.6,6520,32.2,9,49.0,0,1,6510,2,0.00,0xEE,0,0
5072,17.4,15.0,-2.4,3877,0,0.8,6517,32.3,0,49.0,0,1,6524,2,0.00,0xEE,0,0
5103,17.3,15.0,-2.3,3887,0,0.5,6451,32.7,2,49.0,0,1,6532,2,0.00,0xEE,0,0
5119,17.2,15.0,-2.2,3897,0,-0.1,6451,33.0,4,49.0,0,1,6545,2,0.00,0xEE,0,0
5134,17.1,15.0,-2.1,3908,0,-0.9,6448,32.6,6,49.0,0,1,6562,2,0.00,0xEE,0,0
5149,17.0,15.0,-2.0,3918,0,-1.7,6510,32.7,8,49.0,0,1,6577,2,0.00,0xEE,0,0
5180,17.1,15.0,-2.1,3924,0,-2.2,6509,32.4,9,49.0,0,1,6586,2,0.00,0xEE,0,0
5195,17.2,15.0,-2.2,3923,0,-2.2,6510,32.4,9,49.0,0,1,6585,2,0.00,0xEE,0,0
5211,17.3,15.0,-2.3,3920,0,-1.8,6448,33.2,9,49.0,0,1,6578,2,0.00,0xEE,0,0
5305,17.3,15.0,-2.3,3918,0,-1.2,6450,32.4,74,49.0,0,1,6568,2,0.00,0xEE,0,0
5321,17.2,15.0,-2.2,3923,0,-1.2,6450,32.9,9,49.0,0,1,6572,2,0.00,0xEE,0,0
5336,17.0,15.0,-2.0,3925,0,-1.3,6513,33.1,9,49.0,0,1,6577,2,0.00,0xEE,0,0
5367,16.8,15.0,-1.8,3934,0,-1.8,6514,32.9,9,49.0,0,1,6589,2,0.00,0xEE,0,0
5383,16.8,15.0,-1.8,3939,0,-2.3,6514,33.1,9,49.0,0,1,6599,2,0.00,0xEE,0,0
5399,16.5,15.0,-1.5,3945,0,-3.4,6454,33.5,0,49.0,0,1,6624,2,0.00,0xEE,0,0
5415,16.3,15.0,-1.3,3968,0,-4.2,6455,33.7,2,47.0,0,1,6640,2,0.00,0xEE,0,0
5445,16.2,15.0,-1.2,3980,0,-4.9,6457,33.5,3,47.0,0,1,6656,2,0.00,0xEE,0,0
5461,16.1,15.0,-1.1,3988,0,-5.4,6523,34.2,5,47.0,0,1,6667,2,0.00,0xEE,0,0
5476,15.9,15.0,-0.9,3997,0,-6.2,6524,34.3,7,47.0,0,1,6684,2,0.00,0xEE,0,0
5508,15.6,15.0,-0.6,4009,0,-7.2,6527,34.8,9,47.0,0,1,6705,2,0.00,0xEE,0,0
5524,15.2,15.0,-0.2,4028,0,-8.5,6533,34.8,9,47.0,0,1,6735,2,0.00,0xEE,0,0
5539,15.0,15.0,-0.0,4047,0,-9.7,6473,34.8,9,47.0,0,1,6760,2,0.00,0xEE,0,0
5555,14.9,15.0,0.1,4061,0,-10.6,6479,35.0,9,47.0,0,1,6779,2,0.00,0xEE,0,0
5585,14.8,15.0,0.2,4068,0,-11.0,6550,35.1,9,47.0,0,1,6787,2,0.00,0xEE,0,0
5601,14.4,15.0,0.6,4068,0,-11.1,6555,35.8,1,47.0,0,1,6795,2,0.00,0xEE,0,0
5617,14.2,15.0,0.8,4074,0,-11.2,6561,35.2,3,47.0,0,1,6799,2,0.00,0xEE,0,0
5649,14.0,15.0,1.0,4081,0,-11.3,6507,36.0,4,47.0,0,1,6805,2,0.00,0xEE,0,0
5666,13.8,15.0,1.2,4081,0,-11.1,6513,36.4,6,47.0,0,1,6805,2,0.00,0xEE,0,0
5681,13.7,15.0,1.3,4084,0,-10.9,6518,36.1,8,47.0,0,1,6803,2,0.00,0xEE,0,0
5697,13.4,15.0,1.6,4083,0,-10.7,6591,36.7,9,47.0,0,1,6803,2,0.00,0xEE,0,0
5728,13.2,15.0,1.8,4082,0,-10.5,6597,36.6,9,47.0,0,1,6802,2,0.00,0xEE,0,0
5805,13.0,15.0,2.0,4086,0,-10.3,6561,36.9,74,47.0,0,1,6803,2,0.00,0xEE,0,0
5821,12.9,15.0,2.1,4088,0,-9.9,6568,37.6,9,47.0,0,1,6800,2,0.00,0xEE,0,0
5851,12.6,15.0,2.4,4078,0,-8.6,6638,37.4,9,47.0,0,1,6780,2,0.00,0xEE,0,0
5866,12.3,15.0,2.7,4072,0,-7.9,6643,37.9,9,47.0,0,1,6772,2,0.00,0xEE,0,0
5881,12.0,15.0,3.0,4072,1,-7.7,6647,37.8,9,47.0,0,1,6773,2,0.00,0xEE,0,0
5913,11.8,15.0,3.2,4070,1,-7.5,6590,37.7,9,47.0,0,1,6772,2,0.00,0xEE,0,0
5928,11.7,15.0,3.3,4070,1,-6.6,6594,38.4,0,47.0,0,1,6757,2,0.00,0xEE,0,0
5943,11.5,15.0,3.5,4064,1,-6.3,6663,38.8,2,47.0,0,1,6755,2,0.00,0xEE,0,0
5974,11.3,15.0,3.7,4066,1,-6.3,6668,38.3,4,47.0,0,1,6758,2,0.00,0xEE,0,0
5989,11.1,15.0,3.9,4070,1,-6.6,6672,38.6,6,47.0,0,1,6766,2,0.00,0xEE,0,0
6004,11.0,15.0,4.0,4073,1,-6.7,6612,38.6,8,47.0,0,1,6768,2,0.00,0xEE,0,0
6020,10.9,15.0,4.1,4074,1,-6.6,6615,38.9,9,47.0,0,1,6767,2,0.00,0xEE,0,0
6051,10.9,15.0,4.1,4073,1,-6.3,6685,38.8,9,47.0,0,1,6763,2,0.00,0xEE,0,0
6067,10.8,15.0,4.2,4070,1,-6.1,6688,39.0,9,47.0,0,1,6760,2,0.00,0xEE,0,0
6082,10.6,15.0,4.4,4068,1,-5.9,6628,39.5,9,47.0,0,1,6759,2,0.00,0xEE,0,0
6113,10.4,15.0,4.6,4072,1,-6.0,6632,39.4,9,47.0,0,1,6763,2,0.00,0xEE,0,0
6129,10.1,15.0,4.9,4077,1,-6.4,6634,39.8,1,47.0,0,1,6774,2,0.00,0xEE,0,0
6145,10.2,15.0,4.8,4072,1,-5.9,6702,39.0,3,47.0,0,1,6763,2,0.00,0xEE,0,0
6177,10.3,15.0,4.7,4061,1,-5.0,6708,39.2,5,47.0,0,1,6746,2,0.00,0xEE,0,0
6208,10.4,15.0,4.6,4050,1,-3.9,6647,40.3,7,47.0,0,1,6725,2,0.00,0xEE,0,0
6208,10.1,15.0,4.9,4048,1,-3.4,6648,39.7,9,47.0,0,1,6719,2,0.00,0xEE,0,0
6239,9.9,15.0,5.1,4050,1,-3.4,6717,39.8,9,47.0,0,1,6721,2,0.00,0xEE,0,0
6316,9.8,15.0,5.2,4051,1,-3.6,6660,39.5,73,47.0,0,1,6727,2,0.00,0xEE,0,0
6332,9.6,15.0,5.4,4048,1,-3.2,6662,40.6,6,47.0,0,1,6723,2,0.00,0xEE,0,0
6349,9.4,15.0,5.6,4051,1,-3.3,6663,40.1,8,47.0,0,1,6727,2,0.00,0xEE,0,0
6379,9.3,15.0,5.7,4052,1,-3.5,6729,40.0,9,47.0,0,1,6731,2,0.00,0xEE,0,0
6394,9.3,15.0,5.7,4049,1,-3.4,6730,40.8,9,47.0,0,1,6728,2,0.00,0xEE,0,0
6410,9.4,15.0,5.6,4044,1,-3.0,6668,40.1,9,47.0,0,1,6721,2,0.00,0xEE,0,0
6426,9.3,15.0,5.7,4047,1,-2.8,6668,40.4,9,48.7,0,1,6719,2,0.00,0xEE,0,0
6456,9.1,15.0,5.9,4046,1,-2.7,6735,40.4,0,48.7,0,1,6720,2,0.00,0xEE,0,0
6472,9.1,15.0,5.9,4047,1,-2.6,6737,41.1,2,48.7,0,1,6718,2,0.00,0xEE,0,0
6487,9.0,15.0,6.0,4044,1,-2.6,6672,40.5,3,48.7,0,1,6718,2,0.00,0xEE,0,0
6518,9.0,15.0,6.0,4045,1,-2.5,6674,40.1,5,48.7,0,1,6716,2,0.00,0xEE,0,0
6534,9.0,15.0,6.0,4043,1,-2.3,6738,40.4,7,48.7,0,1,6713,2,0.00,0xEE,0,0
6549,9.1,15.0,5.9,4033,1,-1.7,6741,40.0,9,48.7,0,1,6700,2,0.00,0xEE,0,0
6565,9.3,15.0,5.7,4021,1,-0.8,6677,40.1,9,48.7,0,1,6682,2,0.00,0xEE,0,0
6597,9.4,15.0,5.6,4010,1,0.3,6677,40.2,9,48.7,0,1,6662,2,0.00,0xEE,0,0
6613,9.3,15.0,5.7,4005,1,1.0,6741,40.6,9,48.7,0,1,6650,2,0.00,0xEE,0,0
6628,9.3,15.0,5.7,3998,1,1.4,6741,40.1,9,48.7,0,1,6642,2,0.00,0xEE,0,0
6644,9.1,15.0,5.9,3996,1,1.2,6740,40.4,1,48.7,0,1,6648,2,0.00,0xEE,0,0
6676,9.1,15.0,5.9,4005,1,0.8,6675,39.5,3,48.7,0,1,6656,2,0.00,0xEE,0,0
6691,9.1,15.0,5.9,4008,1,0.5,6674,40.3,4,48.7,0,1,6661,2,0.00,0xEE,0,0
6706,9.3,15.0,5.7,4001,1,0.9,6738,39.7,6,48.7,0,1,6651,2,0.00,0xEE,0,0
6737,9.5,15.0,5.5,3993,1,1.4,6737,40.1,8,48.7,0,1,6641,2,0.00,0xEE,0,0
6814,9.5,15.0,5.5,3990,1,1.9,6665,40.2,73,48.7,0,1,6632,2,0.00,0xEE,0,0
6830,9.4,15.0,5.6,3994,1,1.5,6727,39.7,4,48.7,0,1,6639,2,0.00,0xEE,0,0
6862,9.6,15.0,5.4,3991,1,1.6,6726,39.7,6,48.7,0,1,6637,2,0.00,0xEE,0,0
6877,9.7,15.0,5.3,3984,1,1.9,6724,39.5,7,48.7,0,1,6630,2,0.00,0xEE,0,0
6893,9.9,15.0,5.1,3978,1,2.4,6657,39.1,9,48.7,0,1,6617,2,0.00,0xEE,0,0
6908,9.9,15.0,5.1,3973,1,3.0,6657,39.7,9,48.7,0,1,6607,2,0.00,0xEE,0,0
6939,9.9,15.0,5.1,3968,1,3.2,6720,40.0,9,48.7,0,1,6602,2,0.00,0xEE,0,0
6955,9.8,15.0,5.2,3970,1,2.9,6717,39.9,9,48.7,0,1,6609,2,0.00,0xEE,0,0
6971,9.7,15.0,5.3,3978,1,2.2,6651,39.9,9,48.7,0,1,6624,2,0.00,0xEE,0,0
7002,9.6,15.0,5.4,3989,1,0.7,6648,39.7,1,48.7,0,1,6652,2,0.00,0xEE,0,0
7018,9.7,15.0,5.3,4001,1,0.3,6711,39.5,3,48.7,0,1,6658,2,0.00,0xEE,0,0
7033,9.8,15.0,5.2,3999,1,0.3,6711,39.4,5,48.7,0,1,6657,2,0.00,0xEE,0,0
7048,9.9,15.0,5.1,3995,1,0.5,6645,39.8,7,48.7,0,1,6651,2,0.00,0xEE,0,0
7079,10.0,15.0,5.0,3994,1,0.8,6645,39.6,8,48.7,0,1,6646,2,0.00,0xEE,0,0
7095,9.9,15.0,5.1,3994,1,0.9,6644,39.4,9,48.7,0,1,6644,2,0.00,0xEE,0,0
7110,10.0,15.0,5.0,3991,1,1.0,6708,39.2,9,48.7,0,1,6642,2,0.00,0xEE,0,0
7142,10.1,15.0,4.9,3984,1,1.4,6708,38.9,9,48.7,0,1,6634,2,0.00,0xEE,0,0
7157,10.2,15.0,4.8,3978,1,2.0,6641,39.6,9,48.7,0,1,6621,2,0.00,0xEE,0,0
7173,10.0,15.0,5.0,3978,1,1.9,6641,39.5,0,48.7,0,1,6626,2,0.00,0xEE,0,0
7188,9.9,15.0,5.1,3992,1,1.1,6705,39.8,2,48.7,0,1,6641,2,0.00,0xEE,0,0
7220,9.9,15.0,5.1,3996,1,0.5,6703,39.3,4,48.7,0,1,6651,2,0.00,0xEE,0,0
7235,10.0,15.0,5.0,3997,1,0.2,6640,39.4,6,48.7,0,1,6656,2,0.00,0xEE,0,0
7313,10.0,15.0,5.0,4000,1,0.2,6635,39.4,90,48.7,0,1,6656,2,0.00,0xEE,0,0
7345,10.2,15.0,4.8,4000,1,0.5,6700,39.0,1,48.7,0,1,6648,2,0.00,0xEE,0,0
7361,10.3,15.0,4.7,3988,1,1.0,6699,39.1,3,48.7,0,1,6639,2,0.00,0xEE,0,0
7376,10.4,15.0,4.6,3980,1,1.5,6634,38.8,5,48.7,0,1,6627,2,0.00,0xEE,0,0
7392,10.5,15.0,4.5,3976,1,2.0,6634,39.1,7,48.7,0,1,6618,2,0.00,0xEE,0,0
7423,10.5,15.0,4.5,3974,1,2.3,6697,39.2,9,48.7,0,1,6613,2,0.00,0xEE,0,0
7438,10.4,15.0,4.6,3972,1,2.3,6696,38.4,9,48.6,0,1,6613,2,0.00,0xEE,0,0
7453,10.4,15.0,4.6,3972,1,2.1,6696,39.4,9,48.6,0,1,6617,2,0.00,0xEE,0,0
7486,10.3,15.0,4.7,3980,1,1.6,6629,39.4,9,48.6,0,1,6627,2,0.00,0xEE,0,0
7501,10.2,15.0,4.8,3990,1,0.9,6628,39.3,9,48.6,0,1,6642,2,0.00,0xEE,0,0
7517,10.2,15.0,4.8,3999,1,-0.2,6691,38.9,1,48.6,0,1,6660,2,0.00,0xEE,0,0
7533,10.4,15.0,4.6,3997,1,-0.0,6690,38.7,3,48.6,0,1,6655,2,0.00,0xEE,0,0
7564,10.6,15.0,4.4,3990,1,0.5,6626,39.1,5,48.6,0,1,6645,2,0.00,0xEE,0,0
7579,10.6,15.0,4.4,3987,1,0.8,6626,39.3,6,48.6,0,1,6638,2,0.00,0xEE,0,0
7595,10.4,15.0,4.6,3990,1,0.7,6690,39.7,8,48.6,0,1,6641,2,0.00,0xEE,0,0
7611,10.2,15.0,4.8,3995,1,0.2,6688,39.4,9,48.6,0,1,6653,2,0.00,0xEE,0,0
7642,10.1,15.0,4.9,4003,1,-0.5,6688,38.8,9,48.6,0,1,6667,2,0.00,0xEE,0,0
7658,10.3,15.0,4.7,4004,1,-0.6,6623,38.8,9,48.6,0,1,6667,2,0.00,0xEE,0,0
7673,10.5,15.0,4.5,3997,1,-0.1,6623,38.7,9,48.6,0,1,6656,2,0.00,0xEE,0,0
7703,10.7,15.0,4.3,3987,1,1.3,6687,39.2,0,48.6,0,1,6627,2,0.00,0xEE,0,0
7720,10.7,15.0,4.3,3976,1,1.7,6687,38.8,2,48.6,0,1,6622,2,0.00,0xEE,0,0
7734,10.6,15.0,4.4,3974,1,1.7,6622,38.9,4,48.6,0,1,6621,2,0.00,0xEE,0,0
7827,10.6,15.0,4.4,3974,1,1.7,6619,38.9,88,48.6,0,1,6621,2,0.00,0xEE,0,0
7842,10.6,15.0,4.4,3977,1,1.7,6683,38.9,9,48.6,0,1,6622,2,0.00,0xEE,0,0
7858,10.7,15.0,4.3,3979,1,1.0,6681,38.7,1,48.6,0,1,6633,2,0.00,0xEE,0,0
7889,10.7,15.0,4.3,3982,1,0.8,6680,39.1,3,48.6,0,1,6636,2,0.00,0xEE,0,0
7904,10.7,15.0,4.3,3987,1,0.6,6615,39.0,5,48.6,0,1,6642,2,0.00,0xEE,0,0
7920,10.6,15.0,4.4,3994,1,0.1,6615,38.8,7,48.6,0,1,6650,2,0.00,0xEE,0,0
7950,10.5,15.0,4.5,4001,1,-0.4,6678,39.1,9,48.6,0,1,6660,2,0.00,0xEE,0,0
7966,10.6,15.0,4.4,4002,1,-0.6,6680,38.8,9,48.6,0,1,6663,2,0.00,0xEE,0,0
7981,10.6,15.0,4.4,4003,1,-0.8,6615,39.2,9,48.6,0,1,6668,2,0.00,0xEE,0,0
7997,10.6,15.0,4.4,4004,1,-0.8,6615,38.7,9,48.6,0,1,6667,2,0.00,0xEE,0,0
8028,10.5,15.0,4.5,4008,1,-1.0,6616,39.1,9,48.6,0,1,6671,2,0.00,0xEE,0,0
8044,10.6,15.0,4.4,4003,1,-0.6,6681,38.9,0,48.6,0,1,6663,2,0.00,0xEE,0,0
8060,10.8,15.0,4.2,3994,1,-0.1,6683,38.7,2,48.6,0,1,6653,2,0.00,0xEE,0,0
8076,10.7,15.0,4.3,3991,1,0.1,6619,39.3,4,48.6,0,1,6650,2,0.00,0xEE,0,0
8108,10.7,15.0,4.3,3989,1,0.4,6618,38.8,6,48.6,0,1,6644,2,0.00,0xEE,0,0
8123,10.6,15.0,4.4,3994,1,0.1,6683,39.2,8,48.6,0,1,6651,2,0.00,0xEE,0,0
8138,10.5,15.0,4.5,3998,1,-0.3,6683,39.2,9,48.6,0,1,6660,2,0.00,0xEE,0,0
8170,10.3,15.0,4.7,4006,1,-1.0,6618,38.9,9,48.6,0,1,6674,2,0.00,0xEE,0,0
8185,10.3,15.0,4.7,4013,1,-1.5,6618,39.2,9,48.6,0,1,6683,2,0.00,0xEE,0,0
8201,10.3,15.0,4.7,4018,1,-1.9,6618,39.2,9,48.6,0,1,6689,2,0.00,0xEE,0,0
8216,10.3,15.0,4.7,4017,1,-2.1,6684,38.8,0,48.6,0,1,6693,2,0.00,0xEE,0,0
8247,10.5,15.0,4.5,4018,1,-1.6,6684,38.7,2,48.6,0,1,6684,2,0.00,0xEE,0,0
8325,10.5,15.0,4.5,4014,1,-1.6,6625,38.7,86,48.6,0,1,6684,2,0.00,0xEE,0,0
8341,10.6,15.0,4.4,4013,1,-1.4,6625,39.4,9,48.6,0,1,6678,2,0.00,0xEE,0,0
8372,10.8,15.0,4.2,3998,1,-0.0,6691,38.6,9,48.6,0,1,6651,2,0.00,0xEE,0,0
8388,10.9,15.0,4.1,3982,1,2.3,6693,38.6,1,48.6,0,1,6607,2,0.00,0xEE,0,0
8403,10.9,15.0,4.1,3958,1,3.2,6628,38.9,3,48.6,0,1,6591,2,0.00,0xEE,0,0
8435,10.9,15.0,4.1,3955,1,3.6,6626,38.8,5,48.6,0,1,6585,2,0.00,0xEE,0,0
8451,10.8,15.0,4.2,3957,1,3.5,6688,38.7,7,46.7,0,1,6587,2,0.00,0xEE,0,0
8466,10.8,15.0,4.2,3959,1,3.2,6687,38.7,9,46.7,0,1,6593,2,0.00,0xEE,0,0
8482,10.8,15.0,4.2,3960,1,2.9,6685,38.6,9,46.7,0,1,6598,2,0.00,0xEE,0,0
8514,10.8,15.0,4.2,3965,1,2.6,6621,38.8,9,46.7,0,1,6603,2,0.00,0xEE,0,0
8529,10.8,15.0,4.2,3971,1,2.1,6619,39.0,9,46.7,0,1,6612,2,0.00,0xEE,0,0
8545,10.8,15.0,4.2,3978,1,1.5,6683,38.5,9,46.7,0,1,6623,2,0.00,0xEE,0,0
8560,10.6,15.0,4.4,3985,1,-0.0,6681,38.9,0,46.7,0,1,6652,2,0.00,0xEE,0,0
8591,10.5,15.0,4.5,4004,1,-1.0,6618,39.2,2,46.7,0,1,6671,2,0.00,0xEE,0,0
8606,10.5,15.0,4.5,4012,1,-1.6,6618,38.9,4,46.7,0,1,6682,2,0.00,0xEE,0,0
8621,10.5,15.0,4.5,4017,1,-2.0,6618,38.9,6,46.7,0,1,6689,2,0.00,0xEE,0,0
8653,10.6,15.0,4.4,4014,1,-2.0,6684,38.7,8,46.7,0,1,6688,2,0.00,0xEE,0,0
8669,10.6,15.0,4.4,4012,1,-1.9,6683,39.6,9,46.7,0,1,6685,2,0.00,0xEE,0,0
8684,10.7,15.0,4.3,4007,1,-1.5,6621,38.6,9,46.7,0,1,6678,2,0.00,0xEE,0,0
8701,10.8,15.0,4.2,4002,1,-0.9,6621,38.6,9,46.7,0,1,6666,2,0.00,0xEE,0,0
8731,10.9,15.0,4.1,3994,1,-0.1,6685,39.2,9,46.7,0,1,6650,2,0.00,0xEE,0,0
8747,10.7,15.0,4.3,3991,1,0.1,6687,39.3,9,46.7,0,1,6648,2,0.00,0xEE,0,0
8825,10.5,15.0,4.5,3996,1,-0.2,6621,38.8,73,46.7,0,1,6657,2,0.00,0xEE,0,0
8858,10.3,15.0,4.7,4002,1,-0.4,6621,39.3,8,46.7,0,1,6664,2,0.00,0xEE,0,0
8872,10.4,15.0,4.6,4007,1,-0.8,6685,38.9,9,46.7,0,1,6670,2,0.00,0xEE,0,0
8889,10.5,15.0,4.5,4006,1,-0.9,6684,39.0,9,46.7,0,1,6670,2,0.00,0xEE,0,0
8905,10.6,15.0,4.4,4000,1,-0.3,6685,38.9,1,46.7,0,1,6658,2,0.00,0xEE,0,0
8935,10.7,15.0,4.3,3993,1,0.2,6622,38.3,3,46.7,0,1,6648,2,0.00,0xEE,0,0
8951,10.7,15.0,4.3,3990,1,0.6,6621,39.2,5,46.7,0,1,6641,2,0.00,0xEE,0,0
8968,10.8,15.0,4.2,3984,1,1.1,6687,38.6,7,46.7,0,1,6630,2,0.00,0xEE,0,0
8983,10.7,15.0,4.3,3982,1,1.1,6685,39.1,9,46.7,0,1,6631,2,0.00,0xEE,0,0
9015,10.7,15.0,4.3,3981,1,1.1,6622,38.9,9,46.7,0,1,6632,2,0.00,0xEE,0,0
9030,10.6,15.0,4.4,3987,1,0.8,6623,38.5,9,46.7,0,1,6639,2,0.00,0xEE,0,0
9046,10.6,15.0,4.4,3989,1,0.6,6687,38.9,9,46.7,0,1,6641,2,0.00,0xEE,0,0
9077,10.6,15.0,4.4,3989,1,0.5,6685,39.1,9,46.7,0,1,6643,2,0.00,0xEE,0,0
9093,10.7,15.0,4.3,3989,1,0.3,6685,38.5,0,46.7,0,1,6646,2,0.00,0xEE,0,0
9108,10.7,15.0,4.3,3987,1,0.4,6622,38.8,2,46.7,0,1,6645,2,0.00,0xEE,0,0
9123,10.7,15.0,4.3,3987,1,0.4,6621,38.9,4,46.7,0,1,6643,2,0.00,0xEE,0,0
9156,10.7,15.0,4.3,3988,1,0.5,6685,38.6,6,46.7,0,1,6642,2,0.00,0xEE,0,0
9171,10.7,15.0,4.3,3987,1,0.4,6685,39.3,8,46.7,0,1,6643,2,0.00,0xEE,0,0
9187,10.7,15.0,4.3,3987,1,0.4,6621,38.8,9,46.7,0,1,6645,2,0.00,0xEE,0,0
9217,10.7,15.0,4.3,3989,1,0.3,6621,38.8,9,46.7,0,1,6646,2,0.00,0xEE,0,0
9232,10.7,15.0,4.3,3990,1,0.3,6622,38.4,9,46.7,0,1,6645,2,0.00,0xEE,0,0
9247,10.7,15.0,4.3,3989,1,0.3,6684,39.1,9,46.7,0,1,6646,2,0.00,0xEE,0,0
9340,10.8,15.0,4.2,3988,1,0.4,6619,38.7,73,46.7,0,1,6644,2,0.00,0xEE,0,0
9355,10.7,15.0,4.3,3988,1,0.3,6621,38.9,8,46.7,0,1,6645,2,0.00,0xEE,0,0
9371,10.8,15.0,4.2,3990,1,0.3,6618,38.7,9,46.7,0,1,6645,2,0.00,0xEE,0,0
9402,10.7,15.0,4.3,3994,1,0.1,6683,39.5,9,46.7,0,1,6649,2,0.00,0xEE,0,0
9418,10.7,15.0,4.3,3995,1,-0.1,6681,39.0,9,46.7,0,1,6654,2,0.00,0xEE,0,0
9433,10.5,15.0,4.5,3999,1,-1.0,6618,38.6,1,46.7,0,1,6672,2,0.00,0xEE,0,0
9448,10.6,15.0,4.4,4006,1,-1.1,6619,38.8,3,47.6,0,1,6673,2,0.00,0xEE,0,0
9479,10.7,15.0,4.3,4003,1,-0.8,6684,38.6,5,47.6,0,1,6665,2,0.00,0xEE,0,0
9495,10.8,15.0,4.2,3996,1,-0.4,6684,39.2,6,47.6,0,1,6656,2,0.00,0xEE,0,0
9511,10.9,15.0,4.1,3989,1,0.2,6683,38.6,8,47.6,0,1,6645,2,0.00,0xEE,0,0
9542,10.9,15.0,4.1,3985,1,0.6,6619,38.6,9,47.6,0,1,6638,2,0.00,0xEE,0,0
9557,10.9,15.0,4.1,3981,1,1.1,6619,38.9,9,47.6,0,1,6628,2,0.00,0xEE,0,0
9572,10.9,15.0,4.1,3976,1,1.5,6683,38.2,9,47.6,0,1,6622,2,0.00,0xEE,0,0
9588,10.9,15.0,4.1,3975,1,1.5,6683,38.8,9,47.6,0,1,6622,2,0.00,0xEE,0,0
9619,10.7,15.0,4.3,3976,1,0.8,6618,38.6,0,47.6,0,1,6636,2,0.00,0xEE,0,0
9634,10.8,15.0,4.2,3984,1,0.6,6616,38.5,2,47.6,0,1,6638,2,0.00,0xEE,0,0
9650,10.9,15.0,4.1,3984,1,0.7,6618,38.5,4,47.6,0,1,6636,2,0.00,0xEE,0,0
9681,11.0,15.0,4.0,3979,1,1.0,6681,38.9,6,47.6,0,1,6630,2,0.00,0xEE,0,0
9698,10.9,15.0,4.1,3979,1,0.9,6681,38.9,7,47.6,0,1,6633,2,0.00,0xEE,0,0
9713,10.8,15.0,4.2,3984,1,0.4,6615,38.8,9,47.6,0,1,6643,2,0.00,0xEE,0,0
9729,10.7,15.0,4.3,3994,1,-0.2,6616,38.5,9,47.6,0,1,6656,2,0.00,0xEE,0,0
9761,10.8,15.0,4.2,3996,1,-0.4,6680,38.3,9,47.6,0,1,6657,2,0.00,0xEE,0,0
9839,10.9,15.0,4.1,3991,1,-0.1,6680,38.5,74,47.6,0,1,6651,2,0.00,0xEE,0,0
9854,11.0,15.0,4.0,3991,1,-0.0,6616,39.0,9,47.6,0,1,6648,2,0.00,0xEE,0,0
9885,11.0,15.0,4.0,3988,1,0.3,6615,38.5,9,47.6,0,1,6641,2,0.00,0xEE,0,0
9901,11.0,15.0,4.0,3986,1,0.5,6678,38.7,9,47.6,0,1,6640,2,0.00,0xEE,0,0
9916,10.9,15.0,4.1,3986,1,0.4,6680,38.7,9,47.6,0,1,6642,2,0.00,0xEE,0,0
9947,10.8,15.0,4.2,3988,1,0.1,6615,38.8,9,47.6,0,1,6648,2,0.00,0xEE,0,0
9963,10.8,15.0,4.2,3994,1,-0.3,6613,38.1,1,47.6,0,1,6655,2,0.00,0xEE,0,0
9978,10.8,15.0,4.2,3997,1,-0.4,6613,38.7,3,47.6,0,1,6657,2,0.00,0xEE,0,0
9993,10.8,15.0,4.2,3996,1,-0.5,6678,38.7,5,47.6,0,1,6659,2,0.00,0xEE,0,0
10024,10.8,15.0,4.2,3996,1,-0.5,6678,38.7,7,47.6,0,1,6659,2,0.00,0xEE,0,0
10039,10.8,15.0,4.2,3998,1,-0.5,6613,38.2,9,47.6,0,1,6659,2,0.00,0xEE,0,0
10055,10.9,15.0,4.1,3995,1,-0.3,6613,38.4,9,47.6,0,1,6653,2,0.00,0xEE,0,0
10086,11.0,15.0,4.0,3988,1,0.2,6678,38.6,9,47.6,0,1,6643,2,0.00,0xEE,0,0
10101,11.1,15.0,3.9,3983,1,0.7,6678,38.8,9,47.6,0,1,6634,2,0.00,0xEE,0,0
10116,11.0,15.0,4.0,3980,1,0.9,6678,37.9,9,47.6,0,1,6632,2,0.00,0xEE,0,0
10147,11.0,15.0,4.0,3983,1,0.8,6615,38.5,1,47.6,0,1,6634,2,0.00,0xEE,0,0
10163,11.0,15.0,4.0,3984,1,0.8,6612,38.3,3,47.6,0,1,6633,2,0.00,0xEE,0,0
10178,11.1,15.0,3.9,3979,1,1.1,6678,38.1,5,47.6,0,1,6627,2,0.00,0xEE,0,0
10193,11.2,15.0,3.8,3973,1,1.4,6677,38.4,6,47.6,0,1,6621,2,0.00,0xEE,0,0
10239,11.2,15.0,3.8,3972,1,1.6,6612,38.5,8,47.6,0,1,6615,2,0.00,0xEE,0,0
10239,11.2,15.0,3.8,3973,1,1.7,6610,38.4,9,47.6,0,1,6615,2,0.00,0xEE,0,0
10254,11.1,15.0,3.9,3974,1,1.6,6609,38.1,9,47.6,0,1,6618,2,0.00,0xEE,0,0
10347,11.2,15.0,3.8,3969,1,1.6,6669,37.8,74,47.6,0,1,6615,2,0.00,0xEE,0,0
10363,11.3,15.0,3.7,3968,1,1.6,6606,38.2,9,47.6,0,1,6614,2,0.00,0xEE,0,0
10379,11.4,15.0,3.6,3969,1,1.7,6605,38.2,9,47.6,0,1,6612,2,0.00,0xEE,0,0
10410,11.4,15.0,3.6,3972,1,1.6,6668,38.0,9,47.6,0,1,6615,2,0.00,0xEE,0,0
10425,11.3,15.0,3.7,3973,1,1.3,6666,38.5,9,47.6,0,1,6620,2,0.00,0xEE,0,0
10441,11.4,15.0,3.6,3973,1,1.2,6666,37.9,9,47.0,0,1,6621,2,0.00,0xEE,0,0
10471,11.2,15.0,3.8,3979,1,0.2,6602,38.6,0,47.0,0,1,6641,2,0.00,0xEE,0,0
10487,11.0,15.0,4.0,3997,1,-0.7,6602,38.2,2,47.0,0,1,6660,2,0.00,0xEE,0,0
10502,11.1,15.0,3.9,4003,1,-1.2,6665,37.8,4,47.0,0,1,6667,2,0.00,0xEE,0,0
10518,11.4,15.0,3.6,3997,1,-0.9,6665,37.8,6,47.0,0,1,6659,2,0.00,0xEE,0,0
10548,11.6,15.0,3.4,3984,1,-0.0,6666,38.4,8,47.0,0,1,6640,2,0.00,0xEE,0,0
10564,11.7,15.0,3.3,3977,1,0.8,6603,38.1,9,47.0,0,1,6625,2,0.00,0xEE,0,0
10579,11.6,15.0,3.4,3975,1,1.1,6603,37.7,9,47.0,0,1,6620,2,0.00,0xEE,0,0
10611,11.6,15.0,3.4,3973,1,1.4,6666,37.7,9,47.0,0,1,6615,2,0.00,0xEE,0,0
10626,11.7,15.0,3.3,3965,1,1.9,6666,37.8,9,47.0,0,1,6604,2,0.00,0xEE,0,0
10642,11.7,15.0,3.3,3958,1,2.5,6602,38.2,0,47.0,0,1,6594,2,0.00,0xEE,0,0
10658,11.6,15.0,3.4,3958,1,2.0,6602,37.5,2,47.0,0,1,6604,2,0.00,0xEE,0,0
10689,11.4,15.0,3.6,3976,1,1.2,6600,38.5,4,47.0,0,1,6621,2,0.00,0xEE,0,0
10706,11.6,15.0,3.4,3977,1,0.8,6663,37.7,6,47.0,0,1,6626,2,0.00,0xEE,0,0
10721,11.6,15.0,3.4,3977,1,0.6,6662,37.9,8,47.0,0,1,6628,2,0.00,0xEE,0,0
10752,11.7,15.0,3.3,3974,1,0.7,6599,38.0,9,47.0,0,1,6626,2,0.00,0xEE,0,0
10768,11.6,15.0,3.4,3979,1,0.5,6599,38.2,9,47.0,0,1,6631,2,0.00,0xEE,0,0
10845,11.5,15.0,3.5,3987,1,0.0,6662,38.5,73,47.0,0,1,6640,2,0.00,0xEE,0,0
10877,11.3,15.0,3.7,3998,1,-0.9,6662,38.3,7,47.0,0,1,6659,2,0.00,0xEE,0,0
10892,11.3,15.0,3.7,4003,1,-1.5,6599,38.3,9,47.0,0,1,6672,2,0.00,0xEE,0,0
10908,11.2,15.0,3.8,4011,1,-2.1,6600,37.7,9,47.0,0,1,6682,2,0.00,0xEE,0,0
10923,11.2,15.0,3.8,4016,1,-2.4,6600,38.4,9,47.0,0,1,6687,2,0.00,0xEE,0,0
10954,11.3,15.0,3.7,4014,1,-2.3,6666,38.1,9,47.0,0,1,6686,2,0.00,0xEE,0,0
10970,11.3,15.0,3.7,4010,1,-2.1,6668,38.2,9,47.0,0,1,6681,2,0.00,0xEE,0,0
10986,11.4,15.0,3.6,4006,1,-1.2,6605,38.0,0,47.0,0,1,6664,2,0.00,0xEE,0,0
11017,11.4,15.0,3.6,3997,1,-0.7,6606,38.3,2,47.0,0,1,6655,2,0.00,0xEE,0,0
11033,11.4,15.0,3.6,3995,1,-0.4,6671,38.5,4,47.0,0,1,6651,2,0.00,0xEE,0,0
11048,11.3,15.0,3.7,3995,1,-0.4,6672,38.4,6,47.0,0,1,6652,2,0.00,0xEE,0,0
11064,11.2,15.0,3.8,3997,1,-0.7,6672,38.3,8,47.0,0,1,6658,2,0.00,0xEE,0,0
11096,11.2,15.0,3.8,3998,1,-0.9,6609,38.2,9,47.0,0,1,6661,2,0.00,0xEE,0,0
11111,11.2,15.0,3.8,3999,1,-0.9,6609,38.3,9,47.0,0,1,6661,2,0.00,0xEE,0,0
11126,11.2,15.0,3.8,3999,1,-0.7,6674,38.5,9,47.0,0,1,6658,2,0.00,0xEE,0,0
11142,11.2,15.0,3.8,3996,1,-0.6,6675,38.2,9,47.0,0,1,6656,2,0.00,0xEE,0,0
11173,11.1,15.0,3.9,3997,1,-0.7,6610,38.4,0,47.0,0,1,6659,2,0.00,0xEE,0,0
11188,11.1,15.0,3.9,3999,1,-0.8,6610,38.3,2,47.0,0,1,6661,2,0.00,0xEE,0,0
11204,11.2,15.0,3.8,4000,1,-0.7,6612,38.0,3,47.0,0,1,6658,2,0.00,0xEE,0,0
11234,11.2,15.0,3.8,3997,1,-0.4,6677,38.2,5,47.0,0,1,6652,2,0.00,0xEE,0,0
11250,11.3,15.0,3.7,3990,1,0.0,6677,38.8,7,47.0,0,1,6643,2,0.00,0xEE,0,0
11266,11.3,15.0,3.7,3986,1,0.3,6613,38.4,9,47.0,0,1,6639,2,0.00,0xEE,0,0
11359,11.2,15.0,3.8,3990,1,0.3,6612,38.1,73,47.0,0,1,6639,2,0.00,0xEE,0,0
11375,11.3,15.0,3.7,3988,1,0.4,6675,38.9,5,47.0,0,1,6637,2,0.00,0xEE,0,0
11391,11.2,15.0,3.8,3988,1,0.2,6675,38.7,7,47.0,0,1,6641,2,0.00,0xEE,0,0
11407,11.0,15.0,4.0,3994,1,-0.4,6612,38.4,9,47.0,0,1,6654,2,0.00,0xEE,0,0
11438,10.9,15.0,4.1,4003,1,-1.0,6612,38.4,9,47.0,0,1,6666,2,0.00,0xEE,0,0
11454,11.0,15.0,4.0,4006,1,-1.2,6612,38.8,9,50.0,0,1,6668,2,0.00,0xEE,0,0
11469,11.1,15.0,3.9,4004,1,-1.2,6677,38.6,9,50.0,0,1,6668,2,0.00,0xEE,0,0
11500,11.0,15.0,4.0,4005,1,-1.3,6677,38.4,9,50.0,0,1,6671,2,0.00,0xEE,0,0
11516,11.1,15.0,3.9,4005,1,-1.1,6613,38.6,0,50.0,0,1,6667,2,0.00,0xEE,0,0
11532,11.2,15.0,3.8,3998,1,-0.6,6613,37.9,2,50.0,0,1,6657,2,0.00,0xEE,0,0
11547,11.2,15.0,3.8,3993,1,-0.0,6678,38.2,4,50.0,0,1,6645,2,0.00,0xEE,0,0
11578,11.3,15.0,3.7,3984,1,0.6,6680,38.2,6,50.0,0,1,6633,2,0.00,0xEE,0,0
11594,11.3,15.0,3.7,3976,1,1.2,6680,38.5,8,50.0,0,1,6622,2,0.00,0xEE,0,0
11610,11.2,15.0,3.8,3977,1,1.3,6615,38.5,9,50.0,0,1,6621,2,0.00,0xEE,0,0
11625,11.1,15.0,3.9,3981,1,1.1,6615,38.2,9,50.0,0,1,6626,2,0.00,0xEE,0,0
11656,11.1,15.0,3.9,3984,1,0.9,6678,38.1,9,50.0,0,1,6630,2,0.00,0xEE,0,0
11672,11.2,15.0,3.8,3981,1,0.9,6677,38.4,9,50.0,0,1,6628,2,0.00,0xEE,0,0
11690,11.4,15.0,3.6,3977,1,1.5,6615,38.1,0,50.0,0,1,6615,2,0.00,0xEE,0,0
11718,11.4,15.0,3.6,3972,1,1.8,6613,38.2,2,50.0,0,1,6610,2,0.00,0xEE,0,0
11734,11.4,15.0,3.6,3971,1,1.8,6612,38.4,4,50.0,0,1,6610,2,0.00,0xEE,0,0
11749,11.3,15.0,3.7,3973,1,1.4,6677,38.5,6,50.0,0,1,6618,2,0.00,0xEE,0,0
11780,11.2,15.0,3.8,3980,1,0.8,6675,38.5,7,50.0,0,1,6632,2,0.00,0xEE,0,0
11857,11.1,15.0,3.9,3994,1,-0.1,6609,37.9,74,50.0,0,1,6648,2,0.00,0xEE,0,0
11873,11.2,15.0,3.8,3998,1,-0.5,6674,38.4,4,50.0,0,1,6654,2,0.00,0xEE,0,0
11903,11.2,15.0,3.8,3998,1,-0.6,6674,38.4,6,50.0,0,1,6656,2,0.00,0xEE,0,0
11919,11.2,15.0,3.8,3998,1,-0.7,6674,38.3,8,50.0,0,1,6659,2,0.00,0xEE,0,0
11935,11.2,15.0,3.8,4001,1,-0.8,6609,38.1,9,50.0,0,1,6660,2,0.00,0xEE,0,0
11966,11.3,15.0,3.7,3999,1,-0.6,6609,37.9,9,50.0,0,1,6655,2,0.00,0xEE,0,0
11983,11.4,15.0,3.6,3991,1,-0.1,6675,38.3,9,50.0,0,1,6645,2,0.00,0xEE,0,0
11998,11.4,15.0,3.6,3983,1,0.5,6674,38.1,9,50.0,0,1,6634,2,0.00,0xEE,0,0
12013,11.4,15.0,3.6,3977,1,1.2,6610,38.0,0,50.0,0,1,6621,2,0.00,0xEE,0,0
12045,11.4,15.0,3.6,3974,1,1.4,6610,38.2,1,50.0,0,1,6618,2,0.00,0xEE,0,0
12061,11.5,15.0,3.5,3973,1,1.5,6610,37.6,3,50.0,0,1,6614,2,0.00,0xEE,0,0
12077,11.4,15.0,3.6,3972,1,1.5,6674,38.5,5,50.0,0,1,6615,2,0.00,0xEE,0,0
12092,11.4,15.0,3.6,3973,1,1.3,6674,38.2,7,50.0,0,1,6619,2,0.00,0xEE,0,0
12124,11.3,15.0,3.7,3981,1,0.7,6607,38.4,9,50.0,0,1,6631,2,0.00,0xEE,0,0
12139,11.2,15.0,3.8,3991,1,0.1,6607,38.5,9,50.0,0,1,6644,2,0.00,0xEE,0,0
12155,11.1,15.0,3.9,4000,1,-0.6,6672,37.8,9,50.0,0,1,6657,2,0.00,0xEE,0,0
12185,11.2,15.0,3.8,4003,1,-1.1,6672,38.3,9,50.0,0,1,6665,2,0.00,0xEE,0,0
12201,11.2,15.0,3.8,4003,1,-1.3,6674,38.4,9,50.0,0,1,6668,2,0.00,0xEE,0,0
12217,11.4,15.0,3.6,4005,1,-0.9,6610,37.9,1,50.0,0,1,6659,2,0.00,0xEE,0,0
12233,11.5,15.0,3.5,3992,1,-0.2,6612,37.8,3,50.0,0,1,6645,2,0.00,0xEE,0,0
12264,11.7,15.0,3.3,3979,1,0.7,6675,38.0,5,50.0,0,1,6627,2,0.00,0xEE,0,0
12280,11.6,15.0,3.4,3971,1,1.3,6677,38.3,7,50.0,0,1,6616,2,0.00,0xEE,0,0
12357,11.6,15.0,3.4,3972,1,1.3,6609,38.3,91,50.0,0,1,6616,2,0.00,0xEE,0,0
12388,11.4,15.0,3.6,3980,1,0.8,6609,38.9,2,50.0,0,1,6628,2,0.00,0xEE,0,0
12403,11.3,15.0,3.7,3989,1,0.2,6672,38.0,4,50.0,0,1,6640,2,0.00,0xEE,0,0
12418,11.3,15.0,3.7,3993,1,-0.3,6671,38.2,6,50.0,0,1,6649,2,0.00,0xEE,0,0
12449,11.3,15.0,3.7,3994,1,-0.6,6671,38.3,8,50.0,0,1,6654,2,0.00,0xEE,0,0
12465,11.3,15.0,3.7,3998,1,-0.8,6607,37.6,9,48.6,0,1,6658,2,0.00,0xEE,0,0
12480,11.5,15.0,3.5,3995,1,-0.5,6607,37.7,9,48.6,0,1,6650,2,0.00,0xEE,0,0
12496,11.7,15.0,3.3,3985,1,0.2,6672,38.2,9,48.6,0,1,6636,2,0.00,0xEE,0,0
12527,11.7,15.0,3.3,3977,1,0.8,6672,38.8,9,48.6,0,1,6626,2,0.00,0xEE,0,0
12543,11.5,15.0,3.5,3977,1,0.7,6607,38.1,9,48.6,0,1,6628,2,0.00,0xEE,0,0
12559,11.3,15.0,3.7,3990,1,-0.2,6607,38.2,1,48.6,0,1,6646,2,0.00,0xEE,0,0
12589,11.3,15.0,3.7,3995,1,-0.5,6607,38.7,3,48.6,0,1,6652,2,0.00,0xEE,0,0
12605,11.2,15.0,3.8,4002,1,-1.1,6671,39.2,5,48.6,0,1,6666,2,0.00,0xEE,0,0
12621,11.0,15.0,4.0,4012,1,-2.0,6672,38.4,7,48.6,0,1,6684,2,0.00,0xEE,0,0
12636,10.9,15.0,4.1,4023,1,-2.8,6609,38.0,9,48.6,0,1,6699,2,0.00,0xEE,0,0
12668,11.0,15.0,4.0,4027,1,-3.1,6609,38.8,9,48.6,0,1,6702,2,0.00,0xEE,0,0
12684,11.2,15.0,3.8,4024,1,-2.8,6675,38.3,9,48.6,0,1,6695,2,0.00,0xEE,0,0
12700,11.2,15.0,3.8,4018,1,-2.4,6677,38.4,9,48.6,0,1,6688,2,0.00,0xEE,0,0
12716,11.2,15.0,3.8,4011,1,-1.9,6680,37.9,9,48.6,0,1,6678,2,0.00,0xEE,0,0
12747,11.2,15.0,3.8,4007,1,-0.8,6616,38.3,1,48.6,0,1,6659,2,0.00,0xEE,0,0
12762,11.2,15.0,3.8,3997,1,-0.3,6616,38.4,3,48.6,0,1,6650,2,0.00,0xEE,0,0
12777,11.2,15.0,3.8,3992,1,0.0,6681,38.7,5,48.6,0,1,6645,2,0.00,0xEE,0,0
12871,11.2,15.0,3.8,3989,1,0.0,6684,38.7,89,48.6,0,1,6645,2,0.00,0xEE,0,0
12887,10.9,15.0,4.1,3991,1,-0.4,6619,38.3,0,48.6,0,1,6656,2,0.00,0xEE,0,0
12902,10.8,15.0,4.2,4005,1,-1.0,6618,38.8,2,48.6,0,1,6668,2,0.00,0xEE,0,0
12933,10.9,15.0,4.1,4007,1,-1.3,6683,38.6,4,48.6,0,1,6673,2,0.00,0xEE,0,0
12948,10.9,15.0,4.1,4007,1,-1.4,6684,38.6,6,48.6,0,1,6674,2,0.00,0xEE,0,0
12963,10.9,15.0,4.1,4005,1,-1.4,6685,38.5,8,48.6,0,1,6673,2,0.00,0xEE,0,0
12979,11.0,15.0,4.0,4004,1,-1.1,6621,38.2,9,48.6,0,1,6668,2,0.00,0xEE,0,0
13010,11.0,15.0,4.0,4002,1,-0.8,6621,38.5,9,48.6,0,1,6662,2,0.00,0xEE,0,0
13025,11.1,15.0,3.9,3993,1,-0.2,6685,37.8,9,48.6,0,1,6649,2,0.00,0xEE,0,0
13041,11.1,15.0,3.9,3987,1,0.3,6687,38.5,9,48.6,0,1,6640,2,0.00,0xEE,0,0
13072,11.1,15.0,3.9,3984,1,0.7,6621,38.9,9,48.6,0,1,6633,2,0.00,0xEE,0,0
13087,11.0,15.0,4.0,3985,1,0.7,6623,38.5,1,48.6,0,1,6634,2,0.00,0xEE,0,0
13102,11.0,15.0,4.0,3987,1,0.7,6685,38.9,3,48.6,0,1,6635,2,0.00,0xEE,0,0
13133,11.0,15.0,4.0,3988,1,0.4,6685,38.7,5,48.6,0,1,6640,2,0.00,0xEE,0,0
13148,10.9,15.0,4.1,3991,1,0.0,6685,37.9,7,48.6,0,1,6648,2,0.00,0xEE,0,0
13164,10.9,15.0,4.1,3997,1,-0.4,6622,38.6,9,48.6,0,1,6656,2,0.00,0xEE,0,0
13179,10.9,15.0,4.1,4001,1,-0.6,6622,38.6,9,48.6,0,1,6659,2,0.00,0xEE,0,0
13210,10.9,15.0,4.1,3999,1,-0.6,6685,38.5,9,48.6,0,1,6660,2,0.00,0xEE,0,0
13226,10.9,15.0,4.1,3998,1,-0.7,6685,39.0,9,48.6,0,1,6660,2,0.00,0xEE,0,0
13242,11.0,15.0,4.0,3999,1,-0.5,6622,38.5,9,48.6,0,1,6658,2,0.00,0xEE,0,0
13273,11.0,15.0,4.0,3997,1,-0.1,6622,38.8,1,48.6,0,1,6649,2,0.00,0xEE,0,0
13289,11.0,15.0,4.0,3991,1,0.1,6622,38.4,3,48.6,0,1,6645,2,0.00,0xEE,0,0
13366,11.0,15.0,4.0,3988,1,0.1,6685,38.4,87,48.6,0,1,6645,2,0.00,0xEE,0,0
13396,10.9,15.0,4.1,3988,1,0.1,6622,38.8,9,48.6,0,1,6646,2,0.00,0xEE,0,0
13413,10.7,15.0,4.3,3994,1,-0.8,6621,38.5,0,48.6,0,1,6665,2,0.00,0xEE,0,0
13427,10.8,15.0,4.2,4006,1,-1.1,6621,38.7,2,48.6,0,1,6670,2,0.00,0xEE,0,0
13443,10.9,15.0,4.1,4003,1,-1.0,6687,38.5,4,48.6,0,1,6667,2,0.00,0xEE,0,0
13474,10.9,15.0,4.1,3999,1,-0.8,6685,38.7,6,46.7,0,1,6663,2,0.00,0xEE,0,0
13489,10.9,15.0,4.1,3998,1,-0.5,6622,38.6,8,46.7,0,1,6658,2,0.00,0xEE,0,0
13505,10.9,15.0,4.1,3997,1,-0.4,6622,38.6,9,46.7,0,1,6655,2,0.00,0xEE,0,0
13537,10.9,15.0,4.1,3993,1,-0.1,6687,39.0,9,46.7,0,1,6651,2,0.00,0xEE,0,0
13552,10.9,15.0,4.1,3990,1,0.1,6687,38.5,9,46.7,0,1,6647,2,0.00,0xEE,0,0
13568,10.9,15.0,4.1,3988,1,0.1,6687,38.7,9,46.7,0,1,6646,2,0.00,0xEE,0,0
13583,10.9,15.0,4.1,3989,1,0.3,6623,38.5,9,46.7,0,1,6644,2,0.00,0xEE,0,0
13614,10.8,15.0,4.2,3993,1,0.1,6623,38.9,1,46.7,0,1,6648,2,0.00,0xEE,0,0
13629,10.7,15.0,4.3,3998,1,-0.4,6687,38.8,3,46.7,0,1,6658,2,0.00,0xEE,0,0
13644,10.6,15.0,4.4,4003,1,-0.9,6688,39.0,5,46.7,0,1,6669,2,0.00,0xEE,0,0
13675,10.7,15.0,4.3,4007,1,-1.2,6626,38.8,7,46.7,0,1,6674,2,0.00,0xEE,0,0
13690,10.6,15.0,4.4,4011,1,-1.5,6626,39.0,9,46.7,0,1,6679,2,0.00,0xEE,0,0
13704,10.6,15.0,4.4,4014,1,-1.7,6691,38.9,9,46.7,0,1,6682,2,0.00,0xEE,0,0
13735,10.6,15.0,4.4,4015,1,-1.9,6694,39.4,9,46.7,0,1,6686,2,0.00,0xEE,0,0
13750,10.4,15.0,4.6,4019,1,-2.3,6694,39.4,9,46.7,0,1,6695,2,0.00,0xEE,0,0
13766,10.2,15.0,4.8,4029,1,-2.9,6629,39.0,9,46.7,0,1,6709,2,0.00,0xEE,0,0
13796,10.4,15.0,4.6,4034,1,-3.1,6631,39.1,1,46.7,0,1,6710,2,0.00,0xEE,0,0
13873,10.4,15.0,4.6,4030,1,-3.1,6702,39.1,85,46.7,0,1,6710,2,0.00,0xEE,0,0
13889,10.5,15.0,4.5,4026,1,-2.8,6705,39.5,9,46.7,0,1,6705,2,0.00,0xEE,0,0
13921,10.5,15.0,4.5,4017,1,-1.8,6641,39.0,9,46.7,0,1,6687,2,0.00,0xEE,0,0
13937,10.5,15.0,4.5,4009,1,-0.1,6643,38.9,0,46.7,0,1,6656,2,0.00,0xEE,0,0
13952,10.6,15.0,4.4,3988,1,0.7,6706,38.8,2,46.7,0,1,6640,2,0.00,0xEE,0,0
13968,10.6,15.0,4.4,3978,1,1.5,6708,39.2,4,46.7,0,1,6626,2,0.00,0xEE,0,0
13998,10.7,15.0,4.3,3971,1,2.1,6643,38.8,6,46.7,0,1,6613,2,0.00,0xEE,0,0
14014,10.6,15.0,4.4,3971,1,2.3,6643,39.2,8,46.7,0,1,6611,2,0.00,0xEE,0,0
14030,10.6,15.0,4.4,3970,1,2.4,6705,38.8,9,46.7,0,1,6609,2,0.00,0xEE,0,0
14061,10.6,15.0,4.4,3968,1,2.4,6702,38.7,9,46.7,0,1,6609,2,0.00,0xEE,0,0
14076,10.7,15.0,4.3,3963,1,2.6,6702,39.2,9,46.7,0,1,6604,2,0.00,0xEE,0,0
14092,10.7,15.0,4.3,3964,1,2.6,6635,38.8,9,46.7,0,1,6603,2,0.00,0xEE,0,0
14107,10.6,15.0,4.4,3970,1,2.3,6634,39.1,9,46.7,0,1,6611,2,0.00,0xEE,0,0
14138,10.7,15.0,4.3,3976,1,1.5,6696,38.7,1,46.7,0,1,6624,2,0.00,0xEE,0,0
14154,10.8,15.0,4.2,3973,1,1.5,6696,39.0,3,46.7,0,1,6622,2,0.00,0xEE,0,0
14170,10.8,15.0,4.2,3974,1,1.5,6628,38.6,5,46.7,0,1,6622,2,0.00,0xEE,0,0
14200,10.7,15.0,4.3,3980,1,1.2,6626,39.2,7,46.7,0,1,6629,2,0.00,0xEE,0,0
14216,10.6,15.0,4.4,3990,1,0.5,6691,39.3,9,46.7,0,1,6644,2,0.00,0xEE,0,0
14232,10.4,15.0,4.6,4001,1,-0.6,6691,38.6,9,46.7,0,1,6666,2,0.00,0xEE,0,0
14247,10.3,15.0,4.7,4012,1,-1.7,6691,39.3,9,46.7,0,1,6686,2,0.00,0xEE,0,0
14278,10.4,15.0,4.6,4017,1,-2.1,6626,38.8,9,46.7,0,1,6692,2,0.00,0xEE,0,0
14293,10.4,15.0,4.6,4021,1,-2.3,6628,39.2,9,46.7,0,1,6697,2,0.00,0xEE,0,0
14386,10.6,15.0,4.4,4016,1,-2.0,6694,38.6,74,46.7,0,1,6688,2,0.00,0xEE,0,0
14401,10.5,15.0,4.5,4014,1,-1.9,6631,39.0,9,46.7,0,1,6687,2,0.00,0xEE,0,0
14417,10.7,15.0,4.3,4003,1,-0.8,6631,38.4,9,46.7,0,1,6666,2,0.00,0xEE,0,0
14433,10.8,15.0,4.2,3992,1,0.2,6694,38.6,9,46.7,0,1,6646,2,0.00,0xEE,0,0
14464,10.9,15.0,4.1,3977,1,2.2,6694,38.8,1,46.7,0,1,6610,2,0.00,0xEE,0,0
14480,10.8,15.0,4.2,3964,1,2.5,6694,39.0,3,47.6,0,1,6604,2,0.00,0xEE,0,0
14495,10.7,15.0,4.3,3968,1,2.3,6629,39.2,4,47.6,0,1,6610,2,0.00,0xEE,0,0
14526,10.6,15.0,4.4,3975,1,1.8,6629,38.8,6,47.6,0,1,6620,2,0.00,0xEE,0,0
14541,10.6,15.0,4.4,3982,1,1.3,6691,38.3,8,47.6,0,1,6630,2,0.00,0xEE,0,0
14556,10.8,15.0,4.2,3978,1,1.3,6691,38.4,9,47.6,0,1,6626,2,0.00,0xEE,0,0
14587,11.0,15.0,4.0,3970,1,1.8,6623,38.4,9,47.6,0,1,6615,2,0.00,0xEE,0,0
14603,11.1,15.0,3.9,3963,1,2.4,6623,38.8,9,47.6,0,1,6602,2,0.00,0xEE,0,0
14618,11.0,15.0,4.0,3965,1,2.5,6622,39.2,9,47.6,0,1,6603,2,0.00,0xEE,0,0
14633,10.6,15.0,4.4,3968,1,0.9,6685,39.2,0,47.6,0,1,6636,2,0.00,0xEE,0,0
14664,10.7,15.0,4.3,3988,1,0.1,6685,38.1,2,47.6,0,1,6649,2,0.00,0xEE,0,0
14680,10.9,15.0,4.1,3986,1,0.1,6619,38.0,4,47.6,0,1,6647,2,0.00,0xEE,0,0
14696,11.3,15.0,3.7,3976,1,1.0,6619,38.7,6,47.6,0,1,6626,2,0.00,0xEE,0,0
14727,11.3,15.0,3.7,3969,1,1.7,6683,38.6,8,47.6,0,1,6613,2,0.00,0xEE,0,0
14741,11.1,15.0,3.9,3970,1,1.7,6681,38.7,9,47.6,0,1,6617,2,0.00,0xEE,0,0
14757,10.9,15.0,4.1,3976,1,1.1,6680,38.4,9,47.6,0,1,6629,2,0.00,0xEE,0,0
14772,11.0,15.0,4.0,3980,1,0.8,6616,38.4,9,47.6,0,1,6634,2,0.00,0xEE,0,0
14804,11.1,15.0,3.9,3981,1,0.7,6615,38.2,9,47.6,0,1,6634,2,0.00,0xEE,0,0
14882,11.2,15.0,3.8,3976,1,0.9,6677,38.3,73,47.6,0,1,6629,2,0.00,0xEE,0,0
14897,11.2,15.0,3.8,3976,1,0.9,6677,38.4,8,47.6,0,1,6628,2,0.00,0xEE,0,0
14928,11.2,15.0,3.8,3976,1,1.0,6612,38.1,9,47.6,0,1,6627,2,0.00,0xEE,0,0
14943,11.2,15.0,3.8,3979,1,0.9,6610,38.6,9,47.6,0,1,6628,2,0.00,0xEE,0,0
14958,11.1,15.0,3.9,3983,1,0.6,6674,38.5,9,47.6,0,1,6634,2,0.00,0xEE,0,0
15004,11.0,15.0,4.0,3985,1,-0.2,6675,38.9,1,47.6,0,1,6651,2,0.00,0xEE,0,0
15004,11.0,15.0,4.0,3992,1,-0.6,6610,38.2,3,47.6,0,1,6657,2,0.00,0xEE,0,0
15019,11.0,15.0,4.0,3999,1,-1.0,6612,38.7,5,47.6,0,1,6666,2,0.00,0xEE,0,0
15051,11.0,15.0,4.0,4002,1,-1.2,6612,38.4,6,47.6,0,1,6669,2,0.00,0xEE,0,0
15081,11.0,15.0,4.0,4001,1,-1.2,6677,38.3,8,47.6,0,1,6669,2,0.00,0xEE,0,0
15081,11.1,15.0,3.9,3996,1,-0.9,6677,38.5,9,47.6,0,1,6662,2,0.00,0xEE,0,0
15096,11.1,15.0,3.9,3993,1,-0.7,6613,38.5,9,47.6,0,1,6658,2,0.00,0xEE,0,0
15128,11.1,15.0,3.9,3994,1,-0.6,6613,38.0,9,47.6,0,1,6657,2,0.00,0xEE,0,0
15143,11.0,15.0,4.0,3996,1,-0.5,6678,39.1,9,47.6,0,1,6657,2,0.00,0xEE,0,0
15159,10.6,15.0,4.4,4001,1,-1.8,6678,38.7,0,47.6,0,1,6685,2,0.00,0xEE,0,0
15190,10.5,15.0,4.5,4020,1,-2.7,6678,38.8,2,47.6,0,1,6701,2,0.00,0xEE,0,0
15206,10.7,15.0,4.3,4023,1,-2.9,6616,38.6,4,47.6,0,1,6703,2,0.00,0xEE,0,0
15221,10.8,15.0,4.2,4021,1,-2.6,6616,38.9,6,47.6,0,1,6698,2,0.00,0xEE,0,0
15237,10.7,15.0,4.3,4020,1,-2.4,6684,38.9,8,47.6,0,1,6694,2,0.00,0xEE,0,0
15268,10.7,15.0,4.3,4018,1,-2.2,6684,38.6,9,47.6,0,1,6692,2,0.00,0xEE,0,0
15283,10.7,15.0,4.3,4012,1,-1.8,6622,38.6,9,47.6,0,1,6684,2,0.00,0xEE,0,0
15299,10.8,15.0,4.2,4005,1,-1.2,6623,39.2,9,47.6,0,1,6671,2,0.00,0xEE,0,0
15392,10.7,15.0,4.3,4000,1,-0.8,6693,39.2,74,47.6,0,1,6666,2,0.00,0xEE,0,0
15407,10.5,15.0,4.5,4001,1,-0.9,6691,38.7,9,47.6,0,1,6669,2,0.00,0xEE,0,0
15423,10.4,15.0,4.6,4006,1,-1.1,6629,38.9,9,47.6,0,1,6675,2,0.00,0xEE,0,0
15455,10.5,15.0,4.5,4005,1,-1.0,6629,38.9,9,47.6,0,1,6672,2,0.00,0xEE,0,0
15470,10.6,15.0,4.4,3999,1,-0.6,6694,38.7,9,47.6,0,1,6664,2,0.00,0xEE,0,0
15487,10.8,15.0,4.2,3992,1,0.5,6694,38.9,0,47.5,0,1,6642,2,0.00,0xEE,0,0
15503,10.8,15.0,4.2,3979,1,0.9,6632,39.1,2,47.5,0,1,6634,2,0.00,0xEE,0,0
15534,10.6,15.0,4.4,3981,1,0.9,6631,39.3,4,47.5,0,1,6636,2,0.00,0xEE,0,0
15550,10.5,15.0,4.5,3988,1,0.5,6629,38.6,6,47.5,0,1,6645,2,0.00,0xEE,0,0
15565,10.6,15.0,4.4,3987,1,0.4,6694,38.6,8,47.5,0,1,6646,2,0.00,0xEE,0,0
15581,10.8,15.0,4.2,3981,1,0.7,6693,38.5,9,47.5,0,1,6638,2,0.00,0xEE,0,0
15612,10.9,15.0,4.1,3974,1,1.4,6628,39.1,9,47.5,0,1,6624,2,0.00,0xEE,0,0
15626,10.9,15.0,4.1,3972,1,1.7,6629,38.8,9,47.5,0,1,6619,2,0.00,0xEE,0,0
15642,10.8,15.0,4.2,3971,1,1.6,6691,38.6,9,47.5,0,1,6621,2,0.00,0xEE,0,0
15674,10.7,15.0,4.3,3973,1,1.4,6690,38.9,9,47.5,0,1,6626,2,0.00,0xEE,0,0
15689,10.8,15.0,4.2,3976,1,0.9,6625,38.8,1,47.5,0,1,6633,2,0.00,0xEE,0,0
15704,10.8,15.0,4.2,3981,1,0.7,6623,39.0,3,47.5,0,1,6637,2,0.00,0xEE,0,0
15735,10.7,15.0,4.3,3988,1,0.3,6622,39.2,5,47.5,0,1,6647,2,0.00,0xEE,0,0
15751,10.6,15.0,4.4,3994,1,-0.4,6685,39.1,7,47.5,0,1,6660,2,0.00,0xEE,0,0
15766,10.5,15.0,4.5,4002,1,-1.2,6687,38.8,9,47.5,0,1,6675,2,0.00,0xEE,0,0
15782,10.4,15.0,4.6,4011,1,-1.8,6623,39.1,9,47.5,0,1,6687,2,0.00,0xEE,0,0
15814,10.5,15.0,4.5,4015,1,-2.1,6625,39.0,9,47.5,0,1,6692,2,0.00,0xEE,0,0
15892,10.5,15.0,4.5,4015,1,-2.2,6694,38.8,74,47.5,0,1,6693,2,0.00,0xEE,0,0
15907,10.5,15.0,4.5,4013,1,-2.1,6694,39.2,9,47.5,0,1,6691,2,0.00,0xEE,0,0
15938,10.6,15.0,4.4,4007,1,-1.4,6634,38.8,9,47.5,0,1,6678,2,0.00,0xEE,0,0
15954,10.6,15.0,4.4,4002,1,-0.9,6634,39.1,9,47.5,0,1,6669,2,0.00,0xEE,0,0
15969,10.6,15.0,4.4,3996,1,-0.3,6697,38.6,9,47.5,0,1,6657,2,0.00,0xEE,0,0
16000,10.5,15.0,4.5,3992,1,0.0,6699,39.5,9,47.5,0,1,6653,2,0.00,0xEE,0,0
16017,10.3,15.0,4.7,3988,1,-0.1,6635,39.4,1,47.5,0,1,6658,2,0.00,0xEE,0,0
16032,10.2,15.0,4.8,4000,1,-0.6,6635,39.3,3,47.5,0,1,6667,2,0.00,0xEE,0,0
16047,10.1,15.0,4.9,4009,1,-1.2,6699,39.8,5,47.5,0,1,6679,2,0.00,0xEE,0,0
16078,10.2,15.0,4.8,4010,1,-1.5,6700,39.3,7,47.5,0,1,6685,2,0.00,0xEE,0,0
16093,10.2,15.0,4.8,4011,1,-1.7,6699,39.3,9,47.5,0,1,6688,2,0.00,0xEE,0,0
16109,10.2,15.0,4.8,4012,1,-1.7,6637,39.6,9,47.5,0,1,6687,2,0.00,0xEE,0,0
16140,10.2,15.0,4.8,4014,1,-1.7,6637,39.4,9,47.5,0,1,6687,2,0.00,0xEE,0,0
16155,10.1,15.0,4.9,4015,1,-1.7,6700,39.4,9,47.5,0,1,6688,2,0.00,0xEE,0,0
16171,10.1,15.0,4.9,4013,1,-1.7,6702,39.2,9,47.5,0,1,6688,2,0.00,0xEE,0,0
16201,10.2,15.0,4.8,4011,1,-1.2,6640,39.1,0,47.5,0,1,6680,2,0.00,0xEE,0,0
16217,10.2,15.0,4.8,4004,1,-0.9,6640,39.4,2,47.5,0,1,6674,2,0.00,0xEE,0,0
16232,10.2,15.0,4.8,4000,1,-0.5,6705,39.3,4,47.5,0,1,6667,2,0.00,0xEE,0,0
16247,10.1,15.0,4.9,3997,1,-0.4,6706,39.6,6,47.5,0,1,6665,2,0.00,0xEE,0,0
16277,10.1,15.0,4.9,3996,1,-0.3,6705,39.5,8,47.5,0,1,6664,2,0.00,0xEE,0,0
16293,10.0,15.0,5.0,3999,1,-0.4,6641,39.5,9,47.5,0,1,6667,2,0.00,0xEE,0,0
16308,10.0,15.0,5.0,4002,1,-0.6,6641,39.8,9,47.5,0,1,6670,2,0.00,0xEE,0,0
16402,9.9,15.0,5.1,4003,1,-0.9,6706,40.0,74,47.5,0,1,6677,2,0.00,0xEE,0,0
16417,9.8,15.0,5.2,4007,1,-1.0,6641,39.4,9,47.5,0,1,6680,2,0.00,0xEE,0,0
16432,9.8,15.0,5.2,4009,1,-1.1,6641,39.3,9,47.5,0,1,6682,2,0.00,0xEE,0,0
16463,10.0,15.0,5.0,4004,1,-0.8,6705,39.7,9,47.5,0,1,6675,2,0.00,0xEE,0,0
16479,10.1,15.0,4.9,3994,1,-0.1,6705,39.3,9,47.5,0,1,6660,2,0.00,0xEE,0,0
16494,10.0,15.0,5.0,3990,1,0.2,6640,39.8,9,47.5,0,1,6656,2,0.00,0xEE,0,0
16525,9.8,15.0,5.2,3991,1,-0.1,6641,39.7,0,47.5,0,1,6663,2,0.00,0xEE,0,0
16540,9.8,15.0,5.2,4000,1,-0.3,6640,39.7,1,47.5,0,1,6667,2,0.00,0xEE,0,0
16556,9.8,15.0,5.2,4001,1,-0.6,6703,39.1,3,47.5,0,1,6672,2,0.00,0xEE,0,0
16571,9.8,15.0,5.2,4002,1,-0.7,6703,39.8,5,47.5,0,1,6675,2,0.00,0xEE,0,0
16603,9.9,15.0,5.1,4000,1,-0.5,6640,39.3,7,47.5,0,1,6669,2,0.00,0xEE,0,0
16618,10.0,15.0,5.0,3998,1,-0.2,6640,39.6,9,47.5,0,1,6664,2,0.00,0xEE,0,0
16634,10.0,15.0,5.0,3991,1,0.2,6705,39.5,9,47.5,0,1,6655,2,0.00,0xEE,0,0
16665,10.0,15.0,5.0,3989,1,0.4,6705,38.9,9,47.5,0,1,6653,2,0.00,0xEE,0,0
16681,10.2,15.0,4.8,3978,1,1.1,6641,38.9,9,47.5,0,1,6638,2,0.00,0xEE,0,0
16696,10.4,15.0,4.6,3967,1,2.1,6640,39.6,9,47.5,0,1,6617,2,0.00,0xEE,0,0
16711,10.3,15.0,4.7,3957,1,3.2,6638,39.5,1,47.5,0,1,6598,2,0.00,0xEE,0,0
16743,10.2,15.0,4.8,3959,1,2.9,6702,39.1,3,47.5,0,1,6605,2,0.00,0xEE,0,0
16758,10.2,15.0,4.8,3962,1,2.5,6699,39.2,4,47.5,0,1,6613,2,0.00,0xEE,0,0
16773,10.3,15.0,4.7,3965,1,2.3,6634,39.6,6,47.5,0,1,6615,2,0.00,0xEE,0,0
16804,10.3,15.0,4.7,3970,1,1.9,6632,39.3,8,47.5,0,1,6622,2,0.00,0xEE,0,0
16819,10.2,15.0,4.8,3974,1,1.5,6694,38.9,9,47.5,0,1,6630,2,0.00,0xEE,0,0
16910,10.3,15.0,4.7,3973,1,1.3,6625,38.6,74,47.5,0,1,6633,2,0.00,0xEE,0,0
16927,10.6,15.0,4.4,3971,1,1.5,6625,39.2,7,47.5,0,1,6626,2,0.00,0xEE,0,0
16942,10.5,15.0,4.5,3974,1,1.3,6623,39.2,9,47.5,0,1,6630,2,0.00,0xEE,0,0
16972,10.4,15.0,4.6,3978,1,0.9,6687,39.1,9,47.5,0,1,6639,2,0.00,0xEE,0,0
16988,10.3,15.0,4.7,3984,1,0.3,6687,39.0,9,47.5,0,1,6650,2,0.00,0xEE,0,0
17004,10.4,15.0,4.6,3985,1,-0.0,6622,38.7,9,47.5,0,1,6655,2,0.00,0xEE,0,0
17020,10.5,15.0,4.5,3987,1,-0.1,6622,39.0,9,47.5,0,1,6655,2,0.00,0xEE,0,0
17051,10.5,15.0,4.5,3988,1,-0.0,6685,38.9,0,47.5,0,1,6653,2,0.00,0xEE,0,0
17066,10.5,15.0,4.5,3987,1,-0.1,6685,39.1,2,47.5,0,1,6655,2,0.00,0xEE,0,0
17081,10.5,15.0,4.5,3986,1,-0.0,6685,38.9,4,47.5,0,1,6654,2,0.00,0xEE,0,0
17096,10.6,15.0,4.4,3986,1,0.1,6621,38.7,6,47.5,0,1,6651,2,0.00,0xEE,0,0
17126,10.7,15.0,4.3,3981,1,0.5,6622,38.6,8,47.5,0,1,6642,2,0.00,0xEE,0,0
17142,10.8,15.0,4.2,3977,1,1.0,6684,38.9,9,47.5,0,1,6632,2,0.00,0xEE,0,0
17158,10.9,15.0,4.1,3968,1,1.6,6684,38.2,9,47.5,0,1,6620,2,0.00,0xEE,0,0
17189,10.8,15.0,4.2,3964,1,1.9,6621,38.9,9,47.5,0,1,6617,2,0.00,0xEE,0,0
17205,10.7,15.0,4.3,3967,1,1.8,6619,39.2,9,47.5,0,1,6619,2,0.00,0xEE,0,0
17220,10.5,15.0,4.5,3972,1,0.7,6681,39.2,0,47.5,0,1,6641,2,0.00,0xEE,0,0
17251,10.5,15.0,4.5,3979,1,0.1,6681,38.9,2,47.5,0,1,6651,2,0.00,0xEE,0,0
17265,10.5,15.0,4.5,3989,1,-0.3,6680,38.9,4,47.5,0,1,6659,2,0.00,0xEE,0,0
17281,10.6,15.0,4.4,3991,1,-0.4,6615,39.0,5,47.5,0,1,6659,2,0.00,0xEE,0,0
17296,10.6,15.0,4.4,3994,1,-0.5,6615,39.3,7,47.5,0,1,6662,2,0.00,0xEE,0,0
17328,10.6,15.0,4.4,3996,1,-0.7,6678,38.5,9,47.5,0,1,6666,2,0.00,0xEE,0,0
17404,10.6,15.0,4.4,3993,1,-0.7,6616,38.8,74,47.5,0,1,6665,2,0.00,0xEE,0,0
17436,10.8,15.0,4.2,3986,1,-0.0,6615,38.6,6,47.5,0,1,6650,2,0.00,0xEE,0,0
17451,10.9,15.0,4.1,3980,1,0.6,6616,38.5,8,47.5,0,1,6638,2,0.00,0xEE,0,0
17467,10.9,15.0,4.1,3972,1,1.2,6678,39.4,9,47.5,0,1,6627,2,0.00,0xEE,0,0
17482,10.8,15.0,4.2,3970,1,1.4,6678,39.0,9,47.5,0,1,6625,2,0.00,0xEE,0,0
17513,10.7,15.0,4.3,3976,1,1.1,6615,38.5,9,49.5,0,1,6632,2,0.00,0xEE,0,0
17529,10.7,15.0,4.3,3979,1,0.9,6613,37.8,9,49.5,0,1,6635,2,0.00,0xEE,0,0
17544,11.1,15.0,3.9,3969,1,1.6,6677,37.9,9,49.5,0,1,6618,2,0.00,0xEE,0,0
17574,11.6,15.0,3.4,3935,1,4.3,6677,38.2,1,49.5,0,1,6563,2,0.00,0xEE,0,0
17590,11.4,15.0,3.6,3929,1,4.8,6675,38.8,3,49.5,0,1,6556,2,0.00,0xEE,0,0
17605,11.1,15.0,3.9,3939,1,4.1,6609,38.8,5,49.5,0,1,6572,2,0.00,0xEE,0,0
17636,10.9,15.0,4.1,3955,1,2.9,6607,38.4,7,49.5,0,1,6596,2,0.00,0xEE,0,0
17651,10.8,15.0,4.2,3967,1,1.6,6669,38.5,9,49.5,0,1,6621,2,0.00,0xEE,0,0
17666,10.9,15.0,4.1,3974,1,0.7,6668,38.5,9,49.5,0,1,6635,2,0.00,0xEE,0,0
17682,11.0,15.0,4.0,3978,1,0.2,6603,38.3,9,49.5,0,1,6643,2,0.00,0xEE,0,0
17713,11.0,15.0,4.0,3984,1,-0.1,6602,39.0,9,49.5,0,1,6650,2,0.00,0xEE,0,0
17729,11.1,15.0,3.9,3987,1,-0.3,6602,38.2,9,49.5,0,1,6651,2,0.00,0xEE,0,0
17744,11.3,15.0,3.7,3983,1,0.4,6668,38.1,0,49.5,0,1,6637,2,0.00,0xEE,0,0
17775,11.4,15.0,3.6,3970,1,0.9,6666,38.7,2,49.5,0,1,6626,2,0.00,0xEE,0,0
17791,11.3,15.0,3.7,3970,1,1.1,6603,38.4,4,49.5,0,1,6623,2,0.00,0xEE,0,0
17806,11.2,15.0,3.8,3973,1,1.0,6603,38.1,6,49.5,0,1,6627,2,0.00,0xEE,0,0
17821,11.2,15.0,3.8,3976,1,0.8,6602,38.1,8,49.5,0,1,6630,2,0.00,0xEE,0,0
17915,11.3,15.0,3.7,3970,1,0.9,6665,38.4,73,49.5,0,1,6627,2,0.00,0xEE,0,0
17930,11.4,15.0,3.6,3970,1,0.8,6665,38.3,4,49.5,0,1,6628,2,0.00,0xEE,0,0
17946,11.3,15.0,3.7,3975,1,0.5,6600,39.1,6,49.5,0,1,6634,2,0.00,0xEE,0,0
17976,11.2,15.0,3.8,3984,1,-0.0,6602,38.4,8,49.5,0,1,6645,2,0.00,0xEE,0,0
17991,11.2,15.0,3.8,3988,1,-0.5,6666,38.4,9,49.5,0,1,6655,2,0.00,0xEE,0,0
18007,11.1,15.0,3.9,3993,1,-1.0,6666,38.5,9,49.5,0,1,6663,2,0.00,0xEE,0,0
18038,11.1,15.0,3.9,3999,1,-1.4,6602,38.9,9,49.5,0,1,6671,2,0.00,0xEE,0,0
18054,11.1,15.0,3.9,4002,1,-1.7,6602,38.5,9,49.5,0,1,6678,2,0.00,0xEE,0,0
18070,11.0,15.0,4.0,4007,1,-2.0,6603,38.3,9,49.5,0,1,6683,2,0.00,0xEE,0,0
18085,11.2,15.0,3.8,4001,1,-1.6,6669,39.0,1,49.5,0,1,6675,2,0.00,0xEE,0,0
18116,11.3,15.0,3.7,3993,1,-1.1,6669,38.2,3,49.5,0,1,6663,2,0.00,0xEE,0,0
18132,11.3,15.0,3.7,3989,1,-0.5,6606,38.3,5,49.5,0,1,6654,2,0.00,0xEE,0,0
18147,11.3,15.0,3.7,3985,1,-0.1,6607,38.4,7,49.5,0,1,6646,2,0.00,0xEE,0,0
18179,11.2,15.0,3.8,3985,1,0.1,6672,38.4,9,49.5,0,1,6643,2,0.00,0xEE,0,0
18193,11.2,15.0,3.8,3983,1,0.2,6672,38.4,9,49.5,0,1,6642,2,0.00,0xEE,0,0
18209,11.1,15.0,3.9,3982,1,0.1,6672,38.7,9,49.5,0,1,6644,2,0.00,0xEE,0,0
18240,11.1,15.0,3.9,3987,1,-0.1,6609,38.6,9,49.5,0,1,6648,2,0.00,0xEE,0,0
18256,11.0,15.0,4.0,3992,1,-0.4,6609,38.3,9,49.5,0,1,6655,2,0.00,0xEE,0,0
18271,10.8,15.0,4.2,3996,1,-1.4,6674,38.9,0,49.5,0,1,6675,2,0.00,0xEE,0,0
18287,10.7,15.0,4.3,4009,1,-2.0,6675,38.9,2,49.5,0,1,6688,2,0.00,0xEE,0,0
18318,10.6,15.0,4.4,4015,1,-2.7,6612,38.9,4,49.5,0,1,6701,2,0.00,0xEE,0,0
18334,10.6,15.0,4.4,4022,1,-3.1,6612,38.9,6,49.5,0,1,6708,2,0.00,0xEE,0,0
18412,10.6,15.0,4.4,4023,1,-3.1,6683,38.9,90,49.5,0,1,6708,2,0.00,0xEE,0,0
18443,10.6,15.0,4.4,4016,1,-2.5,6684,38.9,2,49.5,0,1,6697,2,0.00,0xEE,0,0
18459,10.6,15.0,4.4,4009,1,-1.9,6685,38.8,4,49.5,0,1,6687,2,0.00,0xEE,0,0
18474,10.6,15.0,4.4,4005,1,-1.4,6622,38.9,6,49.5,0,1,6677,2,0.00,0xEE,0,0
18489,10.7,15.0,4.3,4001,1,-0.8,6622,38.8,8,49.5,0,1,6666,2,0.00,0xEE,0,0
18521,10.7,15.0,4.3,3994,1,-0.3,6687,39.2,9,48.6,0,1,6657,2,0.00,0xEE,0,0
18536,10.7,15.0,4.3,3987,1,0.2,6687,38.7,9,48.6,0,1,6648,2,0.00,0xEE,0,0
18552,10.6,15.0,4.4,3989,1,0.2,6623,39.3,9,48.6,0,1,6649,2,0.00,0xEE,0,0
18582,10.6,15.0,4.4,3988,1,0.4,6623,38.7,9,48.6,0,1,6644,2,0.00,0xEE,0,0
18613,10.7,15.0,4.3,3986,1,0.7,6687,38.7,9,48.6,0,1,6640,2,0.00,0xEE,0,0
18613,10.8,15.0,4.2,3975,1,1.5,6687,38.9,1,48.6,0,1,6624,2,0.00,0xEE,0,0
18644,10.7,15.0,4.3,3975,1,1.3,6687,39.0,3,48.6,0,1,6628,2,0.00,0xEE,0,0
18660,10.6,15.0,4.4,3981,1,1.0,6622,38.8,5,48.6,0,1,6635,2,0.00,0xEE,0,0
18676,10.6,15.0,4.4,3987,1,0.5,6622,39.0,7,48.6,0,1,6643,2,0.00,0xEE,0,0
18691,10.6,15.0,4.4,3989,1,0.2,6687,39.5,9,48.6,0,1,6650,2,0.00,0xEE,0,0
18721,10.5,15.0,4.5,3993,1,-0.3,6685,39.1,9,48.6,0,1,6659,2,0.00,0xEE,0,0
18737,10.5,15.0,4.5,4000,1,-0.7,6623,39.0,9,48.6,0,1,6667,2,0.00,0xEE,0,0
18753,10.5,15.0,4.5,4004,1,-1.1,6625,38.7,9,48.6,0,1,6673,2,0.00,0xEE,0,0
18784,10.5,15.0,4.5,4005,1,-1.2,6625,39.0,9,48.6,0,1,6675,2,0.00,0xEE,0,0
18800,10.4,15.0,4.6,4002,1,-1.4,6690,39.4,0,48.6,0,1,6680,2,0.00,0xEE,0,0
18815,10.2,15.0,4.8,4011,1,-1.9,6690,39.2,2,48.6,0,1,6690,2,0.00,0xEE,0,0
18831,10.2,15.0,4.8,4018,1,-2.3,6625,39.1,4,48.6,0,1,6699,2,0.00,0xEE,0,0
18923,10.2,15.0,4.8,4020,1,-2.3,6631,39.1,88,48.6,0,1,6699,2,0.00,0xEE,0,0
18938,10.2,15.0,4.8,4017,1,-2.2,6696,39.3,9,48.6,0,1,6697,2,0.00,0xEE,0,0
18955,10.3,15.0,4.7,4003,1,-1.0,6696,39.4,1,48.6,0,1,6674,2,0.00,0xEE,0,0
18985,10.3,15.0,4.7,4000,1,-0.6,6632,39.3,3,48.6,0,1,6668,2,0.00,0xEE,0,0
19001,10.2,15.0,4.8,4000,1,-0.5,6634,39.1,5,48.6,0,1,6665,2,0.00,0xEE,0,0
19016,10.2,15.0,4.8,3996,1,-0.2,6699,39.2,7,48.6,0,1,6661,2,0.00,0xEE,0,0
19048,10.3,15.0,4.7,3990,1,0.2,6699,39.1,9,48.6,0,1,6653,2,0.00,0xEE,0,0
19063,10.4,15.0,4.6,3983,1,0.6,6635,38.9,9,48.6,0,1,6644,2,0.00,0xEE,0,0
19079,10.4,15.0,4.6,3980,1,1.1,6634,39.1,9,48.6,0,1,6636,2,0.00,0xEE,0,0
19108,10.4,15.0,4.6,3978,1,1.3,6634,39.8,9,48.6,0,1,6630,2,0.00,0xEE,0,0
19124,10.4,15.0,4.6,3974,1,1.5,6697,39.0,9,48.6,0,1,6627,2,0.00,0xEE,0,0
19139,10.4,15.0,4.6,3972,1,1.5,6696,39.1,0,48.6,0,1,6627,2,0.00,0xEE,0,0
19155,10.4,15.0,4.6,3975,1,1.4,6632,38.9,2,48.6,0,1,6629,2,0.00,0xEE,0,0
19187,10.4,15.0,4.6,3978,1,1.3,6631,39.3,4,48.6,0,1,6631,2,0.00,0xEE,0,0
19202,10.3,15.0,4.7,3981,1,0.9,6694,39.6,6,48.6,0,1,6639,2,0.00,0xEE,0,0
19217,10.3,15.0,4.7,3985,1,0.4,6693,39.3,8,48.6,0,1,6649,2,0.00,0xEE,0,0
19248,10.2,15.0,4.8,3991,1,-0.2,6628,39.1,9,48.6,0,1,6660,2,0.00,0xEE,0,0
19264,10.3,15.0,4.7,3996,1,-0.5,6628,38.9,9,48.6,0,1,6665,2,0.00,0xEE,0,0
19280,10.3,15.0,4.7,3997,1,-0.5,6628,39.2,9,48.6,0,1,6665,2,0.00,0xEE,0,0
19295,10.4,15.0,4.6,3993,1,-0.4,6693,39.1,9,48.6,0,1,6661,2,0.00,0xEE,0,0
19325,10.4,15.0,4.6,3991,1,-0.2,6693,38.7,9,48.6,0,1,6658,2,0.00,0xEE,0,0
19340,10.7,15.0,4.3,3977,1,1.0,6629,39.2,1,48.6,0,1,6634,2,0.00,0xEE,0,0
19418,10.7,15.0,4.3,3977,1,1.0,6626,39.2,85,48.6,0,1,6634,2,0.00,0xEE,0,0
19448,10.7,15.0,4.3,3975,1,1.0,6691,39.1,9,48.6,0,1,6632,2,0.00,0xEE,0,0
19464,10.6,15.0,4.4,3976,1,0.9,6690,38.9,9,48.6,0,1,6636,2,0.00,0xEE,0,0
19479,10.5,15.0,4.5,3984,1,0.2,6626,38.9,0,48.6,0,1,6650,2,0.00,0xEE,0,0
19510,10.5,15.0,4.5,3989,1,0.1,6623,39.0,2,48.6,0,1,6652,2,0.00,0xEE,0,0
19526,10.6,15.0,4.4,3990,1,0.0,6688,39.2,4,46.7,0,1,6652,2,0.00,0xEE,0,0
19541,10.5,15.0,4.5,3992,1,-0.2,6688,39.6,6,46.7,0,1,6658,2,0.00,0xEE,0,0
19572,10.4,15.0,4.6,3995,1,-0.6,6688,38.8,8,46.7,0,1,6666,2,0.00,0xEE,0,0
19587,10.3,15.0,4.7,4001,1,-1.0,6623,39.1,9,46.7,0,1,6673,2,0.00,0xEE,0,0
19603,10.4,15.0,4.6,4004,1,-1.1,6622,39.4,9,46.7,0,1,6675,2,0.00,0xEE,0,0
19618,10.4,15.0,4.6,4002,1,-1.1,6687,39.0,9,46.7,0,1,6674,2,0.00,0xEE,0,0
19650,10.3,15.0,4.7,4004,1,-1.3,6685,39.4,9,46.7,0,1,6679,2,0.00,0xEE,0,0
19665,10.2,15.0,4.8,4009,1,-1.8,6622,39.0,0,46.7,0,1,6690,2,0.00,0xEE,0,0
19681,10.2,15.0,4.8,4014,1,-1.9,6622,39.7,2,46.7,0,1,6691,2,0.00,0xEE,0,0
19712,10.3,15.0,4.7,4012,1,-1.6,6623,39.0,4,46.7,0,1,6685,2,0.00,0xEE,0,0
19728,10.4,15.0,4.6,4003,1,-1.0,6688,38.9,6,46.7,0,1,6673,2,0.00,0xEE,0,0
19743,10.5,15.0,4.5,3993,1,-0.2,6688,39.5,7,46.7,0,1,6658,2,0.00,0xEE,0,0
19759,10.3,15.0,4.7,3993,1,-0.0,6623,39.6,9,46.7,0,1,6656,2,0.00,0xEE,0,0
19790,10.2,15.0,4.8,3998,1,-0.3,6625,38.9,9,46.7,0,1,6663,2,0.00,0xEE,0,0
19806,10.1,15.0,4.9,4000,1,-0.6,6691,39.1,9,46.7,0,1,6669,2,0.00,0xEE,0,0
19821,10.3,15.0,4.7,3996,1,-0.5,6691,39.3,9,46.7,0,1,6664,2,0.00,0xEE,0,0
19837,10.4,15.0,4.6,3988,1,0.0,6626,38.9,9,46.7,0,1,6654,2,0.00,0xEE,0,0
19931,10.5,15.0,4.5,3985,1,0.6,6625,38.9,73,46.7,0,1,6643,2,0.00,0xEE,0,0
19947,10.6,15.0,4.4,3982,1,0.7,6690,39.1,8,46.7,0,1,6640,2,0.00,0xEE,0,0
19962,10.6,15.0,4.4,3974,1,1.2,6690,38.9,9,46.7,0,1,6630,2,0.00,0xEE,0,0
19993,10.6,15.0,4.4,3971,1,1.4,6625,39.2,9,46.7,0,1,6627,2,0.00,0xEE,0,0
20009,10.3,15.0,4.7,3976,1,0.7,6623,39.6,0,46.7,0,1,6643,2,0.00,0xEE,0,0
20025,10.2,15.0,4.8,3994,1,-0.1,6622,39.5,2,46.7,0,1,6659,2,0.00,0xEE,0,0
20056,10.1,15.0,4.9,4003,1,-1.0,6685,39.4,4,46.7,0,1,6677,2,0.00,0xEE,0,0
20072,10.0,15.0,5.0,4011,1,-1.8,6685,38.9,6,46.7,0,1,6691,2,0.00,0xEE,0,0
20088,10.2,15.0,4.8,4011,1,-1.8,6622,38.6,8,46.7,0,1,6689,2,0.00,0xEE,0,0
20102,10.5,15.0,4.5,4004,1,-1.1,6622,38.8,9,46.7,0,1,6673,2,0.00,0xEE,0,0
20133,10.7,15.0,4.3,3988,1,0.0,6687,38.8,9,46.7,0,1,6651,2,0.00,0xEE,0,0
20149,10.7,15.0,4.3,3976,1,1.0,6687,39.1,9,46.7,0,1,6633,2,0.00,0xEE,0,0
20164,10.6,15.0,4.4,3972,1,1.5,6687,39.4,9,46.7,0,1,6625,2,0.00,0xEE,0,0
20195,10.5,15.0,4.5,3974,1,1.5,6623,38.6,9,46.7,0,1,6626,2,0.00,0xEE,0,0
20211,10.3,15.0,4.7,3988,1,0.5,6623,39.1,1,46.7,0,1,6647,2,0.00,0xEE,0,0
20226,10.3,15.0,4.7,3991,1,0.1,6685,39.1,3,46.7,0,1,6654,2,0.00,0xEE,0,0
20241,10.4,15.0,4.6,3989,1,-0.0,6685,39.0,5,46.7,0,1,6655,2,0.00,0xEE,0,0
20272,10.5,15.0,4.5,3991,1,0.0,6622,39.0,7,46.7,0,1,6654,2,0.00,0xEE,0,0
20287,10.5,15.0,4.5,3990,1,0.1,6622,39.3,9,46.7,0,1,6652,2,0.00,0xEE,0,0
20303,10.4,15.0,4.6,3993,1,0.0,6687,39.3,9,46.7,0,1,6654,2,0.00,0xEE,0,0
20334,10.3,15.0,4.7,3995,1,-0.3,6687,39.1,9,46.7,0,1,6661,2,0.00,0xEE,0,0
20350,10.2,15.0,4.8,4000,1,-0.8,6688,39.4,9,46.7,0,1,6672,2,0.00,0xEE,0,0
20429,10.2,15.0,4.8,4009,1,-1.3,6623,39.7,74,46.7,0,1,6680,2,0.00,0xEE,0,0
20459,10.1,15.0,4.9,4009,1,-1.3,6688,39.2,9,46.7,0,1,6682,2,0.00,0xEE,0,0
20475,10.1,15.0,4.9,4011,1,-1.6,6688,39.5,9,46.7,0,1,6687,2,0.00,0xEE,0,0
20491,10.0,15.0,5.0,4012,1,-1.8,6623,39.5,9,46.7,0,1,6691,2,0.00,0xEE,0,0
20521,10.0,15.0,5.0,4016,1,-1.9,6623,39.6,9,46.7,0,1,6694,2,0.00,0xEE,0,0
20536,10.1,15.0,4.9,4018,1,-1.7,6626,39.1,0,47.5,0,1,6690,2,0.00,0xEE,0,0
20551,10.2,15.0,4.8,4007,1,-1.2,6690,39.2,2,47.5,0,1,6679,2,0.00,0xEE,0,0
20583,10.3,15.0,4.7,3997,1,-0.4,6691,39.3,4,47.5,0,1,6664,2,0.00,0xEE,0,0
20598,10.3,15.0,4.7,3989,1,0.2,6628,39.5,6,47.5,0,1,6653,2,0.00,0xEE,0,0
20629,10.2,15.0,4.8,3987,1,0.6,6628,39.3,8,47.5,0,1,6646,2,0.00,0xEE,0,0
20629,10.2,15.0,4.8,3987,1,0.7,6691,39.4,9,47.5,0,1,6645,2,0.00,0xEE,0,0
20660,10.2,15.0,4.8,3985,1,0.8,6691,39.0,9,47.5,0,1,6644,2,0.00,0xEE,0,0
20676,10.2,15.0,4.8,3981,1,0.9,6628,39.1,9,47.5,0,1,6639,2,0.00,0xEE,0,0
20692,10.3,15.0,4.7,3978,1,1.3,6628,39.5,9,47.5,0,1,6632,2,0.00,0xEE,0,0
20723,10.3,15.0,4.7,3974,1,1.6,6693,39.3,0,47.5,0,1,6627,2,0.00,0xEE,0,0
20738,10.2,15.0,4.8,3974,1,1.3,6691,39.3,2,47.5,0,1,6632,2,0.00,0xEE,0,0
20755,10.2,15.0,4.8,3980,1,1.0,6690,39.5,3,47.5,0,1,6639,2,0.00,0xEE,0,0
20785,10.2,15.0,4.8,3983,1,0.6,6626,39.1,5,47.5,0,1,6645,2,0.00,0xEE,0,0
20801,10.3,15.0,4.7,3985,1,0.5,6626,38.8,7,47.5,0,1,6647,2,0.00,0xEE,0,0
20816,10.3,15.0,4.7,3986,1,0.6,6690,39.3,9,47.5,0,1,6645,2,0.00,0xEE,0,0
20832,10.3,15.0,4.7,3984,1,0.6,6688,39.7,9,47.5,0,1,6645,2,0.00,0xEE,0,0
20848,10.2,15.0,4.8,3988,1,0.2,6687,39.5,9,47.5,0,1,6653,2,0.00,0xEE,0,0
20941,10.0,15.0,5.0,4003,1,-0.6,6625,39.8,73,47.5,0,1,6671,2,0.00,0xEE,0,0
20957,9.9,15.0,5.1,4005,1,-0.8,6688,39.2,8,47.5,0,1,6674,2,0.00,0xEE,0,0
20973,10.0,15.0,5.0,4006,1,-1.0,6688,39.2,9,47.5,0,1,6678,2,0.00,0xEE,0,0
21003,10.2,15.0,4.8,4000,1,-0.8,6690,39.7,9,47.5,0,1,6671,2,0.00,0xEE,0,0
21018,10.3,15.0,4.7,3996,1,-0.3,6625,38.9,9,47.5,0,1,6660,2,0.00,0xEE,0,0
21034,10.3,15.0,4.7,3993,1,0.1,6626,39.3,9,47.5,0,1,6655,2,0.00,0xEE,0,0
21066,10.3,15.0,4.7,3988,1,0.9,6691,39.3,0,47.5,0,1,6639,2,0.00,0xEE,0,0
21081,10.4,15.0,4.6,3980,1,1.2,6690,39.2,2,47.5,0,1,6633,2,0.00,0xEE,0,0
21097,10.3,15.0,4.7,3980,1,1.1,6626,39.1,4,47.5,0,1,6636,2,0.00,0xEE,0,0
21113,10.3,15.0,4.7,3981,1,1.1,6626,39.3,6,47.5,0,1,6637,2,0.00,0xEE,0,0
21144,10.3,15.0,4.7,3982,1,1.1,6690,39.0,8,47.5,0,1,6636,2,0.00,0xEE,0,0
21160,10.3,15.0,4.7,3981,1,1.0,6690,39.2,9,47.5,0,1,6637,2,0.00,0xEE,0,0
21176,10.3,15.0,4.7,3981,1,0.9,6688,39.2,9,47.5,0,1,6639,2,0.00,0xEE,0,0
21192,10.3,15.0,4.7,3985,1,0.7,6622,39.1,9,47.5,0,1,6643,2,0.00,0xEE,0,0
21222,10.3,15.0,4.7,3985,1,0.6,6621,39.1,9,47.5,0,1,6645,2,0.00,0xEE,0,0
21238,10.4,15.0,4.6,3987,1,0.6,6684,38.9,9,47.5,0,1,6645,2,0.00,0xEE,0,0
21253,10.6,15.0,4.4,3982,1,1.1,6684,39.3,1,47.5,0,1,6634,2,0.00,0xEE,0,0
21284,10.6,15.0,4.4,3973,1,1.4,6619,38.4,3,47.5,0,1,6627,2,0.00,0xEE,0,0
21299,10.7,15.0,4.3,3971,1,1.7,6619,38.8,5,47.5,0,1,6621,2,0.00,0xEE,0,0
21313,10.8,15.0,4.2,3965,1,2.3,6616,38.2,7,47.5,0,1,6608,2,0.00,0xEE,0,0
21345,10.9,15.0,4.1,3958,1,2.7,6681,39.1,9,47.5,0,1,6600,2,0.00,0xEE,0,0
21360,10.9,15.0,4.1,3952,1,3.1,6680,38.6,9,47.5,0,1,6592,2,0.00,0xEE,0,0
21438,10.7,15.0,4.3,3959,1,2.8,6610,39.0,74,47.5,0,1,6601,2,0.00,0xEE,0,0
21468,10.7,15.0,4.3,3971,1,1.7,6672,38.8,7,47.5,0,1,6620,2,0.00,0xEE,0,0
21484,11.0,15.0,4.0,3970,1,1.6,6672,38.3,9,47.5,0,1,6620,2,0.00,0xEE,0,0
21500,11.0,15.0,4.0,3968,1,1.5,6671,38.4,9,47.5,0,1,6620,2,0.00,0xEE,0,0
21531,11.2,15.0,3.8,3966,1,1.7,6607,38.5,9,47.5,0,1,6614,2,0.00,0xEE,0,0
21547,11.1,15.0,3.9,3967,1,1.7,6606,38.3,9,48.6,0,1,6614,2,0.00,0xEE,0,0
21562,11.1,15.0,3.9,3967,1,1.6,6669,38.7,9,48.6,0,1,6618,2,0.00,0xEE,0,0
21578,11.1,15.0,3.9,3968,1,1.1,6668,38.4,1,48.6,0,1,6626,2,0.00,0xEE,0,0
21609,11.1,15.0,3.9,3971,1,1.0,6605,38.4,3,48.6,0,1,6628,2,0.00,0xEE,0,0
21625,11.1,15.0,3.9,3975,1,0.8,6603,38.4,4,48.6,0,1,6631,2,0.00,0xEE,0,0
21641,11.1,15.0,3.9,3978,1,0.6,6602,38.5,6,48.6,0,1,6635,2,0.00,0xEE,0,0
21657,11.1,15.0,3.9,3980,1,0.4,6668,38.4,8,48.6,0,1,6638,2,0.00,0xEE,0,0
21688,11.1,15.0,3.9,3981,1,0.2,6666,38.7,9,48.6,0,1,6643,2,0.00,0xEE,0,0
21703,11.1,15.0,3.9,3985,1,-0.0,6602,38.3,9,48.6,0,1,6647,2,0.00,0xEE,0,0
21719,11.1,15.0,3.9,3987,1,-0.1,6602,38.3,9,48.6,0,1,6648,2,0.00,0xEE,0,0
21750,11.2,15.0,3.8,3987,1,0.0,6602,38.8,9,48.6,0,1,6645,2,0.00,0xEE,0,0
21766,11.2,15.0,3.8,3982,1,0.2,6666,38.5,0,48.6,0,1,6643,2,0.00,0xEE,0,0
21781,11.1,15.0,3.9,3984,1,-0.1,6668,38.6,2,48.6,0,1,6647,2,0.00,0xEE,0,0
21797,11.0,15.0,4.0,3990,1,-0.4,6603,38.3,4,48.6,0,1,6654,2,0.00,0xEE,0,0
21828,11.0,15.0,4.0,3994,1,-0.7,6603,38.5,6,48.6,0,1,6659,2,0.00,0xEE,0,0
21844,11.1,15.0,3.9,3992,1,-0.6,6668,38.0,8,48.6,0,1,6658,2,0.00,0xEE,0,0
21859,11.2,15.0,3.8,3988,1,-0.4,6668,38.3,9,48.6,0,1,6653,2,0.00,0xEE,0,0
21953,11.2,15.0,3.8,3986,1,-0.1,6605,38.3,74,48.6,0,1,6646,2,0.00,0xEE,0,0
21968,11.2,15.0,3.8,3984,1,0.2,6605,38.3,6,48.6,0,1,6640,2,0.00,0xEE,0,0
21983,11.3,15.0,3.7,3980,1,0.5,6669,38.2,8,48.6,0,1,6635,2,0.00,0xEE,0,0
22014,11.3,15.0,3.7,3975,1,0.8,6669,38.0,9,48.6,0,1,6630,2,0.00,0xEE,0,0
22029,11.3,15.0,3.7,3971,1,1.1,6606,38.9,9,48.6,0,1,6624,2,0.00,0xEE,0,0
22045,11.3,15.0,3.7,3973,1,1.0,6605,38.4,9,48.6,0,1,6625,2,0.00,0xEE,0,0
22075,11.1,15.0,3.9,3980,1,0.6,6603,38.6,9,48.6,0,1,6634,2,0.00,0xEE,0,0
22091,10.9,15.0,4.1,3986,1,-0.9,6666,38.9,0,48.6,0,1,6665,2,0.00,0xEE,0,0
22106,10.9,15.0,4.1,3997,1,-1.6,6668,38.5,1,48.6,0,1,6677,2,0.00,0xEE,0,0
22121,10.9,15.0,4.1,4010,1,-2.0,6605,38.6,3,48.6,0,1,6686,2,0.00,0xEE,0,0
22152,10.9,15.0,4.1,4013,1,-2.2,6605,38.6,5,48.6,0,1,6689,2,0.00,0xEE,0,0
22168,10.9,15.0,4.1,4014,1,-2.2,6606,38.4,7,48.6,0,1,6688,2,0.00,0xEE,0,0
22183,10.9,15.0,4.1,4011,1,-2.1,6671,38.6,9,48.6,0,1,6685,2,0.00,0xEE,0,0
22213,11.0,15.0,4.0,4005,1,-1.7,6674,38.3,9,48.6,0,1,6677,2,0.00,0xEE,0,0
22227,11.1,15.0,3.9,3996,1,-1.0,6609,38.1,9,48.6,0,1,6664,2,0.00,0xEE,0,0
22244,11.2,15.0,3.8,3988,1,-0.2,6610,38.5,9,48.6,0,1,6648,2,0.00,0xEE,0,0
22275,11.3,15.0,3.7,3980,1,0.7,6675,38.2,9,48.6,0,1,6632,2,0.00,0xEE,0,0
22290,11.2,15.0,3.8,3972,1,1.5,6677,38.8,1,48.6,0,1,6618,2,0.00,0xEE,0,0
22306,11.0,15.0,4.0,3973,1,1.2,6677,38.8,3,48.6,0,1,6626,2,0.00,0xEE,0,0
22321,10.9,15.0,4.1,3983,1,0.5,6613,38.9,5,48.6,0,1,6640,2,0.00,0xEE,0,0
22352,10.7,15.0,4.3,3995,1,-0.4,6612,38.8,6,48.6,0,1,6659,2,0.00,0xEE,0,0
22367,10.7,15.0,4.3,4004,1,-1.1,6675,38.7,8,48.6,0,1,6671,2,0.00,0xEE,0,0
22459,10.8,15.0,4.2,4008,1,-1.6,6613,38.2,74,48.6,0,1,6679,2,0.00,0xEE,0,0
22475,10.8,15.0,4.2,4006,1,-1.3,6615,38.7,5,48.6,0,1,6673,2,0.00,0xEE,0,0
22491,10.8,15.0,4.2,4004,1,-1.1,6616,38.3,7,48.6,0,1,6669,2,0.00,0xEE,0,0
22506,11.0,15.0,4.0,3994,1,-0.5,6681,38.2,9,48.6,0,1,6657,2,0.00,0xEE,0,0
22537,11.1,15.0,3.9,3983,1,0.4,6681,38.3,9,48.6,0,1,6640,2,0.00,0xEE,0,0
22552,11.2,15.0,3.8,3972,1,1.4,6619,38.4,9,49.5,0,1,6620,2,0.00,0xEE,0,0
22568,11.2,15.0,3.8,3965,1,2.1,6618,38.1,9,49.5,0,1,6607,2,0.00,0xEE,0,0
22599,11.2,15.0,3.8,3959,1,2.5,6681,38.6,9,49.5,0,1,6600,2,0.00,0xEE,0,0
22615,11.3,15.0,3.7,3953,1,3.2,6680,38.1,0,49.5,0,1,6586,2,0.00,0xEE,0,0
22631,11.4,15.0,3.6,3943,1,3.5,6616,38.1,2,49.5,0,1,6578,2,0.00,0xEE,0,0
22646,11.4,15.0,3.6,3944,1,3.6,6613,38.6,4,49.5,0,1,6577,2,0.00,0xEE,0,0
22677,11.4,15.0,3.6,3946,1,3.5,6612,38.0,6,49.5,0,1,6578,2,0.00,0xEE,0,0
22692,11.4,15.0,3.6,3949,1,3.1,6675,38.3,8,49.5,0,1,6587,2,0.00,0xEE,0,0
22708,11.3,15.0,3.7,3955,1,2.5,6674,38.2,9,49.5,0,1,6598,2,0.00,0xEE,0,0
22739,11.3,15.0,3.7,3965,1,1.8,6607,38.3,9,49.5,0,1,6612,2,0.00,0xEE,0,0
22771,11.3,15.0,3.7,3973,1,1.2,6606,38.2,9,49.5,0,1,6623,2,0.00,0xEE,0,0
22771,11.3,15.0,3.7,3980,1,0.6,6605,38.1,9,49.5,0,1,6633,2,0.00,0xEE,0,0
22801,11.4,15.0,3.6,3981,1,0.1,6668,38.4,0,49.5,0,1,6640,2,0.00,0xEE,0,0
22817,11.4,15.0,3.6,3980,1,0.1,6669,38.1,2,49.5,0,1,6641,2,0.00,0xEE,0,0
22832,11.3,15.0,3.7,3986,1,-0.2,6605,38.4,4,49.5,0,1,6647,2,0.00,0xEE,0,0
22848,11.2,15.0,3.8,3993,1,-0.7,6603,38.4,6,49.5,0,1,6657,2,0.00,0xEE,0,0
22878,11.1,15.0,3.9,3999,1,-1.3,6668,38.2,8,49.5,0,1,6670,2,0.00,0xEE,0,0
22956,11.1,15.0,3.9,4004,1,-1.8,6671,38.5,74,49.5,0,1,6677,2,0.00,0xEE,0,0
22971,11.1,15.0,3.9,4007,1,-1.8,6607,38.4,4,49.5,0,1,6679,2,0.00,0xEE,0,0
23002,11.1,15.0,3.9,4008,1,-1.8,6609,38.3,6,49.5,0,1,6678,2,0.00,0xEE,0,0
23018,11.1,15.0,3.9,4006,1,-1.4,6675,37.8,8,49.5,0,1,6672,2,0.00,0xEE,0,0
23033,11.2,15.0,3.8,3998,1,-1.0,6674,38.5,9,49.5,0,1,6662,2,0.00,0xEE,0,0
23065,11.2,15.0,3.8,3991,1,-0.5,6610,38.4,9,49.5,0,1,6654,2,0.00,0xEE,0,0
23081,11.1,15.0,3.9,3991,1,-0.3,6612,38.8,9,49.5,0,1,6651,2,0.00,0xEE,0,0
23096,11.1,15.0,3.9,3992,1,-0.3,6612,38.5,9,49.5,0,1,6652,2,0.00,0xEE,0,0
23112,11.0,15.0,4.0,3991,1,-0.4,6677,38.5,0,49.5,0,1,6654,2,0.00,0xEE,0,0
23143,11.1,15.0,3.9,3991,1,-0.2,6678,38.3,1,49.5,0,1,6651,2,0.00,0xEE,0,0
23158,11.1,15.0,3.9,3985,1,-0.0,6612,38.4,3,49.5,0,1,6646,2,0.00,0xEE,0,0
23174,11.2,15.0,3.8,3983,1,0.3,6615,38.7,5,49.5,0,1,6641,2,0.00,0xEE,0,0
23205,11.1,15.0,3.9,3984,1,0.4,6677,38.2,7,49.5,0,1,6639,2,0.00,0xEE,0,0
23221,11.2,15.0,3.8,3980,1,0.6,6677,38.1,9,49.5,0,1,6634,2,0.00,0xEE,0,0
23236,11.3,15.0,3.7,3974,1,1.1,6677,38.1,9,49.5,0,1,6625,2,0.00,0xEE,0,0
23252,11.4,15.0,3.6,3968,1,1.6,6612,38.3,9,49.5,0,1,6614,2,0.00,0xEE,0,0
23283,11.4,15.0,3.6,3964,1,2.0,6612,37.7,9,49.5,0,1,6605,2,0.00,0xEE,0,0
23299,11.4,15.0,3.6,3965,1,2.1,6677,38.3,9,49.5,0,1,6605,2,0.00,0xEE,0,0
23315,11.2,15.0,3.8,3966,1,1.3,6675,38.5,1,49.5,0,1,6622,2,0.00,0xEE,0,0
23331,11.1,15.0,3.9,3980,1,0.6,6610,38.1,3,49.5,0,1,6636,2,0.00,0xEE,0,0
23363,11.2,15.0,3.8,3985,1,0.1,6609,38.1,5,49.5,0,1,6643,2,0.00,0xEE,0,0
23378,11.3,15.0,3.7,3985,1,0.1,6609,38.1,7,49.5,0,1,6642,2,0.00,0xEE,0,0
23456,11.3,15.0,3.7,3983,1,0.1,6672,38.1,91,49.5,0,1,6642,2,0.00,0xEE,0,0
23486,11.4,15.0,3.6,3978,1,0.4,6672,38.1,2,49.5,0,1,6635,2,0.00,0xEE,0,0
23502,11.4,15.0,3.6,3978,1,0.6,6609,38.7,4,49.5,0,1,6632,2,0.00,0xEE,0,0
23518,11.3,15.0,3.7,3982,1,0.4,6607,38.4,6,49.5,0,1,6636,2,0.00,0xEE,0,0
23549,11.2,15.0,3.8,3988,1,0.0,6671,38.3,8,49.5,0,1,6644,2,0.00,0xEE,0,0
23564,11.1,15.0,3.9,3994,1,-0.6,6671,38.5,9,48.6,0,1,6656,2,0.00,0xEE,0,0
23579,11.1,15.0,3.9,3998,1,-1.1,6609,38.6,9,48.6,0,1,6666,2,0.00,0xEE,0,0
23609,11.1,15.0,3.9,4005,1,-1.5,6607,38.0,9,48.6,0,1,6674,2,0.00,0xEE,0,0
23625,11.2,15.0,3.8,4005,1,-1.6,6609,38.1,9,48.6,0,1,6673,2,0.00,0xEE,0,0
23641,11.5,15.0,3.5,3996,1,-0.3,6674,38.4,0,48.6,0,1,6647,2,0.00,0xEE,0,0
23656,11.6,15.0,3.4,3987,1,0.5,6674,37.9,2,48.6,0,1,6631,2,0.00,0xEE,0,0
23688,11.5,15.0,3.5,3971,1,1.1,6609,38.1,3,48.6,0,1,6622,2,0.00,0xEE,0,0
23703,11.5,15.0,3.5,3968,1,1.5,6610,38.4,5,48.6,0,1,6615,2,0.00,0xEE,0,0
23719,11.4,15.0,3.6,3969,1,1.5,6672,37.6,7,48.6,0,1,6615,2,0.00,0xEE,0,0
23750,11.5,15.0,3.5,3966,1,1.7,6672,37.9,9,48.6,0,1,6611,2,0.00,0xEE,0,0
23766,11.6,15.0,3.4,3962,1,1.9,6672,38.3,9,48.6,0,1,6607,2,0.00,0xEE,0,0
23781,11.7,15.0,3.3,3961,1,2.1,6607,37.9,9,48.6,0,1,6602,2,0.00,0xEE,0,0
23796,11.6,15.0,3.4,3963,1,2.0,6607,38.1,9,48.6,0,1,6604,2,0.00,0xEE,0,0
23827,11.5,15.0,3.5,3968,1,1.7,6669,38.3,9,48.6,0,1,6611,2,0.00,0xEE,0,0
23842,11.4,15.0,3.6,3973,1,0.4,6669,38.1,1,48.6,0,1,6635,2,0.00,0xEE,0,0
23858,11.4,15.0,3.6,3984,1,-0.1,6605,37.8,3,48.6,0,1,6645,2,0.00,0xEE,0,0
23888,11.5,15.0,3.5,3986,1,-0.3,6603,37.9,4,48.6,0,1,6646,2,0.00,0xEE,0,0
23967,11.5,15.0,3.5,3987,1,-0.3,6668,37.9,88,48.6,0,1,6646,2,0.00,0xEE,0,0
23982,11.6,15.0,3.4,3986,1,0.0,6668,38.0,0,48.6,0,1,6639,2,0.00,0xEE,0,0
24013,11.5,15.0,3.5,3984,1,-0.1,6669,38.3,2,48.6,0,1,6644,2,0.00,0xEE,0,0
24029,11.4,15.0,3.6,3989,1,-0.4,6605,38.1,4,48.6,0,1,6649,2,0.00,0xEE,0,0
24045,11.3,15.0,3.7,3995,1,-0.8,6606,38.2,6,48.6,0,1,6657,2,0.00,0xEE,0,0
24060,11.4,15.0,3.6,3998,1,-0.9,6671,38.5,8,48.6,0,1,6660,2,0.00,0xEE,0,0
24091,11.3,15.0,3.7,3999,1,-1.3,6671,38.4,9,48.6,0,1,6668,2,0.00,0xEE,0,0
24106,11.2,15.0,3.8,4003,1,-1.7,6607,38.2,9,48.6,0,1,6675,2,0.00,0xEE,0,0
24122,11.1,15.0,3.9,4010,1,-2.1,6607,38.5,9,48.6,0,1,6683,2,0.00,0xEE,0,0
24151,11.2,15.0,3.8,4012,1,-2.2,6610,38.3,9,48.6,0,1,6685,2,0.00,0xEE,0,0
24168,11.2,15.0,3.8,4010,1,-2.1,6675,38.3,9,48.6,0,1,6683,2,0.00,0xEE,0,0
24183,11.1,15.0,3.9,4005,1,-1.9,6677,38.9,1,48.6,0,1,6680,2,0.00,0xEE,0,0
24214,11.0,15.0,4.0,4010,1,-2.2,6612,38.6,3,48.6,0,1,6687,2,0.00,0xEE,0,0
24229,10.8,15.0,4.2,4019,1,-2.7,6615,38.8,5,48.6,0,1,6699,2,0.00,0xEE,0,0
24245,10.8,15.0,4.2,4024,1,-2.9,6681,38.4,7,48.6,0,1,6702,2,0.00,0xEE,0,0
24260,10.9,15.0,4.1,4022,1,-2.9,6683,38.6,9,48.6,0,1,6701,2,0.00,0xEE,0,0
24292,11.0,15.0,4.0,4014,1,-2.3,6684,38.3,9,48.6,0,1,6690,2,0.00,0xEE,0,0
24307,11.0,15.0,4.0,4010,1,-1.8,6621,38.8,9,48.6,0,1,6680,2,0.00,0xEE,0,0
24322,11.0,15.0,4.0,4007,1,-1.3,6619,38.7,9,48.6,0,1,6672,2,0.00,0xEE,0,0
24352,10.9,15.0,4.1,4007,1,-1.2,6685,38.3,9,48.6,0,1,6671,2,0.00,0xEE,0,0
24369,11.1,15.0,3.9,3999,1,-0.0,6685,38.3,1,48.6,0,1,6646,2,0.00,0xEE,0,0
24384,11.2,15.0,3.8,3978,1,0.9,6621,38.6,3,48.6,0,1,6628,2,0.00,0xEE,0,0
24463,11.2,15.0,3.8,3977,1,0.9,6621,38.6,87,48.6,0,1,6628,2,0.00,0xEE,0,0
24494,11.1,15.0,3.9,3979,1,1.0,6684,38.6,9,48.6,0,1,6628,2,0.00,0xEE,0,0
24509,10.9,15.0,4.1,3979,1,0.5,6684,38.6,0,48.6,0,1,6639,2,0.00,0xEE,0,0
24525,10.9,15.0,4.1,3986,1,0.2,6621,38.7,2,48.6,0,1,6645,2,0.00,0xEE,0,0
24556,10.9,15.0,4.1,3990,1,-0.1,6621,38.1,4,48.6,0,1,6650,2,0.00,0xEE,0,0
24572,11.1,15.0,3.9,3989,1,0.0,6621,38.2,6,46.7,0,1,6646,2,0.00,0xEE,0,0
24587,11.2,15.0,3.8,3982,1,0.5,6684,38.6,8,46.7,0,1,6636,2,0.00,0xEE,0,0
24618,11.3,15.0,3.7,3972,1,1.2,6683,38.0,9,46.7,0,1,6622,2,0.00,0xEE,0,0
24633,11.2,15.0,3.8,3970,1,1.3,6618,38.7,9,46.7,0,1,6622,2,0.00,0xEE,0,0
24649,11.0,15.0,4.0,3977,1,0.9,6618,38.8,9,46.7,0,1,6631,2,0.00,0xEE,0,0
24664,10.9,15.0,4.1,3988,1,0.1,6681,38.0,9,46.7,0,1,6647,2,0.00,0xEE,0,0
24695,10.9,15.0,4.1,3992,1,-0.3,6683,38.4,9,46.7,0,1,6654,2,0.00,0xEE,0,0
24710,11.3,15.0,3.7,3987,1,0.6,6681,38.2,1,46.7,0,1,6633,2,0.00,0xEE,0,0
24725,11.5,15.0,3.5,3969,1,1.5,6616,37.9,3,46.7,0,1,6615,2,0.00,0xEE,0,0
24756,11.6,15.0,3.4,3962,1,2.2,6618,37.9,5,46.7,0,1,6601,2,0.00,0xEE,0,0
24772,11.7,15.0,3.3,3954,1,2.9,6681,38.0,7,46.7,0,1,6587,2,0.00,0xEE,0,0
24786,11.6,15.0,3.4,3948,1,3.3,6678,38.2,9,46.7,0,1,6581,2,0.00,0xEE,0,0
24817,11.6,15.0,3.4,3946,1,3.3,6615,38.0,9,46.7,0,1,6580,2,0.00,0xEE,0,0
24848,11.6,15.0,3.4,3950,1,3.1,6612,37.9,9,46.7,0,1,6585,2,0.00,0xEE,0,0
24848,11.6,15.0,3.4,3954,1,2.8,6612,38.0,9,46.7,0,1,6591,2,0.00,0xEE,0,0
24864,11.6,15.0,3.4,3956,1,2.4,6674,38.1,9,46.7,0,1,6598,2,0.00,0xEE,0,0
24910,11.5,15.0,3.5,3961,1,1.2,6674,38.0,1,46.7,0,1,6619,2,0.00,0xEE,0,0
24971,11.5,15.0,3.5,3969,1,1.2,6605,38.0,85,46.7,0,1,6619,2,0.00,0xEE,0,0
25002,11.5,15.0,3.5,3972,1,1.1,6605,38.0,9,46.7,0,1,6622,2,0.00,0xEE,0,0
25017,11.5,15.0,3.5,3979,1,0.5,6669,38.3,9,46.7,0,1,6633,2,0.00,0xEE,0,0
25034,11.4,15.0,3.6,3984,1,-0.8,6668,38.6,0,46.7,0,1,6658,2,0.00,0xEE,0,0
25049,11.2,15.0,3.8,4002,1,-1.7,6603,38.4,2,46.7,0,1,6675,2,0.00,0xEE,0,0
25080,11.2,15.0,3.8,4013,1,-2.5,6605,38.1,4,46.7,0,1,6690,2,0.00,0xEE,0,0
25097,11.2,15.0,3.8,4018,1,-2.9,6605,38.2,6,46.7,0,1,6697,2,0.00,0xEE,0,0
25112,11.3,15.0,3.7,4016,1,-2.9,6669,38.4,8,46.7,0,1,6697,2,0.00,0xEE,0,0
25128,11.3,15.0,3.7,4012,1,-2.6,6671,37.5,9,46.7,0,1,6691,2,0.00,0xEE,0,0
25159,11.3,15.0,3.7,4008,1,-2.3,6607,38.3,9,46.7,0,1,6686,2,0.00,0xEE,0,0
25175,11.3,15.0,3.7,4006,1,-2.0,6609,38.2,9,46.7,0,1,6680,2,0.00,0xEE,0,0
25190,11.3,15.0,3.7,4004,1,-1.6,6675,37.8,9,46.7,0,1,6673,2,0.00,0xEE,0,0
25221,11.3,15.0,3.7,3996,1,-0.8,6677,38.3,0,46.7,0,1,6658,2,0.00,0xEE,0,0
25235,11.3,15.0,3.7,3993,1,-0.6,6677,38.2,2,46.7,0,1,6654,2,0.00,0xEE,0,0
25251,11.3,15.0,3.7,3990,1,-0.4,6613,37.9,4,46.7,0,1,6651,2,0.00,0xEE,0,0
25282,11.3,15.0,3.7,3988,1,-0.1,6613,38.2,5,46.7,0,1,6645,2,0.00,0xEE,0,0
25298,11.3,15.0,3.7,3986,1,0.2,6678,38.2,7,46.7,0,1,6639,2,0.00,0xEE,0,0
25314,11.3,15.0,3.7,3981,1,0.5,6678,38.1,9,46.7,0,1,6635,2,0.00,0xEE,0,0
25329,11.4,15.0,3.6,3977,1,0.7,6615,37.6,9,46.7,0,1,6630,2,0.00,0xEE,0,0
25361,11.4,15.0,3.6,3974,1,1.1,6615,38.0,9,46.7,0,1,6623,2,0.00,0xEE,0,0
25376,11.6,15.0,3.4,3967,1,1.6,6615,37.8,9,46.7,0,1,6611,2,0.00,0xEE,0,0
25390,11.6,15.0,3.4,3960,1,2.1,6678,38.1,9,46.7,0,1,6603,2,0.00,0xEE,0,0
25484,11.7,15.0,3.3,3954,1,2.5,6607,37.7,74,46.7,0,1,6594,2,0.00,0xEE,0,0
25499,11.7,15.0,3.3,3955,1,2.5,6606,37.8,9,46.7,0,1,6595,2,0.00,0xEE,0,0
25514,11.8,15.0,3.2,3957,1,2.4,6669,38.4,9,46.7,0,1,6596,2,0.00,0xEE,0,0
25544,11.6,15.0,3.4,3962,1,1.8,6666,38.2,9,46.7,0,1,6607,2,0.00,0xEE,0,0
25560,11.4,15.0,3.6,3983,1,-0.1,6666,38.0,1,46.7,0,1,6644,2,0.00,0xEE,0,0
25575,11.4,15.0,3.6,3991,1,-0.7,6600,38.0,3,47.6,0,1,6654,2,0.00,0xEE,0,0
25607,11.5,15.0,3.5,3995,1,-1.0,6602,37.6,5,47.6,0,1,6659,2,0.00,0xEE,0,0
25623,11.6,15.0,3.4,3994,1,-1.1,6665,38.2,7,47.6,0,1,6660,2,0.00,0xEE,0,0
25638,11.7,15.0,3.3,3988,1,-0.8,6665,37.6,9,47.6,0,1,6653,2,0.00,0xEE,0,0
25653,11.7,15.0,3.3,3984,1,-0.5,6602,38.0,9,47.6,0,1,6648,2,0.00,0xEE,0,0
25684,11.7,15.0,3.3,3982,1,-0.1,6600,37.9,9,47.6,0,1,6641,2,0.00,0xEE,0,0
25699,11.6,15.0,3.4,3984,1,-0.1,6602,37.6,9,47.6,0,1,6642,2,0.00,0xEE,0,0
25715,11.8,15.0,3.2,3978,1,0.3,6666,36.9,9,47.6,0,1,6634,2,0.00,0xEE,0,0
25746,12.2,15.0,2.8,3955,0,2.1,6665,37.2,1,47.6,0,1,6596,2,0.00,0xEE,0,0
25762,12.3,15.0,2.7,3943,0,3.2,6602,37.2,3,47.6,0,1,6574,2,0.00,0xEE,0,0
25777,12.4,15.0,2.6,3933,0,4.2,6600,37.6,5,47.6,0,1,6556,2,0.00,0xEE,0,0
25793,12.3,15.0,2.7,3929,0,4.6,6600,37.3,7,47.6,0,1,6549,2,0.00,0xEE,0,0
25824,12.2,15.0,2.8,3929,0,4.4,6662,37.6,9,47.6,0,1,6554,2,0.00,0xEE,0,0
25839,12.1,15.0,2.9,3936,0,3.6,6660,37.6,9,47.6,0,1,6569,2,0.00,0xEE,0,0
25855,12.0,15.0,3.0,3950,1,2.6,6594,37.4,9,47.6,0,1,6589,2,0.00,0xEE,0,0
25885,12.0,15.0,3.0,3961,1,1.7,6593,37.6,9,47.6,0,1,6606,2,0.00,0xEE,0,0
25901,12.0,15.0,3.0,3970,1,0.9,6656,37.5,9,47.6,0,1,6619,2,0.00,0xEE,0,0
25980,12.0,15.0,3.0,3974,1,0.2,6653,37.8,73,47.6,0,1,6631,2,0.00,0xEE,0,0
26010,11.9,15.0,3.1,3976,1,0.1,6589,37.9,8,47.6,0,1,6635,2,0.00,0xEE,0,0
26025,11.8,15.0,3.2,3988,1,-0.8,6590,37.2,9,47.6,0,1,6652,2,0.00,0xEE,0,0
26040,11.9,15.0,3.1,3994,1,-1.3,6589,37.4,9,47.6,0,1,6660,2,0.00,0xEE,0,0
26071,12.3,15.0,2.7,3990,0,-0.4,6656,37.3,0,47.6,0,1,6640,2,0.00,0xEE,0,0
26086,12.3,15.0,2.7,3974,0,0.2,6656,37.7,2,47.6,0,1,6628,2,0.00,0xEE,0,0
26101,12.3,15.0,2.7,3971,0,0.6,6591,37.0,4,47.6,0,1,6621,2,0.00,0xEE,0,0
26117,12.2,15.0,2.8,3970,0,0.7,6591,37.5,5,47.6,0,1,6620,2,0.00,0xEE,0,0
26148,12.1,15.0,2.9,3972,0,0.6,6591,37.7,7,47.6,0,1,6623,2,0.00,0xEE,0,0
26164,12.1,15.0,2.9,3975,0,0.3,6656,37.4,9,47.6,0,1,6629,2,0.00,0xEE,0,0
26180,12.1,15.0,2.9,3975,0,0.2,6656,37.1,9,47.6,0,1,6632,2,0.00,0xEE,0,0
26211,12.2,15.0,2.8,3976,0,0.2,6591,37.3,9,47.6,0,1,6630,2,0.00,0xEE,0,0
26227,12.3,15.0,2.7,3973,0,0.5,6591,37.1,9,47.6,0,1,6622,2,0.00,0xEE,0,0
26242,12.4,15.0,2.6,3968,0,1.1,6656,37.1,9,47.6,0,1,6611,2,0.00,0xEE,0,0
26258,12.4,15.0,2.6,3958,0,1.8,6656,37.6,1,47.6,0,1,6599,2,0.00,0xEE,0,0
26289,12.3,15.0,2.7,3957,0,1.7,6656,37.1,3,47.6,0,1,6602,2,0.00,0xEE,0,0
26305,12.3,15.0,2.7,3962,0,1.4,6590,37.2,5,47.6,0,1,6607,2,0.00,0xEE,0,0
26320,12.4,15.0,2.6,3963,0,1.3,6591,37.1,7,47.6,0,1,6608,2,0.00,0xEE,0,0
26351,12.4,15.0,2.6,3961,0,1.3,6654,37.1,9,47.6,0,1,6607,2,0.00,0xEE,0,0
26366,12.5,15.0,2.5,3961,0,1.3,6653,37.5,9,47.6,0,1,6606,2,0.00,0xEE,0,0
26382,12.5,15.0,2.5,3960,0,1.3,6654,36.9,9,47.6,0,1,6606,2,0.00,0xEE,0,0
26397,12.4,15.0,2.6,3965,0,1.0,6589,37.3,9,47.6,0,1,6612,2,0.00,0xEE,0,0
26493,12.3,15.0,2.7,3970,0,0.6,6653,37.4,73,47.6,0,1,6621,2,0.00,0xEE,0,0
26509,12.3,15.0,2.7,3971,0,0.4,6653,37.1,8,47.6,0,1,6624,2,0.00,0xEE,0,0
26523,12.3,15.0,2.7,3976,0,-0.1,6653,37.3,9,47.6,0,1,6634,2,0.00,0xEE,0,0
26555,12.3,15.0,2.7,3983,0,-0.5,6591,37.4,9,47.6,0,1,6642,2,0.00,0xEE,0,0
26571,12.2,15.0,2.8,3989,0,-0.9,6590,37.5,9,47.6,0,1,6649,2,0.00,0xEE,0,0
26586,12.2,15.0,2.8,3992,0,-1.3,6591,37.4,9,47.6,0,1,6656,2,0.00,0xEE,0,0
26601,12.2,15.0,2.8,3995,0,-1.7,6656,37.1,1,47.6,0,1,6663,2,0.00,0xEE,0,0
26632,12.2,15.0,2.8,3993,0,-1.6,6656,37.4,3,47.6,0,1,6661,2,0.00,0xEE,0,0
26648,12.2,15.0,2.8,3993,0,-1.4,6593,37.4,5,47.6,0,1,6658,2,0.00,0xEE,0,0
26664,12.2,15.0,2.8,3993,0,-1.3,6594,37.5,7,47.6,0,1,6656,2,0.00,0xEE,0,0
26695,12.1,15.0,2.9,3995,0,-1.3,6660,37.5,9,47.6,0,1,6658,2,0.00,0xEE,0,0
26710,12.1,15.0,2.9,3994,0,-1.4,6660,37.9,9,47.6,0,1,6659,2,0.00,0xEE,0,0
26726,11.9,15.0,3.1,3998,1,-1.7,6662,37.9,9,47.6,0,1,6668,2,0.00,0xEE,0,0
26741,11.8,15.0,3.2,4007,1,-2.3,6599,37.5,9,47.6,0,1,6680,2,0.00,0xEE,0,0
26772,11.8,15.0,3.2,4013,1,-2.7,6599,37.6,9,47.6,0,1,6688,2,0.00,0xEE,0,0
26788,11.9,15.0,3.1,4010,1,-2.5,6666,38.0,1,47.6,0,1,6682,2,0.00,0xEE,0,0
26803,11.8,15.0,3.2,4008,1,-2.5,6668,37.7,3,47.6,0,1,6683,2,0.00,0xEE,0,0
26835,11.7,15.0,3.3,4007,1,-2.4,6668,37.7,5,47.6,0,1,6683,2,0.00,0xEE,0,0
26850,11.8,15.0,3.2,4004,1,-2.1,6606,38.1,7,47.6,0,1,6676,2,0.00,0xEE,0,0
26866,11.9,15.0,3.1,4001,1,-1.6,6607,37.6,8,47.6,0,1,6665,2,0.00,0xEE,0,0
26881,11.9,15.0,3.1,3993,1,-1.0,6672,37.2,9,47.6,0,1,6654,2,0.00,0xEE,0,0
26912,11.9,15.0,3.1,3984,1,-0.4,6675,37.8,9,47.6,0,1,6643,2,0.00,0xEE,0,0
27004,11.9,15.0,3.1,3981,1,0.1,6612,38.2,74,47.6,0,1,6636,2,0.00,0xEE,0,0
27019,11.8,15.0,3.2,3982,1,0.1,6612,37.9,9,47.6,0,1,6637,2,0.00,0xEE,0,0
27035,11.7,15.0,3.3,3984,1,-0.1,6675,37.8,9,47.6,0,1,6642,2,0.00,0xEE,0,0
27049,11.7,15.0,3.3,3985,1,-0.4,6677,38.2,9,47.6,0,1,6646,2,0.00,0xEE,0,0
27065,11.7,15.0,3.3,3985,1,-0.5,6612,37.8,9,47.6,0,1,6648,2,0.00,0xEE,0,0
27097,11.6,15.0,3.4,3991,1,-0.8,6612,38.5,9,47.6,0,1,6654,2,0.00,0xEE,0,0
27113,11.5,15.0,3.5,3996,1,-1.4,6677,37.9,1,47.6,0,1,6667,2,0.00,0xEE,0,0
27129,11.6,15.0,3.4,3997,1,-1.4,6677,37.8,3,47.6,0,1,6665,2,0.00,0xEE,0,0
27145,11.6,15.0,3.4,3995,1,-1.2,6678,37.9,4,47.6,0,1,6661,2,0.00,0xEE,0,0
27192,11.7,15.0,3.3,3992,1,-0.8,6615,37.6,6,47.6,0,1,6654,2,0.00,0xEE,0,0
27192,11.7,15.0,3.3,3989,1,-0.5,6615,38.2,8,47.6,0,1,6647,2,0.00,0xEE,0,0
27223,11.8,15.0,3.2,3984,1,0.0,6678,37.7,9,47.6,0,1,6638,2,0.00,0xEE,0,0
27238,11.6,15.0,3.4,3983,1,0.1,6680,38.4,9,47.6,0,1,6639,2,0.00,0xEE,0,0
27253,11.5,15.0,3.5,3986,1,-0.3,6616,38.3,9,47.6,0,1,6647,2,0.00,0xEE,0,0
27269,11.3,15.0,3.7,3997,1,-1.0,6616,38.2,9,47.6,0,1,6663,2,0.00,0xEE,0,0
27300,11.3,15.0,3.7,4004,1,-1.9,6681,38.4,0,47.6,0,1,6677,2,0.00,0xEE,0,0
27316,11.4,15.0,3.6,4004,1,-1.8,6683,38.1,2,47.6,0,1,6676,2,0.00,0xEE,0,0
27331,11.4,15.0,3.6,4000,1,-1.6,6683,37.5,4,47.6,0,1,6672,2,0.00,0xEE,0,0
27347,11.6,15.0,3.4,3992,1,-1.0,6621,37.8,6,47.6,0,1,6659,2,0.00,0xEE,0,0
27378,11.7,15.0,3.3,3984,1,-0.2,6622,37.8,7,47.6,0,1,6644,2,0.00,0xEE,0,0
27394,11.8,15.0,3.2,3975,1,0.7,6687,37.9,9,47.6,0,1,6626,2,0.00,0xEE,0,0
27409,11.7,15.0,3.3,3967,1,1.3,6687,38.2,9,47.6,0,1,6616,2,0.00,0xEE,0,0
27501,11.7,15.0,3.3,3964,1,1.5,6618,38.0,73,47.6,0,1,6613,2,0.00,0xEE,0,0
27517,11.6,15.0,3.4,3967,1,1.2,6616,37.8,7,47.6,0,1,6618,2,0.00,0xEE,0,0
27532,11.7,15.0,3.3,3969,1,1.1,6681,37.8,9,47.6,0,1,6619,2,0.00,0xEE,0,0
27564,11.8,15.0,3.2,3967,1,1.2,6680,37.9,9,47.6,0,1,6617,2,0.00,0xEE,0,0
27580,11.7,15.0,3.3,3967,1,1.1,6678,38.2,9,47.6,0,1,6619,2,0.00,0xEE,0,0
27594,11.7,15.0,3.3,3971,1,0.9,6613,37.8,9,48.6,0,1,6623,2,0.00,0xEE,0,0
27610,11.7,15.0,3.3,3974,1,0.7,6613,37.7,9,48.6,0,1,6627,2,0.00,0xEE,0,0
27641,11.8,15.0,3.2,3976,1,0.5,6677,37.8,1,48.6,0,1,6629,2,0.00,0xEE,0,0
27656,11.7,15.0,3.3,3976,1,0.4,6677,37.9,3,48.6,0,1,6632,2,0.00,0xEE,0,0
27671,11.7,15.0,3.3,3977,1,0.1,6612,37.9,4,48.6,0,1,6637,2,0.00,0xEE,0,0
27702,11.7,15.0,3.3,3982,1,-0.1,6610,37.8,6,48.6,0,1,6642,2,0.00,0xEE,0,0
27717,11.7,15.0,3.3,3985,1,-0.3,6612,38.1,8,48.6,0,1,6646,2,0.00,0xEE,0,0
27733,11.7,15.0,3.3,3984,1,-0.4,6675,37.4,9,48.6,0,1,6646,2,0.00,0xEE,0,0
27764,11.9,15.0,3.1,3977,1,0.0,6675,37.3,9,48.6,0,1,6637,2,0.00,0xEE,0,0
27779,12.0,15.0,3.0,3967,0,0.8,6612,37.5,9,48.6,0,1,6622,2,0.00,0xEE,0,0
27794,12.1,15.0,2.9,3959,0,1.6,6612,37.6,9,48.6,0,1,6606,2,0.00,0xEE,0,0
27810,11.9,15.0,3.1,3956,1,1.9,6675,37.8,0,48.6,0,1,6603,2,0.00,0xEE,0,0
27842,11.8,15.0,3.2,3962,1,1.4,6674,38.0,2,48.6,0,1,6612,2,0.00,0xEE,0,0
27857,11.8,15.0,3.2,3968,1,0.8,6674,37.6,4,48.6,0,1,6624,2,0.00,0xEE,0,0
27873,11.7,15.0,3.3,3978,1,0.1,6609,38.1,6,48.6,0,1,6637,2,0.00,0xEE,0,0
27905,11.7,15.0,3.3,3985,1,-0.4,6609,37.8,8,48.6,0,1,6647,2,0.00,0xEE,0,0
27919,11.7,15.0,3.3,3991,1,-0.9,6672,37.8,9,48.6,0,1,6655,2,0.00,0xEE,0,0
27998,11.8,15.0,3.2,3987,1,-1.0,6609,37.8,74,48.6,0,1,6656,2,0.00,0xEE,0,0
28014,11.8,15.0,3.2,3987,1,-0.8,6610,38.1,6,48.6,0,1,6653,2,0.00,0xEE,0,0
28045,11.8,15.0,3.2,3986,1,-0.6,6610,37.7,8,48.6,0,1,6649,2,0.00,0xEE,0,0
28061,11.8,15.0,3.2,3981,1,-0.3,6675,37.6,9,48.6,0,1,6643,2,0.00,0xEE,0,0
28076,11.9,15.0,3.1,3976,1,0.1,6675,38.0,9,48.6,0,1,6636,2,0.00,0xEE,0,0
28106,11.9,15.0,3.1,3973,1,0.4,6612,37.6,9,48.6,0,1,6629,2,0.00,0xEE,0,0
28121,11.8,15.0,3.2,3975,1,0.4,6610,38.0,9,48.6,0,1,6630,2,0.00,0xEE,0,0
28137,11.8,15.0,3.2,3977,1,0.3,6675,37.7,0,48.6,0,1,6633,2,0.00,0xEE,0,0
28168,11.9,15.0,3.1,3974,1,0.4,6674,37.5,2,48.6,0,1,6629,2,0.00,0xEE,0,0
28184,11.9,15.0,3.1,3969,1,0.7,6674,37.5,4,48.6,0,1,6624,2,0.00,0xEE,0,0
28199,12.0,15.0,3.0,3966,1,1.1,6607,37.5,6,48.6,0,1,6616,2,0.00,0xEE,0,0
28215,12.1,15.0,2.9,3962,0,1.5,6609,37.4,8,48.6,0,1,6608,2,0.00,0xEE,0,0
28247,12.1,15.0,2.9,3958,0,1.7,6672,37.9,9,48.6,0,1,6604,2,0.00,0xEE,0,0
28262,12.1,15.0,2.9,3955,0,1.8,6669,37.5,9,48.6,0,1,6602,2,0.00,0xEE,0,0
28278,12.1,15.0,2.9,3954,0,1.8,6606,37.1,9,48.6,0,1,6602,2,0.00,0xEE,0,0
28309,12.1,15.0,2.9,3956,0,1.7,6605,37.8,9,48.6,0,1,6604,2,0.00,0xEE,0,0
28325,12.0,15.0,3.0,3963,1,1.3,6602,37.9,9,48.6,0,1,6612,2,0.00,0xEE,0,0
28341,11.8,15.0,3.2,3979,1,-0.2,6666,37.8,1,48.6,0,1,6641,2,0.00,0xEE,0,0
28356,11.8,15.0,3.2,3985,1,-0.8,6665,37.9,3,48.6,0,1,6653,2,0.00,0xEE,0,0
28389,11.8,15.0,3.2,3992,1,-1.3,6600,37.5,5,48.6,0,1,6662,2,0.00,0xEE,0,0
28404,11.8,15.0,3.2,3996,1,-1.5,6600,37.7,7,48.6,0,1,6665,2,0.00,0xEE,0,0
28419,11.8,15.0,3.2,3998,1,-1.5,6665,37.7,9,48.6,0,1,6665,2,0.00,0xEE,0,0
28514,11.9,15.0,3.1,3992,1,-1.4,6668,37.5,74,48.6,0,1,6662,2,0.00,0xEE,0,0
28530,11.9,15.0,3.1,3984,1,-0.7,6603,37.2,6,48.6,0,1,6649,2,0.00,0xEE,0,0
28546,12.0,15.0,3.0,3979,1,-0.2,6605,37.6,8,48.6,0,1,6639,2,0.00,0xEE,0,0
28561,12.1,15.0,2.9,3971,0,0.7,6668,37.2,9,48.6,0,1,6620,2,0.00,0xEE,0,0
28592,12.2,15.0,2.8,3961,0,1.5,6669,37.4,9,48.6,0,1,6606,2,0.00,0xEE,0,0
28608,12.2,15.0,2.8,3951,0,2.2,6668,37.4,9,49.5,0,1,6593,2,0.00,0xEE,0,0
28625,12.2,15.0,2.8,3950,0,2.5,6603,37.5,9,49.5,0,1,6588,2,0.00,0xEE,0,0
28640,12.1,15.0,2.9,3951,0,2.5,6600,37.5,9,49.5,0,1,6588,2,0.00,0xEE,0,0
28671,12.1,15.0,2.9,3952,0,2.1,6665,37.4,1,49.5,0,1,6597,2,0.00,0xEE,0,0
28686,12.3,15.0,2.7,3951,0,2.2,6662,37.0,3,49.5,0,1,6593,2,0.00,0xEE,0,0
28701,12.3,15.0,2.7,3948,0,2.3,6597,37.3,5,49.5,0,1,6590,2,0.00,0xEE,0,0
28732,12.5,15.0,2.5,3945,0,2.7,6596,36.8,7,49.5,0,1,6582,2,0.00,0xEE,0,0
28748,12.6,15.0,2.4,3942,0,3.0,6594,36.8,9,49.5,0,1,6575,2,0.00,0xEE,0,0
28764,12.7,15.0,2.3,3936,0,3.5,6656,36.8,9,49.5,0,1,6564,2,0.00,0xEE,0,0
28780,12.8,15.0,2.2,3929,0,3.9,6656,36.8,9,49.5,0,1,6555,2,0.00,0xEE,0,0
28810,12.8,15.0,2.2,3926,0,4.1,6589,36.9,9,49.5,0,1,6553,2,0.00,0xEE,0,0
28826,12.8,15.0,2.2,3929,0,3.9,6587,37.1,9,49.5,0,1,6556,2,0.00,0xEE,0,0
28841,12.7,15.0,2.3,3934,0,2.9,6584,36.9,0,49.5,0,1,6575,2,0.00,0xEE,0,0
28872,12.7,15.0,2.3,3946,0,2.3,6645,37.0,2,49.5,0,1,6586,2,0.00,0xEE,0,0
28888,12.7,15.0,2.3,3951,0,1.7,6644,36.5,4,49.5,0,1,6597,2,0.00,0xEE,0,0
28903,12.8,15.0,2.2,3956,0,1.3,6578,36.7,6,49.5,0,1,6604,2,0.00,0xEE,0,0
28933,12.8,15.0,2.2,3960,0,1.0,6577,36.7,8,49.5,0,1,6607,2,0.00,0xEE,0,0
29013,12.9,15.0,2.1,3959,0,1.0,6638,37.0,73,49.5,0,1,6607,2,0.00,0xEE,0,0
29028,12.9,15.0,2.1,3962,0,0.8,6637,36.6,4,49.5,0,1,6610,2,0.00,0xEE,0,0
29043,13.0,15.0,2.0,3959,0,0.9,6637,36.4,5,49.5,0,1,6608,2,0.00,0xEE,0,0
29075,13.1,15.0,1.9,3954,0,1.2,6571,36.3,7,49.5,0,1,6601,2,0.00,0xEE,0,0
29091,13.2,15.0,1.8,3952,0,1.5,6571,36.5,9,49.5,0,1,6594,2,0.00,0xEE,0,0
29106,13.2,15.0,1.8,3950,0,1.8,6635,36.1,9,49.5,0,1,6588,2,0.00,0xEE,0,0
29136,13.3,15.0,1.7,3947,0,2.0,6635,36.3,9,49.5,0,1,6584,2,0.00,0xEE,0,0
29152,13.3,15.0,1.7,3943,0,2.2,6634,36.3,9,49.5,0,1,6581,2,0.00,0xEE,0,0
29168,13.3,15.0,1.7,3942,0,2.2,6568,36.0,9,49.5,0,1,6580,2,0.00,0xEE,0,0
29184,13.4,15.0,1.6,3943,0,2.2,6568,36.2,1,49.5,0,1,6580,2,0.00,0xEE,0,0
29216,13.4,15.0,1.6,3945,0,2.1,6631,36.2,3,49.5,0,1,6580,2,0.00,0xEE,0,0
29231,13.4,15.0,1.6,3946,0,2.0,6631,36.1,4,49.5,0,1,6583,2,0.00,0xEE,0,0
29248,13.4,15.0,1.6,3947,0,1.8,6629,36.4,7,49.5,0,1,6587,2,0.00,0xEE,0,0
29263,13.4,15.0,1.6,3947,0,1.6,6567,35.6,8,49.5,0,1,6589,2,0.00,0xEE,0,0
29293,13.5,15.0,1.5,3949,0,1.6,6565,36.0,9,49.5,0,1,6589,2,0.00,0xEE,0,0
29308,13.6,15.0,1.4,3949,0,1.6,6629,36.3,9,49.5,0,1,6587,2,0.00,0xEE,0,0
29324,13.6,15.0,1.4,3948,0,1.7,6628,35.7,9,49.5,0,1,6586,2,0.00,0xEE,0,0
29355,13.6,15.0,1.4,3948,0,1.5,6628,36.1,9,49.5,0,1,6589,2,0.00,0xEE,0,0
29370,13.4,15.0,1.6,3950,0,0.7,6564,36.3,0,49.5,0,1,6605,2,0.00,0xEE,0,0
29385,13.4,15.0,1.6,3958,0,0.1,6564,36.1,2,49.5,0,1,6617,2,0.00,0xEE,0,0
29416,13.3,15.0,1.7,3975,0,-0.6,6628,36.4,4,49.5,0,1,6630,2,0.00,0xEE,0,0
29431,13.3,15.0,1.7,3981,0,-1.2,6628,36.6,6,49.5,0,1,6642,2,0.00,0xEE,0,0
29509,13.3,15.0,1.7,3980,0,-1.2,6634,36.6,90,49.5,0,1,6642,2,0.00,0xEE,0,0
29540,13.1,15.0,1.9,3984,0,-1.8,6570,36.4,1,49.5,0,1,6656,2,0.00,0xEE,0,0
29555,13.1,15.0,1.9,3994,0,-2.2,6571,36.1,3,49.5,0,1,6662,2,0.00,0xEE,0,0
29571,13.2,15.0,1.8,3993,0,-2.0,6635,36.2,5,49.5,0,1,6657,2,0.00,0xEE,0,0
29601,13.3,15.0,1.7,3984,0,-1.4,6637,36.3,7,49.5,0,1,6645,2,0.00,0xEE,0,0
29617,13.4,15.0,1.6,3976,0,-0.8,6640,37.0,9,47.7,0,1,6633,2,0.00,0xEE,0,0
29632,13.1,15.0,1.9,3981,0,-0.9,6577,36.9,9,47.7,0,1,6637,2,0.00,0xEE,0,0
29647,12.9,15.0,2.1,3991,0,-1.5,6578,36.5,9,47.7,0,1,6651,2,0.00,0xEE,0,0
29678,12.8,15.0,2.2,3999,0,-2.2,6644,36.7,9,47.7,0,1,6666,2,0.00,0xEE,0,0
29693,12.8,15.0,2.2,4001,0,-2.5,6644,36.8,9,47.7,0,1,6671,2,0.00,0xEE,0,0
29709,12.9,15.0,2.1,3999,0,-2.4,6581,36.7,0,47.7,0,1,6667,2,0.00,0xEE,0,0
29740,12.9,15.0,2.1,3997,0,-2.1,6584,37.0,2,47.7,0,1,6663,2,0.00,0xEE,0,0
29755,12.9,15.0,2.1,3996,0,-1.9,6586,36.8,4,47.7,0,1,6659,2,0.00,0xEE,0,0
29770,12.8,15.0,2.2,3997,0,-1.8,6651,36.9,6,47.7,0,1,6658,2,0.00,0xEE,0,0
29816,12.8,15.0,2.2,3995,0,-1.7,6651,36.2,8,47.7,0,1,6657,2,0.00,0xEE,0,0
29816,12.7,15.0,2.3,3992,0,-1.7,6590,37.2,9,47.7,0,1,6657,2,0.00,0xEE,0,0
29832,12.6,15.0,2.4,3996,0,-1.8,6590,37.4,9,47.7,0,1,6660,2,0.00,0xEE,0,0
29847,12.5,15.0,2.5,4002,0,-2.1,6593,36.7,9,47.7,0,1,6668,2,0.00,0xEE,0,0
29878,12.3,15.0,2.7,4008,0,-2.7,6657,37.4,9,47.7,0,1,6681,2,0.00,0xEE,0,0
29894,12.3,15.0,2.7,4012,0,-3.0,6659,37.1,9,47.7,0,1,6686,2,0.00,0xEE,0,0
29909,12.5,15.0,2.5,4011,0,-2.5,6597,36.9,1,47.7,0,1,6674,2,0.00,0xEE,0,0
29940,12.6,15.0,2.4,3999,0,-1.8,6599,37.3,3,47.7,0,1,6662,2,0.00,0xEE,0,0
