t_ms,H_cm,T_cm,E_cm,P,M,D_cms,RPM,RAW_cm,age_ms,F,PRE,CAS,RS,CM,FH,TID,TIN,TST
9,2.5,15.0,-0.7,0,0,-1.2,0,46.7,75,41.0,0,1,6664,2,0.00,0xEE,0,0
13,2.9,15.0,-0.7,0,0,-1.2,0,46.6,10,41.0,0,1,6664,2,0.00,0xEE,0,0
13,2.7,15.0,-0.7,0,0,-1.2,0,46.7,75,41.0,0,1,6664,2,0.00,0xEE,0,0
13,2.3,15.0,-0.7,0,0,-1.2,0,46.8,11,41.0,0,1,6664,2,0.00,0xEE,0,0
13,2.7,15.0,-0.7,0,0,-1.2,0,46.3,192,40.0,0,1,6664,2,0.00,0xEE,0,0
13,2.8,15.0,-0.7,0,0,-1.2,0,45.9,73,40.0,0,1,6664,2,0.00,0xEE,0,0
13,2.8,15.0,-0.7,0,0,-1.2,0,46.3,12,40.0,0,1,6664,2,0.00,0xEE,0,0
13,2.6,15.0,-0.7,0,0,-1.2,0,46.4,60,40.0,0,1,6664,2,0.00,0xEE,0,0
13,2.2,15.0,-0.7,0,0,-1.2,0,46.5,13,40.0,0,1,6664,2,0.00,0xEE,0,0
13,2.6,15.0,-0.7,0,0,-1.2,0,46.9,60,40.0,0,1,6664,2,0.00,0xEE,0,0
13,2.6,15.0,-0.7,0,0,-1.2,0,46.4,14,40.0,0,1,6664,2,0.00,0xEE,0,0
13,2.4,15.0,-0.7,0,0,-1.2,0,46.7,62,40.0,0,1,6664,2,0.00,0xEE,0,0
13,2.3,15.0,-0.7,0,0,-1.2,0,46.6,15,40.0,0,1,6664,2,0.00,0xEE,0,0
13,2.7,15.0,-0.7,0,0,-1.2,0,46.8,63,34.0,0,1,6664,2,0.00,0xEE,0,0
13,2.5,15.0,-0.7,0,0,-1.2,0,46.6,16,34.0,0,1,6664,2,0.00,0xEE,0,0
13,2.7,15.0,-0.7,0,0,-1.2,0,46.8,56,34.0,0,1,6664,2,0.00,0xEE,0,0
13,2.8,15.0,-0.7,0,0,-1.2,0,46.4,9,34.0,0,1,6664,2,0.00,0xEE,0,0
13,2.6,15.0,-0.7,0,0,-1.2,0,46.8,65,34.0,0,1,6664,2,0.00,0xEE,0,0
13,2.5,15.0,-0.7,0,0,-1.2,0,46.9,0,34.0,0,1,6664,2,0.00,0xEE,0,0
13,2.6,15.0,-0.7,0,0,-1.2,0,46.2,58,34.0,0,1,6664,2,0.00,0xEE,0,0
13,2.6,15.0,-0.7,0,0,-1.2,0,46.3,11,34.0,0,1,6664,2,0.00,0xEE,0,0
13,2.8,15.0,-0.7,0,0,-1.2,0,46.4,66,34.0,0,1,6664,2,0.00,0xEE,0,0
13,2.7,15.0,-0.7,0,0,-1.2,0,46.6,9,34.0,0,1,6664,2,0.00,0xEE,0,0
13,2.8,15.0,-0.7,0,0,-1.2,0,46.4,9,34.0,0,1,6664,2,0.00,0xEE,0,0
13,2.7,15.0,-0.7,0,0,-1.2,0,46.6,0,34.0,0,1,6664,2,0.00,0xEE,0,0
13,2.6,15.0,-0.7,0,0,-1.2,0,46.8,2,34.0,0,1,6664,2,0.00,0xEE,0,0
13,2.5,15.0,-0.7,0,0,-1.2,0,46.8,4,34.0,0,1,6664,2,0.00,0xEE,0,0
14,2.5,15.0,-0.7,1800,0,-1.2,0,46.5,5,34.0,0,1,6664,2,0.00,0xEE,0,0
14,2.5,15.0,-0.7,1800,0,-1.2,0,46.6,7,41.9,0,1,6664,2,0.00,0xEE,0,0
14,2.6,15.0,-0.7,1800,0,-1.2,0,46.6,9,41.9,0,1,6664,2,0.00,0xEE,0,0
14,2.7,15.0,-0.7,1800,0,-1.2,0,46.7,9,41.9,0,1,6664,2,0.00,0xEE,0,0
14,2.6,15.0,-0.7,1800,0,-1.2,0,46.8,9,41.9,0,1,6664,2,0.00,0xEE,0,0
14,2.6,15.0,-0.7,1800,0,-1.2,0,46.6,9,41.9,0,1,6664,2,0.00,0xEE,0,0
14,2.6,15.0,-0.7,1800,0,-1.2,0,46.6,9,41.9,0,1,6664,2,0.00,0xEE,0,0
14,2.7,15.0,-0.7,1800,0,-1.2,0,45.9,1,41.9,0,1,6664,2,0.00,0xEE,0,0
14,2.8,15.0,-0.7,1800,0,-1.2,0,46.2,2,41.9,0,1,6664,2,0.00,0xEE,0,0
14,2.9,15.0,-0.7,1800,0,-1.2,0,46.8,4,41.9,0,1,6664,2,0.00,0xEE,0,0
14,2.9,15.0,-0.7,1800,0,-1.2,0,46.6,6,41.9,0,1,6664,2,0.00,0xEE,0,0
14,2.8,15.0,-0.7,1800,0,-1.2,0,46.6,8,41.9,0,1,6664,2,0.00,0xEE,0,0
14,2.7,15.0,-0.7,1800,0,-1.2,0,46.4,9,41.9,0,1,6664,2,0.00,0xEE,0,0
14,2.7,15.0,-0.7,1800,0,-1.2,0,46.4,9,41.9,0,1,6664,2,0.00,0xEE,0,0
14,2.8,15.0,-0.7,1800,0,-1.2,0,46.9,9,41.9,0,1,6664,2,0.00,0xEE,0,0
14,2.8,15.0,-0.7,1800,0,-1.2,0,46.6,9,41.9,0,1,6664,2,0.00,0xEE,0,0
14,2.7,15.0,-0.7,1800,0,-1.2,0,47.0,197,41.9,0,1,6664,2,0.00,0xEE,0,0
14,2.7,15.0,-0.7,1800,0,-1.2,0,46.6,9,41.9,0,1,6664,2,0.00,0xEE,0,0
14,2.6,15.0,-0.7,1800,0,-1.2,0,46.2,1,41.9,0,1,6664,2,0.00,0xEE,0,0
14,2.5,15.0,-0.7,1800,0,-1.2,0,46.8,3,41.9,0,1,6664,2,0.00,0xEE,0,0
14,2.7,15.0,-0.7,1800,0,-1.2,0,46.0,5,41.9,0,1,6664,2,0.00,0xEE,0,0
14,2.9,15.0,-0.7,1800,0,-1.2,0,45.9,7,41.9,0,1,6664,2,0.00,0xEE,0,0
14,3.2,15.0,-0.7,1800,0,-1.2,0,46.8,9,41.9,0,1,6664,2,0.00,0xEE,0,0
14,3.2,15.0,-0.7,1800,0,-1.2,0,46.3,9,41.9,0,1,6664,2,0.00,0xEE,0,0
14,2.9,15.0,-0.7,1800,0,-1.2,0,47.1,9,41.9,0,1,6664,2,0.00,0xEE,0,0
14,2.7,15.0,-0.7,1800,0,-1.2,0,46.6,9,41.9,0,1,6664,2,0.00,0xEE,0,0
14,2.6,15.0,-0.7,1800,0,-1.2,0,46.4,9,41.9,0,1,6664,2,0.00,0xEE,0,0
14,2.8,15.0,-0.7,1800,0,-1.2,0,46.6,0,41.9,0,1,6664,2,0.00,0xEE,0,0
14,2.8,15.0,-0.7,1800,0,-1.2,0,46.8,2,41.9,0,1,6664,2,0.00,0xEE,0,0
14,2.7,15.0,-0.7,1800,0,-1.2,0,46.4,4,41.9,0,1,6664,2,0.00,0xEE,0,0
14,2.6,15.0,-0.7,1800,0,-1.2,0,46.8,6,41.9,0,1,6664,2,0.00,0xEE,0,0
14,2.5,15.0,-0.7,1800,0,-1.2,0,46.8,8,41.9,0,1,6664,2,0.00,0xEE,0,0
14,2.5,15.0,-0.7,1800,0,-1.2,0,46.4,60,41.9,0,1,6664,2,0.00,0xEE,0,0
14,2.5,15.0,-0.7,1800,0,-1.2,0,46.8,9,41.9,0,1,6664,2,0.00,0xEE,0,0
14,2.6,15.0,-0.7,1800,0,-1.2,0,46.5,9,41.9,0,1,6664,2,0.00,0xEE,0,0
14,2.7,15.0,-0.7,1800,0,-1.2,0,45.8,9,41.9,0,1,6664,2,0.00,0xEE,0,0
14,2.9,15.0,-0.7,1800,0,-1.2,0,46.2,9,41.9,0,1,6664,2,0.00,0xEE,0,0
14,3.0,15.0,-0.7,1800,0,-1.2,0,46.3,9,41.9,0,1,6664,2,0.00,0xEE,0,0
14,3.0,15.0,-0.7,1800,0,-1.2,0,46.2,0,41.9,0,1,6664,2,0.00,0xEE,0,0
14,3.0,15.0,-0.7,1800,0,-1.2,0,46.2,2,42.7,0,1,6664,2,0.00,0xEE,0,0
14,3.0,15.0,-0.7,1800,0,-1.2,0,46.5,4,42.7,0,1,6664,2,0.00,0xEE,0,0
14,3.0,15.0,-0.7,1800,0,-1.2,0,46.8,6,42.7,0,1,6664,2,0.00,0xEE,0,0
14,2.8,15.0,-0.7,1800,0,-1.2,0,46.7,7,42.7,0,1,6664,2,0.00,0xEE,0,0
14,2.6,15.0,-0.7,1800,0,-1.2,0,46.6,9,42.7,0,1,6664,2,0.00,0xEE,0,0
14,2.6,15.0,-0.7,1800,0,-1.2,0,46.1,9,42.7,0,1,6664,2,0.00,0xEE,0,0
14,2.7,15.0,-0.7,1800,0,-1.2,0,46.3,9,42.7,0,1,6664,2,0.00,0xEE,0,0
14,2.9,15.0,-0.7,1800,0,-1.2,0,46.2,9,42.7,0,1,6664,2,0.00,0xEE,0,0
14,3.0,15.0,-0.7,1800,0,-1.2,0,46.7,9,42.7,0,1,6664,2,0.00,0xEE,0,0
14,2.8,15.0,-0.7,1800,0,-1.2,0,46.5,1,42.7,0,1,6664,2,0.00,0xEE,0,0
14,2.8,15.0,-0.7,1800,0,-1.2,0,46.8,3,42.7,0,1,6664,2,0.00,0xEE,0,0
14,2.8,15.0,-0.7,1800,0,-1.2,0,46.5,5,42.7,0,1,6664,2,0.00,0xEE,0,0
14,2.7,15.0,-0.7,1800,0,-1.2,0,46.8,6,42.7,0,1,6664,2,0.00,0xEE,0,0
14,2.6,15.0,-0.7,1800,0,-1.2,0,47.0,8,42.7,0,1,6664,2,0.00,0xEE,0,0
14,2.5,15.0,-0.7,1800,0,-1.2,0,46.4,9,42.7,0,1,6664,2,0.00,0xEE,0,0
15,2.6,15.0,-0.7,1800,0,-1.2,0,46.5,69,42.7,0,1,6664,2,0.00,0xEE,0,0
15,2.8,15.0,-0.7,1800,0,-1.2,0,46.9,2,42.7,0,1,6664,2,0.00,0xEE,0,0
15,2.7,15.0,-0.7,1800,0,-1.2,0,46.9,4,42.7,0,1,6664,2,0.00,0xEE,0,0
15,2.5,15.0,-0.7,1800,0,-1.2,0,46.3,6,42.7,0,1,6664,2,0.00,0xEE,0,0
15,2.4,15.0,-0.7,1800,0,-1.2,0,46.8,7,42.7,0,1,6664,2,0.00,0xEE,0,0
15,2.5,15.0,-0.7,1800,0,-1.2,0,46.5,9,42.7,0,1,6664,2,0.00,0xEE,0,0
15,2.7,15.0,-0.7,1800,0,-1.2,0,46.3,9,42.7,0,1,6664,2,0.00,0xEE,0,0
15,2.8,15.0,-0.7,1800,0,-1.2,0,46.4,9,42.7,0,1,6664,2,0.00,0xEE,0,0
15,2.9,15.0,-0.7,1800,0,-1.2,0,46.0,9,42.7,0,1,6664,2,0.00,0xEE,0,0
15,2.9,15.0,-0.7,1800,0,-1.2,0,46.6,9,42.7,0,1,6664,2,0.00,0xEE,0,0
15,2.8,15.0,-0.7,1800,0,-1.2,0,46.8,1,42.7,0,1,6664,2,0.00,0xEE,0,0
15,2.7,15.0,-0.7,1800,0,-1.2,0,46.4,3,42.7,0,1,6664,2,0.00,0xEE,0,0
15,2.7,15.0,-0.7,1800,0,-1.2,0,46.6,5,42.7,0,1,6664,2,0.00,0xEE,0,0
15,2.7,15.0,-0.7,1800,0,-1.2,0,46.5,7,42.7,0,1,6664,2,0.00,0xEE,0,0
15,2.7,15.0,-0.7,1800,0,-1.2,0,46.7,8,42.7,0,1,6664,2,0.00,0xEE,0,0
15,2.7,15.0,-0.7,1800,0,-1.2,0,46.7,9,42.7,0,1,6664,2,0.00,0xEE,0,0
15,2.6,15.0,-0.7,1800,0,-1.2,0,46.5,9,42.7,0,1,6664,2,0.00,0xEE,0,0
15,2.6,15.0,-0.7,1800,0,-1.2,0,46.9,9,42.7,0,1,6664,2,0.00,0xEE,0,0
15,2.6,15.0,-0.7,1800,0,-1.2,0,46.6,9,42.7,0,1,6664,2,0.00,0xEE,0,0
15,2.6,15.0,-0.7,1800,0,-1.2,0,46.0,0,42.7,0,1,6664,2,0.00,0xEE,0,0
15,2.5,15.0,-0.7,1800,0,-1.2,0,47.0,2,42.7,0,1,6664,2,0.00,0xEE,0,0
15,2.6,15.0,-0.7,1800,0,-1.2,0,46.6,4,42.7,0,1,6664,2,0.00,0xEE,0,0
15,2.5,15.0,-0.7,1800,0,-1.2,0,47.0,66,42.7,0,1,6664,2,0.00,0xEE,0,0
15,2.5,15.0,-0.7,1800,0,-1.2,0,46.5,9,42.7,0,1,6664,2,0.00,0xEE,0,0
15,2.6,15.0,-0.7,1800,0,-1.2,0,46.3,9,42.7,0,1,6664,2,0.00,0xEE,0,0
15,2.8,15.0,-0.7,1800,0,-1.2,0,45.5,9,42.7,0,1,6664,2,0.00,0xEE,0,0
15,2.9,15.0,-0.7,1800,0,-1.2,0,46.4,1,42.7,0,1,6664,2,0.00,0xEE,0,0
15,2.9,15.0,-0.7,1800,0,-1.2,0,46.4,3,42.7,0,1,6664,2,0.00,0xEE,0,0
15,2.9,15.0,-0.7,1800,0,-1.2,0,46.2,4,42.7,0,1,6664,2,0.00,0xEE,0,0
15,2.9,15.0,-0.7,1800,0,-1.2,0,46.2,6,49.0,0,1,6664,2,0.00,0xEE,0,0
15,3.0,15.0,-0.7,1800,0,-1.2,0,46.5,8,49.0,0,1,6664,2,0.00,0xEE,0,0
15,3.0,15.0,-0.7,1800,0,-1.2,0,46.6,9,49.0,0,1,6664,2,0.00,0xEE,0,0
15,2.9,15.0,-0.7,1800,0,-1.2,0,46.2,9,49.0,0,1,6664,2,0.00,0xEE,0,0
15,2.7,15.0,-0.7,1800,0,-1.2,0,46.9,9,49.0,0,1,6664,2,0.00,0xEE,0,0
15,2.8,15.0,-0.7,1800,0,-1.2,0,46.2,9,49.0,0,1,6664,2,0.00,0xEE,0,0
15,2.8,15.0,-0.7,1800,0,-1.2,0,46.5,0,49.0,0,1,6664,2,0.00,0xEE,0,0
15,2.6,15.0,-0.7,1800,0,-1.2,0,47.2,2,49.0,0,1,6664,2,0.00,0xEE,0,0
15,2.7,15.0,-0.7,1800,0,-1.2,0,46.5,4,49.0,0,1,6664,2,0.00,0xEE,0,0
15,2.6,15.0,-0.7,1800,0,-1.2,0,46.7,5,49.0,0,1,6664,2,0.00,0xEE,0,0
15,2.7,15.0,-0.7,1800,0,-1.2,0,46.3,7,49.0,0,1,6664,2,0.00,0xEE,0,0
15,2.6,15.0,-0.7,1800,0,-1.2,0,46.9,9,49.0,0,1,6664,2,0.00,0xEE,0,0
15,2.6,15.0,-0.7,1800,0,-1.2,0,46.7,9,49.0,0,1,6664,2,0.00,0xEE,0,0
15,2.6,15.0,-0.7,1800,0,-1.2,0,46.4,9,49.0,0,1,6664,2,0.00,0xEE,0,0
15,2.6,15.0,-0.7,1800,0,-1.2,0,47.0,9,49.0,0,1,6664,2,0.00,0xEE,0,0
15,2.6,15.0,-0.7,1800,0,-1.2,0,46.5,69,49.0,0,1,6664,2,0.00,0xEE,0,0
15,2.8,15.0,-0.7,1800,0,-1.2,0,46.6,6,49.0,0,1,6664,2,0.00,0xEE,0,0
15,2.7,15.0,-0.7,1800,0,-1.2,0,47.0,8,49.0,0,1,6664,2,0.00,0xEE,0,0
15,2.7,15.0,-0.7,1800,0,-1.2,0,46.2,9,49.0,0,1,6664,2,0.00,0xEE,0,0
15,2.7,15.0,-0.7,1800,0,-1.2,0,46.6,9,49.0,0,1,6664,2,0.00,0xEE,0,0
15,2.7,15.0,-0.7,1800,0,-1.2,0,47.0,9,49.0,0,1,6664,2,0.00,0xEE,0,0
15,2.7,15.0,-0.7,1800,0,-1.2,0,46.6,9,49.0,0,1,6664,2,0.00,0xEE,0,0
15,2.6,15.0,-0.7,1800,0,-1.2,0,46.2,0,49.0,0,1,6664,2,0.00,0xEE,0,0
15,2.5,15.0,-0.7,1800,0,-1.2,0,47.0,2,49.0,0,1,6664,2,0.00,0xEE,0,0
15,2.7,15.0,-0.7,1800,0,-1.2,0,46.3,4,49.0,0,1,6664,2,0.00,0xEE,0,0
15,2.8,15.0,-0.7,1800,0,-1.2,0,46.4,6,49.0,0,1,6664,2,0.00,0xEE,0,0
15,2.9,15.0,-0.7,1800,0,-1.2,0,46.4,7,49.0,0,1,6664,2,0.00,0xEE,0,0
45,2.9,10.0,0.0,3960,1,0.0,0,46.8,9,49.0,0,1,6600,2,0.00,0xEE,0,0
45,2.8,10.0,7.2,4100,1,-0.0,0,46.7,9,49.0,0,1,6610,2,0.00,0xEE,0,0
60,2.7,10.0,7.3,4100,1,-0.5,0,46.4,9,49.0,0,1,6621,2,0.00,0xEE,0,0
91,2.6,10.0,7.4,4100,1,-1.0,0,46.6,9,49.0,0,1,6632,2,0.00,0xEE,0,0
106,2.7,10.0,7.3,4100,1,-1.2,0,46.5,9,49.0,0,1,6635,2,0.00,0xEE,0,0
122,2.7,10.0,7.3,4100,1,-1.2,0,46.7,1,49.0,0,1,6637,2,0.00,0xEE,0,0
138,2.6,10.0,7.4,4100,1,-1.5,0,47.0,3,49.0,0,1,6643,2,0.00,0xEE,0,0
168,2.5,10.0,7.5,4100,1,-1.7,0,46.2,4,49.0,0,1,6648,2,0.00,0xEE,0,0
184,2.4,10.0,7.6,4100,1,-2.0,0,47.0,6,49.0,0,1,6656,2,0.00,0xEE,0,0
200,2.6,10.0,7.4,4100,1,-1.6,0,46.2,8,49.0,0,1,6648,2,0.00,0xEE,0,0
418,2.6,10.0,7.4,4100,1,-1.3,0,46.7,205,41.7,0,1,6642,2,0.00,0xEE,0,0
434,2.8,10.0,7.2,4100,1,-1.1,0,46.5,9,41.7,0,1,6645,2,0.00,0xEE,0,0
465,2.7,10.0,7.3,4100,1,-0.2,0,46.4,9,41.7,0,1,6631,2,0.00,0xEE,0,0
481,2.8,10.0,7.2,4100,1,0.7,0,46.6,9,41.7,0,1,6615,2,0.00,0xEE,0,0
497,2.8,10.0,7.2,4100,1,1.5,0,46.3,9,41.7,0,1,6601,2,0.00,0xEE,0,0
513,2.8,10.0,7.2,4100,1,2.0,0,46.6,9,41.7,0,1,6594,2,0.00,0xEE,0,0
543,2.8,10.0,7.2,4100,1,2.5,0,46.4,1,41.7,0,1,6585,2,0.00,0xEE,0,0
559,2.9,10.0,7.1,4100,1,2.7,0,46.9,2,41.7,0,1,6582,2,0.00,0xEE,0,0
574,2.7,10.0,7.3,4100,1,2.4,0,46.8,4,41.7,0,1,6590,2,0.00,0xEE,0,0
606,2.6,10.0,7.4,4100,1,1.6,0,46.6,6,41.7,0,1,6606,2,0.00,0xEE,0,0
621,2.5,10.0,7.5,4100,1,0.6,0,47.0,8,41.7,0,1,6626,2,0.00,0xEE,0,0
637,2.4,10.0,7.6,4100,1,-0.4,0,47.1,9,41.7,0,1,6646,2,0.00,0xEE,0,0
668,2.3,10.0,7.7,4100,1,-1.3,0,47.0,9,41.7,0,1,6665,2,0.00,0xEE,0,0
684,2.3,10.0,7.7,4100,1,-2.2,0,46.7,9,41.7,0,1,6683,2,0.00,0xEE,0,0
699,2.3,10.0,7.7,4100,1,-2.6,0,46.8,9,41.7,0,1,6690,2,0.00,0xEE,0,0
715,2.5,10.0,7.5,4100,1,-2.1,0,46.7,0,41.7,0,1,6680,2,0.00,0xEE,0,0
793,2.5,10.0,7.5,4100,1,-2.1,0,46.7,71,41.7,0,1,6680,2,0.00,0xEE,0,0
809,2.6,10.0,7.4,4100,1,-1.1,0,47.1,0,41.7,0,1,6666,2,0.00,0xEE,0,0
840,2.5,10.0,7.5,4100,1,-0.5,0,46.8,2,41.7,0,1,6656,2,0.00,0xEE,0,0
856,2.5,10.0,7.5,4100,1,-0.1,0,46.8,4,41.7,0,1,6650,2,0.00,0xEE,0,0
872,2.5,10.0,7.5,4100,1,0.2,0,46.5,6,41.7,0,1,6646,2,0.00,0xEE,0,0
888,2.5,10.0,7.5,4100,1,0.4,0,46.8,8,41.7,0,1,6644,2,0.00,0xEE,0,0
919,2.5,10.0,7.5,4100,1,0.5,0,46.8,9,41.7,0,1,6642,2,0.00,0xEE,0,0
935,2.5,10.0,7.5,4100,1,0.6,0,46.5,9,41.7,0,1,6641,2,0.00,0xEE,0,0
950,2.5,10.0,7.5,4100,1,0.6,0,46.8,9,41.7,0,1,6641,2,0.00,0xEE,0,0
966,2.5,10.0,7.5,4100,1,0.7,0,46.7,9,41.7,0,1,6640,2,0.00,0xEE,0,0
997,2.5,10.0,7.5,4100,1,0.8,0,46.4,9,41.7,0,1,6638,2,0.00,0xEE,0,0
1013,2.7,10.0,7.3,4100,1,1.3,0,46.3,1,41.7,0,1,6630,2,0.00,0xEE,0,0
1029,2.7,10.0,7.3,4100,1,1.5,0,46.7,3,41.7,0,1,6628,2,0.00,0xEE,0,0
1045,2.7,10.0,7.3,4100,1,1.6,0,47.0,5,41.7,0,1,6627,2,0.00,0xEE,0,0
1076,2.5,10.0,7.5,4100,1,1.2,0,46.8,7,41.7,0,1,6636,2,0.00,0xEE,0,0
1090,2.5,10.0,7.5,4100,1,0.8,0,46.7,9,41.7,0,1,6645,2,0.00,0xEE,0,0
1107,2.5,10.0,7.5,4100,1,0.3,0,46.9,9,41.7,0,1,6655,2,0.00,0xEE,0,0
1138,2.5,10.0,7.5,4100,1,-0.0,0,46.2,9,41.7,0,1,6661,2,0.00,0xEE,0,0
1153,2.6,10.0,7.4,4100,1,0.0,0,46.5,9,41.7,0,1,6660,2,0.00,0xEE,0,0
1169,2.7,10.0,7.3,4100,1,0.3,0,46.5,9,41.7,0,1,6655,2,0.00,0xEE,0,0
1184,2.7,10.0,7.3,4100,1,0.8,0,46.6,0,41.7,0,1,6646,2,0.00,0xEE,0,0
1215,2.6,10.0,7.4,4100,1,0.7,0,46.9,2,41.7,0,1,6651,2,0.00,0xEE,0,0
1277,2.6,10.0,7.4,4100,1,0.4,0,46.6,56,41.7,0,1,6657,2,0.00,0xEE,0,0
1307,2.6,10.0,7.4,4100,1,0.1,0,46.8,3,41.7,0,1,6666,2,0.00,0xEE,0,0
1322,2.5,10.0,7.5,4100,1,-0.2,0,46.8,5,41.7,0,1,6674,2,0.00,0xEE,0,0
1338,2.5,10.0,7.5,4100,1,-0.6,0,46.4,7,41.7,0,1,6682,2,0.00,0xEE,0,0
1369,2.5,10.0,7.5,4100,1,-0.9,0,46.9,9,41.7,0,1,6690,2,0.00,0xEE,0,0
1385,2.5,10.0,7.5,4100,1,-1.0,0,46.6,9,41.7,0,1,6691,2,0.00,0xEE,0,0
1400,2.5,10.0,7.5,4100,1,-1.0,0,46.8,9,41.7,0,1,6691,2,0.00,0xEE,0,0
1431,2.5,10.0,7.5,4100,1,-0.9,0,46.9,9,50.0,0,1,6691,2,0.00,0xEE,0,0
1447,2.5,10.0,7.5,4100,1,-1.0,0,46.4,9,50.0,0,1,6694,2,0.00,0xEE,0,0
1463,2.4,10.0,7.6,4100,1,-1.3,0,47.0,0,50.0,0,1,6703,2,0.00,0xEE,0,0
1479,2.3,10.0,7.7,4100,1,-1.6,0,46.3,2,50.0,0,1,6709,2,0.00,0xEE,0,0
1510,2.5,10.0,7.5,4100,1,-1.2,0,46.2,4,50.0,0,1,6701,2,0.00,0xEE,0,0
1526,2.7,10.0,7.3,4100,1,-0.2,0,46.5,6,50.0,0,1,6681,2,0.00,0xEE,0,0
1541,2.9,10.0,7.1,4100,1,1.0,0,46.6,8,50.0,0,1,6658,2,0.00,0xEE,0,0
1557,2.8,10.0,7.2,4100,1,1.7,0,47.1,9,50.0,0,1,6649,2,0.00,0xEE,0,0
1589,2.7,10.0,7.3,4100,1,1.9,0,46.6,9,50.0,0,1,6647,2,0.00,0xEE,0,0
1605,2.7,10.0,7.3,4100,1,1.8,0,45.8,9,50.0,0,1,6649,2,0.00,0xEE,0,0
1620,2.7,10.0,7.3,4100,1,1.7,0,46.6,9,50.0,0,1,6652,2,0.00,0xEE,0,0
1651,2.7,10.0,7.3,4100,1,1.5,0,46.8,9,50.0,0,1,6656,2,0.00,0xEE,0,0
1667,2.5,10.0,7.5,4100,1,0.6,0,46.6,1,50.0,0,1,6676,2,0.00,0xEE,0,0
1684,2.5,10.0,7.5,4100,1,0.1,0,46.2,3,50.0,0,1,6685,2,0.00,0xEE,0,0
1698,2.6,10.0,7.4,4100,1,0.0,0,46.5,5,50.0,0,1,6687,2,0.00,0xEE,0,0
1730,2.7,10.0,7.3,4100,1,0.2,0,46.7,7,50.0,0,1,6684,2,0.00,0xEE,0,0
1791,2.7,10.0,7.3,4100,1,0.2,1084,46.7,77,50.0,0,1,6684,2,0.00,0xEE,0,0
1806,2.8,10.0,7.2,4100,1,0.4,1369,46.5,7,50.0,0,1,6686,2,0.00,0xEE,0,0
1838,2.8,10.0,7.2,4100,1,0.6,1824,46.3,8,50.0,0,1,6681,2,0.00,0xEE,0,0
1853,2.8,10.0,7.2,4100,1,0.8,2124,46.8,9,50.0,0,1,6679,2,0.00,0xEE,0,0
1868,2.7,10.0,7.3,4100,1,0.6,2588,46.9,9,50.0,0,1,6684,2,0.00,0xEE,0,0
1901,2.5,10.0,7.5,4100,1,-0.0,2926,47.0,9,50.0,0,1,6699,2,0.00,0xEE,0,0
1916,2.4,10.0,7.6,4100,1,-0.9,3192,46.6,9,50.0,0,1,6718,2,0.00,0xEE,0,0
1931,2.4,10.0,7.6,4100,1,-1.9,3543,46.8,0,50.0,0,1,6738,2,0.00,0xEE,0,0
1946,2.5,10.0,7.5,4100,1,-2.1,3718,46.9,2,50.0,0,1,6740,2,0.00,0xEE,0,0
1977,2.4,10.0,7.6,4100,1,-2.1,3869,46.9,4,50.0,0,1,6742,2,0.00,0xEE,0,0
1992,2.4,10.0,7.6,4100,1,-2.2,4026,46.7,6,50.0,0,1,6744,2,0.00,0xEE,0,0
2007,2.4,10.0,7.6,4100,1,-2.0,4232,46.1,7,50.0,0,1,6740,2,0.00,0xEE,0,0
2038,2.5,10.0,7.5,4100,1,-1.6,4334,46.8,9,50.0,0,1,6733,2,0.00,0xEE,0,0
2053,2.5,10.0,7.5,4100,1,-1.1,4502,47.1,9,50.0,0,1,6724,2,0.00,0xEE,0,0
2069,2.5,10.0,7.5,4100,1,-0.7,4569,46.5,9,50.0,0,1,6718,2,0.00,0xEE,0,0
2100,2.6,10.0,7.4,4100,1,-0.2,4713,46.5,9,50.0,0,1,6708,2,0.00,0xEE,0,0
2116,2.7,10.0,7.3,4100,1,0.4,4755,46.7,9,50.0,0,1,6695,2,0.00,0xEE,0,0
2131,2.8,10.0,7.2,4100,1,1.8,4879,46.3,1,50.0,0,1,6668,2,0.00,0xEE,0,0
2147,2.8,10.0,7.2,4100,1,2.4,4972,46.8,3,50.0,0,1,6659,2,0.00,0xEE,0,0
2177,2.9,10.0,7.1,4100,1,2.8,4986,46.2,5,50.0,0,1,6650,2,0.00,0xEE,0,0
2193,2.9,10.0,7.1,4100,1,3.0,5094,46.5,7,50.0,0,1,6648,2,0.00,0xEE,0,0
2208,2.8,10.0,7.2,4100,1,2.8,5165,46.6,8,50.0,0,1,6651,2,0.00,0xEE,0,0
2287,2.7,10.0,7.3,4100,1,2.3,5310,46.9,61,50.0,0,1,6661,2,0.00,0xEE,0,0
2302,2.7,10.0,7.3,4100,1,2.1,5401,46.3,8,50.0,0,1,6667,2,0.00,0xEE,0,0
2332,2.6,10.0,7.4,4100,1,0.9,5451,46.9,9,50.0,0,1,6690,2,0.00,0xEE,0,0
2348,2.6,10.0,7.4,4100,1,0.0,5432,46.5,9,50.0,0,1,6706,2,0.00,0xEE,0,0
2364,2.5,10.0,7.5,4100,1,-1.0,5477,47.0,9,50.0,0,1,6725,2,0.00,0xEE,0,0
2379,2.6,10.0,7.4,4100,1,-1.4,5520,46.5,9,50.0,0,1,6731,2,0.00,0xEE,0,0
2411,2.7,10.0,7.3,4100,1,-1.7,5604,46.5,1,50.0,0,1,6736,2,0.00,0xEE,0,0
2426,2.6,10.0,7.4,4100,1,-1.7,5643,46.7,3,49.0,0,1,6737,2,0.00,0xEE,0,0
2441,2.7,10.0,7.3,4100,1,-1.4,5679,46.3,5,49.0,0,1,6732,2,0.00,0xEE,0,0
2471,2.6,10.0,7.4,4100,1,-1.3,5715,46.7,7,49.0,0,1,6732,2,0.00,0xEE,0,0
2487,2.7,10.0,7.3,4100,1,-0.9,5683,46.4,9,49.0,0,1,6723,2,0.00,0xEE,0,0
2503,2.7,10.0,7.3,4100,1,-0.7,5715,46.8,9,49.0,0,1,6721,2,0.00,0xEE,0,0
2519,2.7,10.0,7.3,4100,1,-0.5,5746,46.7,9,49.0,0,1,6718,2,0.00,0xEE,0,0
2550,2.5,10.0,7.5,4100,1,-0.7,5775,47.3,9,49.0,0,1,6722,2,0.00,0xEE,0,0
2565,2.5,10.0,7.5,4100,1,-0.8,5804,46.5,9,49.0,0,1,6724,2,0.00,0xEE,0,0
2580,2.6,10.0,7.4,4100,1,-0.7,5832,46.9,0,49.0,0,1,6723,2,0.00,0xEE,0,0
2613,2.6,10.0,7.4,4100,1,-0.6,5858,46.4,2,49.0,0,1,6721,2,0.00,0xEE,0,0
2629,2.6,10.0,7.4,4100,1,-0.4,5933,46.6,4,49.0,0,1,6717,2,0.00,0xEE,0,0
2644,2.7,10.0,7.3,4100,1,0.0,5958,46.3,6,49.0,0,1,6708,2,0.00,0xEE,0,0
2660,2.7,10.0,7.3,4100,1,0.5,5982,46.8,8,49.0,0,1,6700,2,0.00,0xEE,0,0
2692,2.7,10.0,7.3,4100,1,0.8,6004,46.6,9,49.0,0,1,6694,2,0.00,0xEE,0,0
2708,2.6,10.0,7.4,4100,1,0.7,6026,47.2,9,49.0,0,1,6698,2,0.00,0xEE,0,0
2723,2.6,10.0,7.4,4098,1,0.6,6048,46.2,9,49.0,0,1,6701,2,0.00,0xEE,0,0
2816,2.4,10.0,7.6,4099,1,-0.0,6137,47.1,73,49.0,0,1,6714,2,0.00,0xEE,0,0
2831,2.5,10.0,7.5,4100,1,-0.1,6090,46.7,8,49.0,0,1,6715,2,0.00,0xEE,0,0
2846,2.4,10.0,7.6,4100,1,-0.5,6170,46.3,9,49.0,0,1,6723,2,0.00,0xEE,0,0
2877,2.7,10.0,7.3,4100,1,-0.1,6188,46.4,9,49.0,0,1,6714,2,0.00,0xEE,0,0
2893,2.8,10.0,7.2,4095,1,0.4,6204,46.5,9,49.0,0,1,6704,2,0.00,0xEE,0,0
2909,2.8,10.0,7.2,4087,1,1.0,6220,46.8,9,49.0,0,1,6693,2,0.00,0xEE,0,0
2925,2.6,10.0,7.4,4088,1,1.0,6235,47.0,0,49.0,0,1,6695,2,0.00,0xEE,0,0
2955,2.6,10.0,7.4,4097,1,0.7,6250,46.6,2,49.0,0,1,6701,2,0.00,0xEE,0,0
2971,2.6,10.0,7.4,4099,1,0.4,6264,46.6,4,49.0,0,1,6707,2,0.00,0xEE,0,0
2986,2.7,10.0,7.3,4099,1,0.3,6277,46.9,6,49.0,0,1,6707,2,0.00,0xEE,0,0
3016,2.7,10.0,7.3,4097,1,0.3,6233,46.5,8,49.0,0,1,6709,2,0.00,0xEE,0,0
3032,2.6,10.0,7.4,4100,1,-0.1,6246,47.2,9,49.0,0,1,6716,2,0.00,0xEE,0,0
3046,2.6,10.0,7.4,4100,1,-0.2,6259,46.4,9,49.0,0,1,6719,2,0.00,0xEE,0,0
3077,2.6,10.0,7.4,4100,1,-0.4,6272,46.6,9,49.0,0,1,6722,2,0.00,0xEE,0,0
3093,2.8,10.0,7.2,4098,1,-0.0,6284,45.8,9,49.0,0,1,6714,2,0.00,0xEE,0,0
3108,2.7,10.0,7.3,4098,1,0.2,6359,46.6,9,49.0,0,1,6711,2,0.00,0xEE,0,0
3139,2.6,10.0,7.4,4096,1,0.1,6370,46.8,1,49.0,0,1,6715,2,0.00,0xEE,0,0
3155,2.5,10.0,7.5,4100,1,-0.4,6381,47.1,3,49.0,0,1,6724,2,0.00,0xEE,0,0
3171,2.4,10.0,7.6,4100,1,-1.0,6392,46.9,5,49.0,0,1,6737,2,0.00,0xEE,0,0
3186,2.4,10.0,7.6,4100,1,-1.5,6343,46.5,7,49.0,0,1,6747,2,0.00,0xEE,0,0
3217,2.5,10.0,7.5,4100,1,-1.5,6354,46.5,9,49.0,0,1,6745,2,0.00,0xEE,0,0
3232,2.6,10.0,7.4,4100,1,-1.1,6364,46.8,9,49.0,0,1,6736,2,0.00,0xEE,0,0
3310,2.7,10.0,7.3,4099,1,-0.4,6406,46.6,74,49.0,0,1,6724,2,0.00,0xEE,0,0
3341,2.5,10.0,7.5,4100,1,-0.5,6479,47.0,7,49.0,0,1,6729,2,0.00,0xEE,0,0
3357,2.3,10.0,7.7,4100,1,-0.9,6487,47.0,9,49.0,0,1,6738,2,0.00,0xEE,0,0
3372,2.3,10.0,7.7,4100,1,-1.4,6494,46.6,9,49.0,0,1,6748,2,0.00,0xEE,0,0
3388,2.3,10.0,7.7,4100,1,-1.7,6443,47.1,9,49.0,0,1,6753,2,0.00,0xEE,0,0
3419,2.4,10.0,7.6,4100,1,-1.5,6450,46.6,9,49.0,0,1,6749,2,0.00,0xEE,0,0
3435,2.5,10.0,7.5,4100,1,-0.9,6458,46.6,9,48.8,0,1,6737,2,0.00,0xEE,0,0
3451,2.6,10.0,7.4,4091,1,0.3,6530,46.9,1,48.8,0,1,6714,2,0.00,0xEE,0,0
3481,2.5,10.0,7.5,4086,1,0.4,6537,46.2,3,48.8,0,1,6715,2,0.00,0xEE,0,0
3497,2.4,10.0,7.6,4087,1,0.3,6544,46.8,4,48.8,0,1,6718,2,0.00,0xEE,0,0
3513,2.5,10.0,7.5,4085,1,0.4,6489,46.6,6,48.8,0,1,6715,2,0.00,0xEE,0,0
3528,2.6,10.0,7.4,4086,1,0.6,6494,46.7,8,48.8,0,1,6710,2,0.00,0xEE,0,0
3559,2.6,10.0,7.4,4085,1,0.9,6500,47.0,9,48.8,0,1,6705,2,0.00,0xEE,0,0
3574,2.5,10.0,7.5,4086,1,0.7,6570,47.1,9,48.8,0,1,6710,2,0.00,0xEE,0,0
3589,2.3,10.0,7.7,4094,1,0.2,6577,47.2,9,48.8,0,1,6721,2,0.00,0xEE,0,0
3620,2.2,10.0,7.8,4100,1,-0.6,6581,46.5,9,48.8,0,1,6737,2,0.00,0xEE,0,0
3634,2.3,10.0,7.7,4100,1,-1.4,6525,46.4,0,48.8,0,1,6750,2,0.00,0xEE,0,0
3650,2.5,10.0,7.5,4100,1,-0.8,6531,46.5,1,48.8,0,1,6738,2,0.00,0xEE,0,0
3681,2.8,10.0,7.2,4088,1,0.3,6535,46.5,3,48.8,0,1,6716,2,0.00,0xEE,0,0
3697,2.8,10.0,7.2,4077,1,1.1,6607,47.2,5,48.8,0,1,6700,2,0.00,0xEE,0,0
3712,2.8,10.0,7.2,4069,1,1.8,6612,46.3,7,48.8,0,1,6689,2,0.00,0xEE,0,0
3742,2.6,10.0,7.4,4073,1,1.8,6554,47.0,9,48.8,0,1,6692,2,0.00,0xEE,0,0
3821,2.5,10.0,7.5,4081,1,1.3,6571,46.9,73,48.8,0,1,6702,2,0.00,0xEE,0,0
3836,2.4,10.0,7.6,4093,1,0.4,6576,46.5,5,48.8,0,1,6720,2,0.00,0xEE,0,0
3866,2.5,10.0,7.5,4092,1,0.2,6644,46.5,6,48.8,0,1,6722,2,0.00,0xEE,0,0
3881,2.7,10.0,7.3,4088,1,0.4,6648,46.5,8,48.8,0,1,6718,2,0.00,0xEE,0,0
3897,2.8,10.0,7.2,4085,1,0.8,6589,46.6,9,48.8,0,1,6710,2,0.00,0xEE,0,0
3913,2.7,10.0,7.3,4085,1,0.9,6593,47.3,9,48.8,0,1,6708,2,0.00,0xEE,0,0
3944,2.6,10.0,7.4,4090,1,0.7,6662,46.9,9,48.8,0,1,6714,2,0.00,0xEE,0,0
3960,2.5,10.0,7.5,4096,1,0.1,6666,46.8,9,48.8,0,1,6726,2,0.00,0xEE,0,0
3976,2.4,10.0,7.6,4100,1,-0.9,6605,47.2,0,48.8,0,1,6746,2,0.00,0xEE,0,0
4006,2.5,10.0,7.5,4100,1,-1.0,6609,46.6,2,48.8,0,1,6747,2,0.00,0xEE,0,0
4021,2.6,10.0,7.4,4100,1,-0.9,6613,46.6,4,48.8,0,1,6744,2,0.00,0xEE,0,0
4037,2.6,10.0,7.4,4099,1,-0.6,6683,47.2,6,48.8,0,1,6737,2,0.00,0xEE,0,0
4052,2.5,10.0,7.5,4100,1,-0.7,6687,47.2,7,48.8,0,1,6742,2,0.00,0xEE,0,0
4083,2.3,10.0,7.7,4100,1,-1.3,6626,46.7,9,48.8,0,1,6755,2,0.00,0xEE,0,0
4098,2.2,10.0,7.8,4100,1,-1.8,6631,46.7,9,48.8,0,1,6765,2,0.00,0xEE,0,0
4114,2.4,10.0,7.6,4100,1,-1.7,6634,46.8,9,48.8,0,1,6761,2,0.00,0xEE,0,0
4145,2.6,10.0,7.4,4100,1,-1.0,6703,46.6,9,48.8,0,1,6748,2,0.00,0xEE,0,0
4161,2.6,10.0,7.4,4093,1,-0.4,6708,46.6,9,48.8,0,1,6736,2,0.00,0xEE,0,0
4176,2.7,10.0,7.3,4081,1,0.8,6647,46.7,1,48.8,0,1,6715,2,0.00,0xEE,0,0
4206,2.6,10.0,7.4,4079,1,1.1,6650,47.0,3,48.8,0,1,6709,2,0.00,0xEE,0,0
4222,2.5,10.0,7.5,4080,1,0.9,6718,47.1,5,48.8,0,1,6714,2,0.00,0xEE,0,0
4238,2.4,10.0,7.6,4085,1,0.4,6720,46.5,7,48.8,0,1,6725,2,0.00,0xEE,0,0
4329,2.4,10.0,7.6,4086,1,0.4,6668,46.5,91,48.8,0,1,6725,2,0.00,0xEE,0,0
4345,2.3,10.0,7.7,4095,1,-0.2,6669,46.8,2,48.8,0,1,6738,2,0.00,0xEE,0,0
4361,2.4,10.0,7.6,4094,1,-0.4,6737,46.7,4,48.8,0,1,6740,2,0.00,0xEE,0,0
4377,2.5,10.0,7.5,4091,1,-0.2,6740,46.4,6,48.8,0,1,6737,2,0.00,0xEE,0,0
4408,2.5,10.0,7.5,4090,1,-0.0,6675,46.8,8,48.8,0,1,6733,2,0.00,0xEE,0,0
4423,2.5,10.0,7.5,4089,1,0.1,6680,47.1,9,48.8,0,1,6731,2,0.00,0xEE,0,0
4438,2.5,10.0,7.5,4088,1,0.2,6747,46.4,9,48.6,0,1,6731,2,0.00,0xEE,0,0
4469,2.5,10.0,7.5,4088,1,0.1,6747,46.8,9,48.6,0,1,6733,2,0.00,0xEE,0,0
4485,2.5,10.0,7.5,4089,1,0.1,6685,46.7,9,48.6,0,1,6732,2,0.00,0xEE,0,0
4500,2.5,10.0,7.5,4088,1,0.2,6688,46.6,9,48.6,0,1,6730,2,0.00,0xEE,0,0
4530,2.5,10.0,7.5,4087,1,0.2,6755,47.2,1,48.6,0,1,6731,2,0.00,0xEE,0,0
4561,2.4,10.0,7.6,4090,1,-0.2,6758,47.0,3,48.6,0,1,6740,2,0.00,0xEE,0,0
4561,2.3,10.0,7.7,4098,1,-0.7,6694,46.9,5,48.6,0,1,6751,2,0.00,0xEE,0,0
4592,2.3,10.0,7.7,4100,1,-1.1,6694,47.2,7,48.6,0,1,6759,2,0.00,0xEE,0,0
4608,2.3,10.0,7.7,4100,1,-1.3,6762,46.8,9,48.6,0,1,6762,2,0.00,0xEE,0,0
4623,2.3,10.0,7.7,4100,1,-1.3,6765,46.9,9,48.6,0,1,6762,2,0.00,0xEE,0,0
4639,2.4,10.0,7.6,4098,1,-1.1,6702,46.3,9,48.6,0,1,6757,2,0.00,0xEE,0,0
4670,2.4,10.0,7.6,4099,1,-0.8,6703,47.1,9,48.6,0,1,6753,2,0.00,0xEE,0,0
4686,2.6,10.0,7.4,4091,1,-0.2,6772,46.4,9,48.6,0,1,6739,2,0.00,0xEE,0,0
4717,2.5,10.0,7.5,4083,1,0.6,6775,47.0,0,48.6,0,1,6725,2,0.00,0xEE,0,0
4717,2.4,10.0,7.6,4080,1,0.5,6709,46.8,2,48.6,0,1,6731,2,0.00,0xEE,0,0
4748,2.3,10.0,7.7,4085,1,0.2,6711,47.0,4,48.6,0,1,6736,2,0.00,0xEE,0,0
4824,2.3,10.0,7.7,4083,1,0.2,6782,47.0,80,48.6,0,1,6736,2,0.00,0xEE,0,0
4840,2.3,10.0,7.7,4085,1,0.1,6717,46.9,8,48.6,0,1,6737,2,0.00,0xEE,0,0
4855,2.3,10.0,7.7,4089,1,-0.1,6717,46.2,9,48.6,0,1,6742,2,0.00,0xEE,0,0
4886,2.4,10.0,7.6,4088,1,-0.1,6784,47.1,9,48.6,0,1,6743,2,0.00,0xEE,0,0
4902,2.4,10.0,7.6,4084,1,-0.0,6785,46.7,9,48.6,0,1,6740,2,0.00,0xEE,0,0
4918,2.5,10.0,7.5,4082,1,0.2,6720,46.5,9,48.6,0,1,6735,2,0.00,0xEE,0,0
4933,2.7,10.0,7.3,4077,1,1.4,6721,46.4,1,48.6,0,1,6711,2,0.00,0xEE,0,0
4965,3.0,10.0,7.0,4054,1,2.5,6788,45.6,3,48.6,0,1,6689,2,0.00,0xEE,0,0
4980,3.2,10.0,6.8,4037,1,3.7,6788,45.9,4,48.6,0,1,6665,2,0.00,0xEE,0,0
4995,3.4,10.0,6.6,4024,1,5.0,6724,46.1,7,48.6,0,1,6641,2,0.00,0xEE,0,0
5026,3.3,10.0,6.7,4018,1,5.6,6723,46.3,8,48.6,0,1,6630,2,0.00,0xEE,0,0
5041,3.2,10.0,6.8,4017,1,5.5,6787,47.0,9,48.6,0,1,6633,2,0.00,0xEE,0,0
5056,3.0,10.0,7.0,4023,1,4.8,6785,46.2,9,48.6,0,1,6648,2,0.00,0xEE,0,0
5072,3.0,10.0,7.0,4035,1,3.9,6715,45.8,9,48.6,0,1,6665,2,0.00,0xEE,0,0
5102,3.2,10.0,6.8,4040,1,3.4,6715,45.8,9,48.6,0,1,6671,2,0.00,0xEE,0,0
5118,3.4,10.0,6.6,4037,1,3.1,6778,46.1,0,48.6,0,1,6675,2,0.00,0xEE,0,0
5134,3.3,10.0,6.7,4045,1,2.5,6778,46.2,2,48.6,0,1,6688,2,0.00,0xEE,0,0
5165,3.1,10.0,6.9,4059,1,1.5,6711,46.5,4,48.6,0,1,6708,2,0.00,0xEE,0,0
5180,3.1,10.0,6.9,4070,1,0.6,6711,46.2,5,48.6,0,1,6725,2,0.00,0xEE,0,0
5196,3.1,10.0,6.9,4077,1,-0.2,6776,45.9,7,48.6,0,1,6740,2,0.00,0xEE,0,0
5227,3.1,10.0,6.9,4082,1,-0.8,6776,46.4,9,48.6,0,1,6751,2,0.00,0xEE,0,0
5243,3.0,10.0,7.0,4091,1,-1.5,6711,47.1,9,48.6,0,1,6763,2,0.00,0xEE,0,0
5322,2.9,10.0,7.1,4100,1,-2.2,6782,46.5,76,48.6,0,1,6777,2,0.00,0xEE,0,0
5351,2.7,10.0,7.3,4100,1,-2.3,6718,46.7,8,48.6,0,1,6782,2,0.00,0xEE,0,0
5367,2.7,10.0,7.3,4100,1,-2.6,6720,46.1,9,48.6,0,1,6790,2,0.00,0xEE,0,0
5382,2.8,10.0,7.2,4100,1,-2.5,6788,46.1,9,48.6,0,1,6785,2,0.00,0xEE,0,0
5413,3.0,10.0,7.0,4093,1,-1.7,6790,46.1,9,48.6,0,1,6769,2,0.00,0xEE,0,0
5429,3.2,10.0,6.8,4078,1,-0.6,6726,46.3,9,48.6,0,1,6748,2,0.00,0xEE,0,0
5445,3.0,10.0,7.0,4072,1,0.5,6726,46.2,1,46.9,0,1,6731,2,0.00,0xEE,0,0
5461,3.0,10.0,7.0,4071,1,0.6,6795,46.4,3,46.9,0,1,6730,2,0.00,0xEE,0,0
5491,3.0,10.0,7.0,4067,1,0.7,6795,45.8,5,46.9,0,1,6727,2,0.00,0xEE,0,0
5507,3.1,10.0,6.9,4058,1,1.1,6727,45.9,7,46.9,0,1,6718,2,0.00,0xEE,0,0
5522,3.3,10.0,6.7,4052,1,1.8,6729,46.4,9,46.9,0,1,6705,2,0.00,0xEE,0,0
5553,3.3,10.0,6.7,4051,1,2.1,6795,46.3,9,46.9,0,1,6700,2,0.00,0xEE,0,0
5569,3.1,10.0,6.9,4050,1,1.9,6795,46.0,9,46.9,0,1,6705,2,0.00,0xEE,0,0
5585,3.1,10.0,6.9,4052,1,1.6,6727,46.0,9,46.9,0,1,6712,2,0.00,0xEE,0,0
5601,3.2,10.0,6.8,4056,1,1.5,6727,46.0,9,46.9,0,1,6712,2,0.00,0xEE,0,0
5632,3.3,10.0,6.7,4055,1,1.6,6791,45.7,0,46.9,0,1,6709,2,0.00,0xEE,0,0
5647,3.3,10.0,6.7,4050,1,1.6,6793,45.9,2,46.9,0,1,6709,2,0.00,0xEE,0,0
5663,3.4,10.0,6.6,4048,1,1.7,6726,46.3,4,46.9,0,1,6708,2,0.00,0xEE,0,0
5694,3.4,10.0,6.6,4052,1,1.7,6724,45.5,6,46.9,0,1,6708,2,0.00,0xEE,0,0
5710,3.4,10.0,6.6,4052,1,1.7,6790,45.8,8,46.9,0,1,6707,2,0.00,0xEE,0,0
5726,3.5,10.0,6.5,4048,1,1.7,6788,46.2,9,46.9,0,1,6707,2,0.00,0xEE,0,0
5741,3.5,10.0,6.5,4049,1,1.7,6721,45.2,9,46.9,0,1,6706,2,0.00,0xEE,0,0
5836,3.6,10.0,6.4,4046,1,1.8,6785,45.6,73,46.9,0,1,6704,2,0.00,0xEE,0,0
5851,3.6,10.0,6.4,4049,1,1.6,6782,45.8,7,46.9,0,1,6708,2,0.00,0xEE,0,0
5866,3.6,10.0,6.4,4050,1,1.2,6717,45.4,9,46.9,0,1,6716,2,0.00,0xEE,0,0
5897,3.6,10.0,6.4,4054,1,1.0,6717,45.1,9,46.9,0,1,6720,2,0.00,0xEE,0,0
5913,3.8,10.0,6.2,4054,1,1.1,6782,45.4,9,46.9,0,1,6716,2,0.00,0xEE,0,0
5928,3.9,10.0,6.1,4047,1,1.5,6782,46.0,9,46.9,0,1,6707,2,0.00,0xEE,0,0
5943,3.9,10.0,6.1,4042,1,1.7,6715,45.1,9,46.9,0,1,6703,2,0.00,0xEE,0,0
5974,3.9,10.0,6.1,4044,1,1.8,6715,45.0,0,46.9,0,1,6702,2,0.00,0xEE,0,0
5990,4.1,10.0,5.9,4040,1,2.1,6779,45.0,2,46.9,0,1,6694,2,0.00,0xEE,0,0
6005,4.3,10.0,5.7,4030,1,2.8,6779,45.2,4,46.9,0,1,6680,2,0.00,0xEE,0,0
6036,4.3,10.0,5.7,4021,1,3.3,6711,45.0,6,46.9,0,1,6670,2,0.00,0xEE,0,0
6052,4.3,10.0,5.7,4020,1,3.5,6711,45.1,8,46.9,0,1,6668,2,0.00,0xEE,0,0
6067,4.3,10.0,5.7,4023,1,3.3,6775,45.3,9,46.9,0,1,6671,2,0.00,0xEE,0,0
6097,4.2,10.0,5.8,4028,1,2.9,6772,45.2,9,46.9,0,1,6681,2,0.00,0xEE,0,0
6113,4.1,10.0,5.9,4034,1,2.3,6705,44.8,9,46.9,0,1,6692,2,0.00,0xEE,0,0
6128,4.1,10.0,5.9,4041,1,1.6,6705,45.2,9,46.9,0,1,6704,2,0.00,0xEE,0,0
6144,4.3,10.0,5.7,4044,1,1.3,6768,44.6,9,46.9,0,1,6708,2,0.00,0xEE,0,0
6175,4.6,10.0,5.4,4044,1,1.7,6767,44.5,1,46.9,0,1,6697,2,0.00,0xEE,0,0
6190,4.6,10.0,5.4,4032,1,2.1,6702,44.7,3,46.9,0,1,6691,2,0.00,0xEE,0,0
6206,4.7,10.0,5.3,4030,1,2.4,6700,45.0,5,46.9,0,1,6684,2,0.00,0xEE,0,0
6237,4.6,10.0,5.4,4029,1,2.5,6767,44.5,7,46.9,0,1,6683,2,0.00,0xEE,0,0
6252,4.6,10.0,5.4,4028,1,2.4,6767,44.7,9,46.9,0,1,6685,2,0.00,0xEE,0,0
6331,4.6,10.0,5.4,4031,1,2.2,6697,44.8,73,46.9,0,1,6688,2,0.00,0xEE,0,0
6362,4.7,10.0,5.3,4036,1,1.7,6696,44.4,4,46.9,0,1,6699,2,0.00,0xEE,0,0
6377,4.8,10.0,5.2,4036,1,1.5,6759,43.9,6,46.9,0,1,6700,2,0.00,0xEE,0,0
6393,5.0,10.0,5.0,4030,1,1.8,6759,44.1,8,46.9,0,1,6693,2,0.00,0xEE,0,0
6408,5.2,10.0,4.8,4024,1,2.4,6694,44.0,9,46.9,0,1,6680,2,0.00,0xEE,0,0
6440,5.3,10.0,4.7,4017,1,3.0,6693,44.6,9,46.9,0,1,6668,2,0.00,0xEE,0,0
6455,5.3,10.0,4.7,4011,1,3.4,6756,43.9,9,49.6,0,1,6660,2,0.00,0xEE,0,0
6470,5.3,10.0,4.7,4010,1,3.4,6756,44.2,9,49.6,0,1,6661,2,0.00,0xEE,0,0
6502,5.2,10.0,4.8,4014,1,3.2,6688,44.4,9,49.6,0,1,6667,2,0.00,0xEE,0,0
6516,5.1,10.0,4.9,4023,1,1.8,6688,43.9,1,49.6,0,1,6693,2,0.00,0xEE,0,0
6534,5.1,10.0,4.9,4038,1,1.2,6752,44.1,3,49.6,0,1,6703,2,0.00,0xEE,0,0
6547,5.2,10.0,4.8,4038,1,0.9,6750,44.4,5,49.6,0,1,6708,2,0.00,0xEE,0,0
6578,5.3,10.0,4.7,4038,1,0.7,6685,44.0,7,49.6,0,1,6710,2,0.00,0xEE,0,0
6594,5.2,10.0,4.8,4042,1,0.5,6685,44.2,9,49.6,0,1,6715,2,0.00,0xEE,0,0
6609,5.3,10.0,4.7,4046,1,0.4,6750,44.0,9,49.6,0,1,6717,2,0.00,0xEE,0,0
6640,5.3,10.0,4.7,4045,1,0.3,6750,43.8,9,49.6,0,1,6718,2,0.00,0xEE,0,0
6655,5.4,10.0,4.6,4040,1,0.6,6687,43.5,9,49.6,0,1,6711,2,0.00,0xEE,0,0
6671,5.5,10.0,4.5,4035,1,1.0,6687,43.9,9,49.6,0,1,6704,2,0.00,0xEE,0,0
6703,5.7,10.0,4.3,4028,1,2.3,6752,43.6,0,49.6,0,1,6677,2,0.00,0xEE,0,0
6718,5.8,10.0,4.2,4012,1,2.9,6753,44.0,2,49.6,0,1,6666,2,0.00,0xEE,0,0
6734,5.7,10.0,4.3,4011,1,2.9,6687,43.8,4,49.6,0,1,6667,2,0.00,0xEE,0,0
6749,5.6,10.0,4.4,4017,1,2.6,6684,43.5,6,49.6,0,1,6673,2,0.00,0xEE,0,0
6843,5.6,10.0,4.4,4015,1,2.6,6744,43.5,89,49.6,0,1,6673,2,0.00,0xEE,0,0
6859,5.5,10.0,4.5,4016,1,1.4,6744,44.1,0,49.6,0,1,6698,2,0.00,0xEE,0,0
6874,5.5,10.0,4.5,4041,1,0.4,6677,43.7,2,49.6,0,1,6716,2,0.00,0xEE,0,0
6921,5.5,10.0,4.5,4052,1,-0.4,6678,43.8,4,49.6,0,1,6731,2,0.00,0xEE,0,0
6921,5.5,10.0,4.5,4059,1,-1.0,6744,44.0,6,49.6,0,1,6741,2,0.00,0xEE,0,0
6952,5.6,10.0,4.4,4060,1,-1.3,6743,43.6,8,49.6,0,1,6746,2,0.00,0xEE,0,0
6952,5.5,10.0,4.5,4060,1,-1.6,6746,43.9,9,49.6,0,1,6751,2,0.00,0xEE,0,0
6982,5.5,10.0,4.5,4065,1,-1.8,6681,44.2,9,49.6,0,1,6756,2,0.00,0xEE,0,0
6997,5.5,10.0,4.5,4069,1,-2.0,6681,43.5,9,49.6,0,1,6759,2,0.00,0xEE,0,0
7012,5.5,10.0,4.5,4065,1,-1.8,6750,43.7,9,49.6,0,1,6756,2,0.00,0xEE,0,0
7042,5.6,10.0,4.4,4060,1,-1.4,6750,43.6,9,49.6,0,1,6747,2,0.00,0xEE,0,0
7059,5.7,10.0,4.3,4050,1,-0.3,6685,43.9,1,49.6,0,1,6728,2,0.00,0xEE,0,0
7074,5.6,10.0,4.4,4051,1,-0.2,6688,44.0,3,49.6,0,1,6728,2,0.00,0xEE,0,0
7105,5.5,10.0,4.5,4051,1,-0.4,6753,44.1,5,49.6,0,1,6732,2,0.00,0xEE,0,0
7120,5.4,10.0,4.6,4053,1,-0.7,6755,44.0,7,49.6,0,1,6738,2,0.00,0xEE,0,0
7136,5.4,10.0,4.6,4058,1,-0.9,6690,43.9,9,49.6,0,1,6744,2,0.00,0xEE,0,0
7151,5.4,10.0,4.6,4061,1,-1.0,6691,43.9,9,49.6,0,1,6745,2,0.00,0xEE,0,0
7182,5.4,10.0,4.6,4058,1,-1.0,6758,44.1,9,49.6,0,1,6744,2,0.00,0xEE,0,0
7198,5.4,10.0,4.6,4056,1,-0.9,6758,44.0,9,49.6,0,1,6742,2,0.00,0xEE,0,0
7214,5.4,10.0,4.6,4057,1,-0.8,6694,43.6,9,49.6,0,1,6742,2,0.00,0xEE,0,0
7246,5.5,10.0,4.5,4059,1,-0.6,6696,43.7,0,49.6,0,1,6736,2,0.00,0xEE,0,0
7261,5.5,10.0,4.5,4048,1,-0.1,6762,43.8,2,49.6,0,1,6728,2,0.00,0xEE,0,0
7339,5.5,10.0,4.5,4045,1,-0.1,6700,43.8,86,49.6,0,1,6728,2,0.00,0xEE,0,0
7354,5.6,10.0,4.4,4047,1,-0.0,6700,43.9,9,49.6,0,1,6725,2,0.00,0xEE,0,0
7386,5.5,10.0,4.5,4046,1,0.3,6767,44.1,9,49.6,0,1,6722,2,0.00,0xEE,0,0
7401,5.4,10.0,4.6,4044,1,0.2,6768,44.3,1,49.6,0,1,6725,2,0.00,0xEE,0,0
7416,5.3,10.0,4.7,4049,1,-0.3,6703,44.3,3,49.6,0,1,6736,2,0.00,0xEE,0,0
7448,5.1,10.0,4.9,4060,1,-1.0,6703,44.0,5,49.6,0,1,6751,2,0.00,0xEE,0,0
7463,5.1,10.0,4.9,4068,1,-1.5,6703,43.6,7,46.7,0,1,6758,2,0.00,0xEE,0,0
7479,5.3,10.0,4.7,4066,1,-1.5,6768,44.2,9,46.7,0,1,6758,2,0.00,0xEE,0,0
7494,5.4,10.0,4.6,4059,1,-1.2,6770,44.0,9,46.7,0,1,6751,2,0.00,0xEE,0,0
7525,5.4,10.0,4.6,4057,1,-0.9,6706,43.8,9,46.7,0,1,6746,2,0.00,0xEE,0,0
7540,5.4,10.0,4.6,4053,1,-0.4,6705,43.6,9,46.7,0,1,6736,2,0.00,0xEE,0,0
7556,5.5,10.0,4.5,4046,1,0.1,6773,44.5,9,46.7,0,1,6726,2,0.00,0xEE,0,0
7587,5.2,10.0,4.8,4043,1,0.0,6772,44.1,1,46.7,0,1,6731,2,0.00,0xEE,0,0
7602,5.1,10.0,4.9,4054,1,-0.5,6708,44.0,2,46.7,0,1,6741,2,0.00,0xEE,0,0
7618,5.2,10.0,4.8,4057,1,-0.7,6708,44.1,4,46.7,0,1,6744,2,0.00,0xEE,0,0
7648,5.3,10.0,4.7,4055,1,-0.5,6773,43.6,6,46.7,0,1,6741,2,0.00,0xEE,0,0
7663,5.3,10.0,4.7,4052,1,-0.4,6773,44.4,8,46.7,0,1,6739,2,0.00,0xEE,0,0
7678,5.2,10.0,4.8,4054,1,-0.5,6708,44.3,9,46.7,0,1,6741,2,0.00,0xEE,0,0
7710,5.1,10.0,4.9,4059,1,-0.8,6711,44.5,9,46.7,0,1,6749,2,0.00,0xEE,0,0
7724,5.0,10.0,5.0,4063,1,-1.2,6775,43.8,9,46.7,0,1,6757,2,0.00,0xEE,0,0
7740,5.2,10.0,4.8,4060,1,-1.1,6776,43.6,9,46.7,0,1,6753,2,0.00,0xEE,0,0
7755,5.4,10.0,4.6,4053,1,-0.4,6711,44.1,9,46.7,0,1,6738,2,0.00,0xEE,0,0
7850,5.5,10.0,4.5,4043,1,0.4,6776,44.2,73,46.7,0,1,6724,2,0.00,0xEE,0,0
7865,5.4,10.0,4.6,4041,1,0.4,6776,44.1,8,46.7,0,1,6724,2,0.00,0xEE,0,0
7881,5.3,10.0,4.7,4044,1,0.4,6709,43.7,9,46.7,0,1,6727,2,0.00,0xEE,0,0
7912,5.4,10.0,4.6,4042,1,0.6,6709,43.6,9,46.7,0,1,6721,2,0.00,0xEE,0,0
7927,5.6,10.0,4.4,4034,1,1.7,6775,44.0,1,46.7,0,1,6699,2,0.00,0xEE,0,0
7942,5.5,10.0,4.5,4025,1,1.9,6772,43.7,2,46.7,0,1,6697,2,0.00,0xEE,0,0
7958,5.5,10.0,4.5,4026,1,1.9,6706,43.6,4,46.7,0,1,6696,2,0.00,0xEE,0,0
7989,5.6,10.0,4.4,4024,1,2.1,6705,43.4,6,46.7,0,1,6692,2,0.00,0xEE,0,0
8004,5.8,10.0,4.2,4016,1,2.6,6770,43.3,8,46.7,0,1,6681,2,0.00,0xEE,0,0
8020,5.9,10.0,4.1,4007,1,3.2,6768,43.1,9,46.7,0,1,6669,2,0.00,0xEE,0,0
8052,6.1,10.0,3.9,3999,1,3.9,6702,43.0,9,46.7,0,1,6653,2,0.00,0xEE,0,0
8067,6.2,10.0,3.8,3992,1,4.6,6700,43.2,9,46.7,0,1,6640,2,0.00,0xEE,0,0
8083,6.2,10.0,3.8,3985,1,5.0,6764,43.2,9,46.7,0,1,6633,2,0.00,0xEE,0,0
8114,6.2,10.0,3.8,3984,1,4.7,6761,42.5,0,46.7,0,1,6639,2,0.00,0xEE,0,0
8130,6.4,10.0,3.6,3989,1,4.6,6693,42.8,2,46.7,0,1,6639,2,0.00,0xEE,0,0
8145,6.5,10.0,3.5,3988,1,4.7,6690,42.7,4,46.7,0,1,6635,2,0.00,0xEE,0,0
8161,6.7,10.0,3.3,3982,1,4.9,6752,42.6,6,46.7,0,1,6630,2,0.00,0xEE,0,0
8192,6.7,10.0,3.3,3979,1,5.0,6750,42.4,7,46.7,0,1,6628,2,0.00,0xEE,0,0
8207,6.8,10.0,3.2,3979,1,5.1,6683,42.2,9,46.7,0,1,6625,2,0.00,0xEE,0,0
8222,7.0,10.0,3.0,3976,0,5.3,6680,42.2,9,46.7,0,1,6619,2,0.00,0xEE,0,0
8238,7.1,10.0,2.9,3973,0,5.6,6740,42.4,9,46.7,0,1,6613,2,0.00,0xEE,0,0
8269,7.1,10.0,2.9,3972,0,5.5,6737,42.4,9,46.7,0,1,6614,2,0.00,0xEE,0,0
8347,7.1,10.0,2.9,3975,0,5.0,6662,42.1,73,46.7,0,1,6624,2,0.00,0xEE,0,0
8362,7.1,10.0,2.9,3980,0,4.7,6660,42.0,8,46.7,0,1,6629,2,0.00,0xEE,0,0
8393,7.2,10.0,2.8,3989,0,3.6,6723,42.4,9,46.7,0,1,6648,2,0.00,0xEE,0,0
8409,7.4,10.0,2.6,3995,0,2.9,6721,41.5,9,46.7,0,1,6659,2,0.00,0xEE,0,0
8424,7.4,10.0,2.6,4002,0,2.4,6656,41.9,9,46.7,0,1,6668,2,0.00,0xEE,0,0
8456,7.4,10.0,2.6,4007,0,1.4,6654,42.2,0,46.7,0,1,6685,2,0.00,0xEE,0,0
8472,7.3,10.0,2.7,4024,0,0.6,6718,42.1,2,47.6,0,1,6700,2,0.00,0xEE,0,0
8487,7.2,10.0,2.8,4032,0,-0.2,6717,41.7,4,47.6,0,1,6716,2,0.00,0xEE,0,0
8502,7.3,10.0,2.7,4037,0,-0.8,6717,42.1,6,47.6,0,1,6726,2,0.00,0xEE,0,0
8534,7.5,10.0,2.5,4037,0,-0.7,6653,41.6,8,47.6,0,1,6724,2,0.00,0xEE,0,0
8549,7.5,10.0,2.5,4036,0,-0.5,6654,41.9,9,47.6,0,1,6719,2,0.00,0xEE,0,0
8564,7.7,10.0,2.3,4028,0,0.0,6720,41.7,9,47.6,0,1,6708,2,0.00,0xEE,0,0
8596,7.7,10.0,2.3,4021,0,0.4,6720,41.6,9,47.6,0,1,6700,2,0.00,0xEE,0,0
8611,7.7,10.0,2.3,4017,0,0.9,6656,42.1,9,47.6,0,1,6691,2,0.00,0xEE,0,0
8626,7.8,10.0,2.2,4013,0,1.4,6656,41.3,9,47.6,0,1,6682,2,0.00,0xEE,0,0
8656,7.8,10.0,2.2,4007,0,1.8,6720,42.2,1,47.6,0,1,6675,2,0.00,0xEE,0,0
8673,7.6,10.0,2.4,4012,0,1.3,6721,42.2,3,47.6,0,1,6686,2,0.00,0xEE,0,0
8688,7.4,10.0,2.6,4022,0,0.4,6656,41.9,5,47.6,0,1,6705,2,0.00,0xEE,0,0
8704,7.3,10.0,2.7,4034,0,-0.5,6657,41.9,7,47.6,0,1,6722,2,0.00,0xEE,0,0
8734,7.4,10.0,2.6,4042,0,-0.9,6657,41.4,9,47.6,0,1,6729,2,0.00,0xEE,0,0
8749,7.5,10.0,2.5,4040,0,-1.0,6721,42.5,9,47.6,0,1,6728,2,0.00,0xEE,0,0
8765,7.4,10.0,2.6,4045,0,-1.4,6723,42.4,9,47.6,0,1,6738,2,0.00,0xEE,0,0
8857,7.2,10.0,2.8,4057,0,-2.1,6666,41.8,73,47.6,0,1,6753,2,0.00,0xEE,0,0
8873,7.2,10.0,2.8,4055,0,-2.1,6732,41.8,8,47.6,0,1,6752,2,0.00,0xEE,0,0
8888,7.4,10.0,2.6,4046,0,-1.5,6734,42.5,9,47.6,0,1,6740,2,0.00,0xEE,0,0
8919,7.6,10.0,2.4,4034,0,-0.5,6669,41.9,9,47.6,0,1,6720,2,0.00,0xEE,0,0
8935,7.5,10.0,2.5,4030,0,0.0,6671,42.1,9,47.6,0,1,6711,2,0.00,0xEE,0,0
8950,7.4,10.0,2.6,4032,0,0.2,6672,42.2,9,47.6,0,1,6709,2,0.00,0xEE,0,0
8982,7.3,10.0,2.7,4032,0,0.1,6738,42.3,0,47.6,0,1,6713,2,0.00,0xEE,0,0
8996,7.3,10.0,2.7,4032,0,0.0,6737,41.8,2,47.6,0,1,6713,2,0.00,0xEE,0,0
9012,7.4,10.0,2.6,4030,0,0.3,6672,41.5,3,47.6,0,1,6708,2,0.00,0xEE,0,0
9027,7.6,10.0,2.4,4023,0,0.8,6674,42.3,5,47.6,0,1,6697,2,0.00,0xEE,0,0
9058,7.6,10.0,2.4,4017,0,1.3,6738,41.9,7,47.6,0,1,6688,2,0.00,0xEE,0,0
9073,7.5,10.0,2.5,4015,0,1.3,6738,42.1,9,47.6,0,1,6689,2,0.00,0xEE,0,0
9088,7.4,10.0,2.6,4021,0,1.0,6672,42.4,9,47.6,0,1,6695,2,0.00,0xEE,0,0
9118,7.2,10.0,2.8,4031,0,0.3,6671,42.5,9,47.6,0,1,6710,2,0.00,0xEE,0,0
9134,7.1,10.0,2.9,4040,0,-0.5,6738,41.5,9,47.6,0,1,6726,2,0.00,0xEE,0,0
9149,7.0,10.0,3.0,4051,1,-1.5,6737,42.6,9,47.6,0,1,6746,2,0.00,0xEE,0,0
9181,7.2,10.0,2.8,4056,0,-2.0,6674,41.9,1,47.6,0,1,6752,2,0.00,0xEE,0,0
9197,7.4,10.0,2.6,4050,0,-1.4,6675,41.6,3,47.6,0,1,6739,2,0.00,0xEE,0,0
9213,7.5,10.0,2.5,4040,0,-0.6,6740,41.9,5,47.6,0,1,6725,2,0.00,0xEE,0,0
9229,7.6,10.0,2.4,4027,0,0.3,6741,41.7,6,47.6,0,1,6706,2,0.00,0xEE,0,0
9260,7.6,10.0,2.4,4018,0,1.1,6678,42.0,8,47.6,0,1,6693,2,0.00,0xEE,0,0
9275,7.6,10.0,2.4,4015,0,1.5,6678,42.1,9,47.6,0,1,6685,2,0.00,0xEE,0,0
9352,7.5,10.0,2.5,4016,0,1.6,6741,41.7,73,47.6,0,1,6686,2,0.00,0xEE,0,0
9383,7.6,10.0,2.4,4014,0,1.4,6741,41.5,6,47.6,0,1,6687,2,0.00,0xEE,0,0
9399,7.7,10.0,2.3,4012,0,1.7,6674,41.1,8,47.6,0,1,6680,2,0.00,0xEE,0,0
9414,7.9,10.0,2.1,4006,0,2.2,6672,41.5,9,47.6,0,1,6669,2,0.00,0xEE,0,0
9444,7.9,10.0,2.1,3999,0,2.7,6737,41.5,9,47.6,0,1,6660,2,0.00,0xEE,0,0
9460,7.9,10.0,2.1,3995,0,2.9,6737,41.1,9,47.6,0,1,6656,2,0.00,0xEE,0,0
9475,7.9,10.0,2.1,3996,0,3.0,6671,41.5,9,48.6,0,1,6655,2,0.00,0xEE,0,0
9490,8.0,10.0,2.0,3996,0,3.0,6669,41.3,9,48.6,0,1,6653,2,0.00,0xEE,0,0
9522,8.2,10.0,1.8,3991,0,3.4,6732,41.0,1,48.6,0,1,6643,2,0.00,0xEE,0,0
9537,8.3,10.0,1.7,3983,0,3.8,6730,40.9,3,48.6,0,1,6636,2,0.00,0xEE,0,0
9553,8.5,10.0,1.5,3976,0,4.2,6730,40.8,5,48.6,0,1,6626,2,0.00,0xEE,0,0
9584,8.5,10.0,1.5,3974,0,4.4,6662,41.0,7,48.6,0,1,6622,2,0.00,0xEE,0,0
9599,8.6,10.0,1.4,3975,0,4.5,6659,40.9,8,48.6,0,1,6621,2,0.00,0xEE,0,0
9615,8.6,10.0,1.4,3975,0,4.3,6723,40.6,9,48.6,0,1,6624,2,0.00,0xEE,0,0
9631,8.6,10.0,1.4,3976,0,4.0,6721,40.8,9,48.6,0,1,6629,2,0.00,0xEE,0,0
9661,8.6,10.0,1.4,3981,0,3.7,6656,41.3,9,48.6,0,1,6635,2,0.00,0xEE,0,0
9676,8.7,10.0,1.3,3987,0,3.3,6653,40.5,9,48.6,0,1,6641,2,0.00,0xEE,0,0
9691,8.9,10.0,1.1,3987,0,3.0,6715,40.6,0,48.6,0,1,6643,2,0.00,0xEE,0,0
9722,9.0,10.0,1.0,3984,0,3.1,6715,40.4,2,48.6,0,1,6641,2,0.00,0xEE,0,0
9738,9.0,10.0,1.0,3986,0,3.0,6648,40.5,4,48.6,0,1,6643,2,0.00,0xEE,0,0
9753,9.0,10.0,1.0,3990,0,2.8,6647,40.5,6,48.6,0,1,6647,2,0.00,0xEE,0,0
9784,9.0,10.0,1.0,3995,0,2.4,6712,40.1,8,48.6,0,1,6653,2,0.00,0xEE,0,0
9862,9.0,10.0,1.0,3995,0,2.0,6709,40.5,73,48.6,0,1,6660,2,0.00,0xEE,0,0
9878,9.0,10.0,1.0,4004,0,1.4,6644,40.5,3,48.6,0,1,6672,2,0.00,0xEE,0,0
9909,9.1,10.0,0.9,4009,0,0.9,6643,40.4,5,48.6,0,1,6679,2,0.00,0xEE,0,0
9925,9.0,10.0,1.0,4014,0,0.4,6706,40.7,7,48.6,0,1,6690,2,0.00,0xEE,0,0
9940,9.0,10.0,1.0,4018,0,-0.1,6706,40.5,9,48.6,0,1,6698,2,0.00,0xEE,0,0
9955,9.0,10.0,1.0,4022,0,-0.5,6706,40.3,9,48.6,0,1,6707,2,0.00,0xEE,0,0
9987,9.0,10.0,1.0,4028,0,-0.9,6643,40.6,9,48.6,0,1,6713,2,0.00,0xEE,0,0
10002,8.9,10.0,1.1,4033,0,-1.2,6644,40.7,9,48.6,0,1,6719,2,0.00,0xEE,0,0
10018,8.9,10.0,1.1,4035,0,-1.5,6708,40.5,9,48.6,0,1,6725,2,0.00,0xEE,0,0
10048,8.9,10.0,1.1,4036,0,-1.6,6709,40.6,0,48.6,0,1,6726,2,0.00,0xEE,0,0
10064,8.9,10.0,1.1,4036,0,-1.4,6647,40.6,2,48.6,0,1,6724,2,0.00,0xEE,0,0
10079,8.9,10.0,1.1,4037,0,-1.4,6647,40.5,4,48.6,0,1,6723,2,0.00,0xEE,0,0
10095,8.9,10.0,1.1,4034,0,-1.2,6712,40.1,6,48.6,0,1,6721,2,0.00,0xEE,0,0
10126,9.1,10.0,0.9,4026,0,-0.6,6714,40.1,8,48.6,0,1,6708,2,0.00,0xEE,0,0
10141,9.2,10.0,0.8,4013,0,0.3,6651,40.3,9,48.6,0,1,6689,2,0.00,0xEE,0,0
10156,9.4,10.0,0.6,4002,0,1.4,6650,40.1,9,48.6,0,1,6668,2,0.00,0xEE,0,0
10188,9.3,10.0,0.7,3997,0,2.0,6651,40.6,9,48.6,0,1,6657,2,0.00,0xEE,0,0
10203,9.2,10.0,0.8,3997,0,2.1,6715,40.5,9,48.6,0,1,6658,2,0.00,0xEE,0,0
10219,9.0,10.0,1.0,4001,0,1.7,6714,40.4,9,48.6,0,1,6667,2,0.00,0xEE,0,0
10234,9.0,10.0,1.0,4012,0,0.8,6650,40.6,1,48.6,0,1,6683,2,0.00,0xEE,0,0
10266,9.1,10.0,0.9,4014,0,0.6,6650,40.3,3,48.6,0,1,6685,2,0.00,0xEE,0,0
10281,9.1,10.0,0.9,4014,0,0.6,6714,40.2,5,48.6,0,1,6686,2,0.00,0xEE,0,0
10358,9.1,10.0,0.9,4013,0,0.6,6714,40.2,89,48.6,0,1,6686,2,0.00,0xEE,0,0
10389,9.2,10.0,0.8,4014,0,0.5,6650,40.1,1,48.6,0,1,6686,2,0.00,0xEE,0,0
10404,9.2,10.0,0.8,4015,0,0.5,6650,40.3,2,48.6,0,1,6687,2,0.00,0xEE,0,0
10419,9.3,10.0,0.7,4012,0,0.6,6714,39.8,4,48.6,0,1,6684,2,0.00,0xEE,0,0
10451,9.3,10.0,0.7,4008,0,0.8,6714,40.0,6,48.6,0,1,6679,2,0.00,0xEE,0,0
10466,9.5,10.0,0.5,4005,0,1.2,6648,40.0,8,48.6,0,1,6671,2,0.00,0xEE,0,0
10482,9.5,10.0,0.5,4002,0,1.5,6650,40.1,9,48.6,0,1,6664,2,0.00,0xEE,0,0
10512,9.5,10.0,0.5,3998,0,1.7,6712,39.9,9,48.6,0,1,6661,2,0.00,0xEE,0,0
10528,9.5,10.0,0.5,3995,0,1.9,6714,39.7,9,48.6,0,1,6657,2,0.00,0xEE,0,0
10543,9.6,10.0,0.4,3990,0,2.2,6647,39.6,9,48.6,0,1,6651,2,0.00,0xEE,0,0
10559,9.9,10.0,0.1,3985,0,3.2,6647,40.0,0,48.6,0,1,6631,2,0.00,0xEE,0,0
10590,9.9,10.0,0.1,3978,0,3.4,6645,39.7,2,48.6,0,1,6626,2,0.00,0xEE,0,0
10606,9.8,10.0,0.2,3977,0,3.3,6709,39.7,3,48.6,0,1,6628,2,0.00,0xEE,0,0
10622,9.8,10.0,0.2,3979,0,3.0,6708,40.3,5,48.6,0,1,6634,2,0.00,0xEE,0,0
10652,9.7,10.0,0.3,3987,0,2.5,6641,39.9,7,48.6,0,1,6645,2,0.00,0xEE,0,0
10668,9.7,10.0,0.3,3997,0,1.7,6641,39.8,9,48.6,0,1,6659,2,0.00,0xEE,0,0
10685,9.6,10.0,0.4,4006,0,0.9,6703,40.3,9,48.6,0,1,6675,2,0.00,0xEE,0,0
10700,9.6,10.0,0.4,4012,0,0.2,6705,39.8,9,48.6,0,1,6687,2,0.00,0xEE,0,0
10731,9.7,10.0,0.3,4018,0,-0.2,6638,39.5,9,48.6,0,1,6694,2,0.00,0xEE,0,0
10747,9.8,10.0,0.2,4018,0,-0.2,6640,39.5,9,48.6,0,1,6692,2,0.00,0xEE,0,0
10762,10.0,10.0,-0.0,4016,0,0.5,6640,39.5,1,48.6,0,1,6676,2,0.00,0xEE,0,0
10793,9.9,10.0,0.1,4007,0,0.7,6705,39.9,3,48.6,0,1,6674,2,0.00,0xEE,0,0
10872,9.9,10.0,0.1,4007,0,0.7,6641,39.9,87,48.6,0,1,6674,2,0.00,0xEE,0,0
10887,9.9,10.0,0.1,4008,0,0.7,6641,39.4,9,48.6,0,1,6674,2,0.00,0xEE,0,0
10918,10.0,10.0,0.0,4012,0,0.5,6706,39.4,0,48.6,0,1,6677,2,0.00,0xEE,0,0
10933,9.9,10.0,0.1,4011,0,0.4,6706,39.7,2,48.6,0,1,6681,2,0.00,0xEE,0,0
10948,9.9,10.0,0.1,4011,0,0.2,6706,40.0,4,48.6,0,1,6683,2,0.00,0xEE,0,0
10963,9.8,10.0,0.2,4017,0,-0.2,6643,39.6,6,48.6,0,1,6691,2,0.00,0xEE,0,0
10994,9.7,10.0,0.3,4025,0,-0.7,6643,40.0,8,48.6,0,1,6703,2,0.00,0xEE,0,0
11010,9.7,10.0,0.3,4027,0,-1.0,6708,39.6,9,48.6,0,1,6708,2,0.00,0xEE,0,0
11026,9.8,10.0,0.2,4027,0,-1.2,6709,39.6,9,48.6,0,1,6710,2,0.00,0xEE,0,0
11057,9.9,10.0,0.1,4025,0,-0.9,6645,39.6,9,48.6,0,1,6703,2,0.00,0xEE,0,0
11072,9.9,10.0,0.1,4023,0,-0.6,6645,39.7,9,48.6,0,1,6698,2,0.00,0xEE,0,0
11087,9.9,10.0,0.1,4021,0,-0.3,6711,39.6,9,48.6,0,1,6693,2,0.00,0xEE,0,0
11102,9.8,10.0,0.2,4016,0,-0.1,6712,39.7,1,48.6,0,1,6691,2,0.00,0xEE,0,0
11134,9.8,10.0,0.2,4016,0,-0.3,6714,39.8,3,48.6,0,1,6694,2,0.00,0xEE,0,0
11150,9.8,10.0,0.2,4019,0,-0.4,6648,39.7,5,48.6,0,1,6696,2,0.00,0xEE,0,0
11165,9.8,10.0,0.2,4022,0,-0.4,6648,39.6,7,48.6,0,1,6697,2,0.00,0xEE,0,0
11196,9.8,10.0,0.2,4018,0,-0.3,6714,39.6,8,48.6,0,1,6693,2,0.00,0xEE,0,0
11212,9.9,10.0,0.1,4014,0,-0.1,6714,39.7,9,48.6,0,1,6689,2,0.00,0xEE,0,0
11228,9.9,10.0,0.1,4014,0,0.1,6650,39.7,9,48.6,0,1,6686,2,0.00,0xEE,0,0
11243,9.8,10.0,0.2,4015,0,0.2,6650,39.4,9,48.6,0,1,6685,2,0.00,0xEE,0,0
11274,9.8,10.0,0.2,4013,0,0.2,6714,39.6,9,48.6,0,1,6685,2,0.00,0xEE,0,0
11290,9.9,10.0,0.1,4011,0,0.4,6714,38.8,0,48.6,0,1,6679,2,0.00,0xEE,0,0
11367,9.9,10.0,0.1,4011,0,0.4,6650,38.8,84,48.6,0,1,6679,2,0.00,0xEE,0,0
11399,9.9,10.0,0.1,4012,0,0.5,6650,39.6,9,48.6,0,1,6679,2,0.00,0xEE,0,0
11414,10.0,10.0,-0.0,4007,0,0.7,6714,39.3,9,48.6,0,1,6673,2,0.00,0xEE,0,0
11430,10.1,10.0,-0.1,4000,0,1.1,6714,39.1,9,48.6,0,1,6665,2,0.00,0xEE,0,0
11461,10.3,10.0,-0.3,3988,0,2.2,6650,39.6,1,48.6,0,1,6642,2,0.00,0xEE,0,0
11477,10.3,10.0,-0.3,3985,0,2.6,6648,39.2,3,48.6,0,1,6635,2,0.00,0xEE,0,0
11493,10.3,10.0,-0.3,3984,0,2.8,6712,39.0,5,46.7,0,1,6632,2,0.00,0xEE,0,0
11509,10.3,10.0,-0.3,3982,0,2.8,6711,39.3,7,46.7,0,1,6632,2,0.00,0xEE,0,0
11540,10.3,10.0,-0.3,3982,0,2.6,6709,39.2,9,46.7,0,1,6635,2,0.00,0xEE,0,0
11555,10.3,10.0,-0.3,3986,0,2.3,6644,39.3,9,46.7,0,1,6641,2,0.00,0xEE,0,0
11571,10.3,10.0,-0.3,3991,0,1.9,6643,38.9,9,46.7,0,1,6648,2,0.00,0xEE,0,0
11587,10.3,10.0,-0.3,3994,0,1.5,6706,39.2,9,46.7,0,1,6655,2,0.00,0xEE,0,0
11618,10.3,10.0,-0.3,3996,0,1.2,6705,39.4,9,46.7,0,1,6660,2,0.00,0xEE,0,0
11633,10.4,10.0,-0.4,4001,0,0.9,6638,38.9,0,46.7,0,1,6665,2,0.00,0xEE,0,0
11648,10.5,10.0,-0.5,3999,0,1.1,6638,39.0,2,46.7,0,1,6661,2,0.00,0xEE,0,0
11692,10.6,10.0,-0.6,3993,0,1.4,6702,38.9,4,46.7,0,1,6653,2,0.00,0xEE,0,0
11692,10.6,10.0,-0.6,3990,0,1.6,6700,38.6,6,46.7,0,1,6649,2,0.00,0xEE,0,0
11708,10.7,10.0,-0.7,3984,0,2.0,6699,38.3,8,46.7,0,1,6642,2,0.00,0xEE,0,0
11738,10.8,10.0,-0.8,3980,0,2.4,6637,38.8,9,46.7,0,1,6633,2,0.00,0xEE,0,0
11753,11.0,10.0,-1.0,3972,0,3.2,6635,38.3,9,46.7,0,1,6617,2,0.00,0xEE,0,0
11768,11.0,10.0,-1.0,3965,0,3.6,6699,38.6,9,46.7,0,1,6609,2,0.00,0xEE,0,0
11800,11.1,10.0,-1.1,3959,0,4.0,6696,38.3,9,46.7,0,1,6600,2,0.00,0xEE,0,0
11877,11.0,10.0,-1.0,3961,0,3.9,6622,38.6,74,46.7,0,1,6603,2,0.00,0xEE,0,0
11893,11.1,10.0,-1.1,3963,0,3.8,6684,38.2,9,46.7,0,1,6605,2,0.00,0xEE,0,0
11922,11.1,10.0,-1.1,3969,0,3.0,6684,38.3,9,46.7,0,1,6617,2,0.00,0xEE,0,0
11939,11.3,10.0,-1.3,3972,0,2.7,6680,37.8,9,46.7,0,1,6623,2,0.00,0xEE,0,0
11955,11.4,10.0,-1.4,3977,0,2.2,6613,37.9,0,46.7,0,1,6628,2,0.00,0xEE,0,0
11985,11.4,10.0,-1.4,3978,0,2.1,6615,38.4,2,46.7,0,1,6630,2,0.00,0xEE,0,0
12001,11.6,10.0,-1.6,3980,0,2.1,6675,37.8,4,46.7,0,1,6629,2,0.00,0xEE,0,0
12016,11.6,10.0,-1.6,3979,0,2.0,6675,37.9,6,46.7,0,1,6630,2,0.00,0xEE,0,0
12032,11.7,10.0,-1.7,3976,0,2.1,6609,38.2,8,46.7,0,1,6627,2,0.00,0xEE,0,0
12064,11.7,10.0,-1.7,3978,0,2.1,6609,37.5,9,46.7,0,1,6628,2,0.00,0xEE,0,0
12078,11.8,10.0,-1.8,3976,0,2.2,6609,37.6,9,46.7,0,1,6624,2,0.00,0xEE,0,0
12095,11.9,10.0,-1.9,3970,0,2.6,6672,37.3,9,46.7,0,1,6616,2,0.00,0xEE,0,0
12125,12.0,10.0,-2.0,3964,0,3.0,6671,37.6,9,46.7,0,1,6608,2,0.00,0xEE,0,0
12141,12.1,10.0,-2.1,3957,0,3.4,6606,37.2,9,46.7,0,1,6599,2,0.00,0xEE,0,0
12157,12.2,10.0,-2.2,3955,0,3.8,6605,37.4,1,46.7,0,1,6589,2,0.00,0xEE,0,0
12172,12.2,10.0,-2.2,3955,0,3.7,6668,37.7,3,46.7,0,1,6592,2,0.00,0xEE,0,0
12204,12.1,10.0,-2.1,3959,0,3.4,6668,37.5,5,46.7,0,1,6599,2,0.00,0xEE,0,0
12218,12.1,10.0,-2.1,3964,0,2.8,6666,37.4,7,46.7,0,1,6609,2,0.00,0xEE,0,0
12234,12.1,10.0,-2.1,3971,0,2.2,6602,37.3,9,46.7,0,1,6619,2,0.00,0xEE,0,0
12265,12.1,10.0,-2.1,3977,0,1.7,6602,37.4,9,46.7,0,1,6628,2,0.00,0xEE,0,0
12281,12.2,10.0,-2.2,3981,0,1.4,6665,37.2,9,46.7,0,1,6632,2,0.00,0xEE,0,0
12297,12.3,10.0,-2.3,3979,0,1.3,6665,37.2,9,46.7,0,1,6634,2,0.00,0xEE,0,0
12389,12.3,10.0,-2.3,3978,0,1.3,6602,37.8,74,46.7,0,1,6633,2,0.00,0xEE,0,0
12405,12.2,10.0,-2.2,3983,0,1.1,6600,37.7,9,46.7,0,1,6637,2,0.00,0xEE,0,0
12421,12.0,10.0,-2.0,3994,0,0.2,6663,37.5,9,46.7,0,1,6657,2,0.00,0xEE,0,0
12437,11.9,10.0,-1.9,4006,0,-1.0,6665,37.6,9,46.7,0,1,6679,2,0.00,0xEE,0,0
12468,11.9,10.0,-1.9,4016,0,-1.8,6600,37.7,9,46.7,0,1,6693,2,0.00,0xEE,0,0
12498,12.0,10.0,-2.0,4022,0,-2.4,6602,37.3,1,48.0,0,1,6703,2,0.00,0xEE,0,0
12498,12.1,10.0,-2.1,4021,0,-2.2,6603,37.4,3,48.0,0,1,6699,2,0.00,0xEE,0,0
12530,12.1,10.0,-2.1,4015,0,-1.8,6669,37.5,5,48.0,0,1,6690,2,0.00,0xEE,0,0
12561,12.1,10.0,-2.1,4009,0,-1.4,6671,37.8,7,48.0,0,1,6683,2,0.00,0xEE,0,0
12561,12.1,10.0,-2.1,4008,0,-1.1,6609,37.4,9,48.0,0,1,6677,2,0.00,0xEE,0,0
12593,12.1,10.0,-2.1,4006,0,-0.8,6609,37.2,9,48.0,0,1,6672,2,0.00,0xEE,0,0
12623,12.1,10.0,-2.1,4000,0,-0.4,6675,37.7,9,48.0,0,1,6665,2,0.00,0xEE,0,0
12623,12.1,10.0,-2.1,4000,0,-0.2,6677,37.7,9,48.0,0,1,6663,2,0.00,0xEE,0,0
12639,12.0,10.0,-2.0,4001,0,-0.4,6677,38.0,9,48.0,0,1,6666,2,0.00,0xEE,0,0
12670,11.8,10.0,-1.8,4008,0,-1.2,6613,37.8,0,48.0,0,1,6683,2,0.00,0xEE,0,0
12685,11.8,10.0,-1.8,4018,0,-1.5,6615,37.9,3,48.0,0,1,6690,2,0.00,0xEE,0,0
12701,11.8,10.0,-1.8,4018,0,-1.7,6680,37.6,4,48.0,0,1,6693,2,0.00,0xEE,0,0
12717,11.8,10.0,-1.8,4015,0,-1.6,6681,37.4,6,48.0,0,1,6690,2,0.00,0xEE,0,0
12747,11.9,10.0,-1.9,4013,0,-1.3,6618,37.7,8,48.0,0,1,6683,2,0.00,0xEE,0,0
12763,12.0,10.0,-2.0,4006,0,-0.6,6619,37.4,9,48.0,0,1,6670,2,0.00,0xEE,0,0
12779,12.0,10.0,-2.0,4000,0,-0.1,6619,37.9,9,48.0,0,1,6661,2,0.00,0xEE,0,0
12810,12.0,10.0,-2.0,3996,0,0.2,6685,37.7,9,48.0,0,1,6656,2,0.00,0xEE,0,0
12888,11.8,10.0,-1.8,3997,0,-0.0,6622,38.3,74,48.0,0,1,6661,2,0.00,0xEE,0,0
12903,11.7,10.0,-1.7,4000,0,-0.1,6621,37.9,9,48.0,0,1,6664,2,0.00,0xEE,0,0
12935,11.5,10.0,-1.5,4011,0,-0.9,6687,38.3,9,48.0,0,1,6680,2,0.00,0xEE,0,0
12950,11.5,10.0,-1.5,4016,0,-1.4,6685,37.5,9,48.0,0,1,6690,2,0.00,0xEE,0,0
12966,11.7,10.0,-1.7,4014,0,-1.5,6688,37.4,9,48.0,0,1,6689,2,0.00,0xEE,0,0
12997,11.9,10.0,-1.9,4006,0,-0.2,6625,38.0,0,48.0,0,1,6663,2,0.00,0xEE,0,0
13013,11.7,10.0,-1.7,4003,0,-0.2,6625,37.7,2,48.0,0,1,6665,2,0.00,0xEE,0,0
13028,11.7,10.0,-1.7,4004,0,-0.4,6690,37.7,4,48.0,0,1,6669,2,0.00,0xEE,0,0
13043,11.8,10.0,-1.8,4000,0,-0.2,6690,37.6,6,48.0,0,1,6665,2,0.00,0xEE,0,0
13074,11.9,10.0,-1.9,3993,0,0.3,6626,37.5,8,48.0,0,1,6655,2,0.00,0xEE,0,0
13088,11.9,10.0,-1.9,3991,0,0.7,6626,38.2,9,48.0,0,1,6646,2,0.00,0xEE,0,0
13104,12.0,10.0,-2.0,3987,0,1.1,6691,37.6,9,48.0,0,1,6638,2,0.00,0xEE,0,0
13135,11.8,10.0,-1.8,3989,0,0.9,6693,38.2,9,48.0,0,1,6645,2,0.00,0xEE,0,0
13151,11.6,10.0,-1.6,3995,0,0.3,6693,38.0,9,48.0,0,1,6657,2,0.00,0xEE,0,0
13166,11.5,10.0,-1.5,4008,0,-1.1,6626,37.5,0,48.0,0,1,6684,2,0.00,0xEE,0,0
13182,11.5,10.0,-1.5,4019,0,-1.6,6628,38.2,2,48.0,0,1,6692,2,0.00,0xEE,0,0
13214,11.6,10.0,-1.6,4020,0,-1.6,6693,37.8,4,48.0,0,1,6692,2,0.00,0xEE,0,0
13229,11.7,10.0,-1.7,4015,0,-1.4,6694,37.6,6,48.0,0,1,6686,2,0.00,0xEE,0,0
13244,11.8,10.0,-1.8,4008,0,-0.9,6631,38.0,8,48.0,0,1,6676,2,0.00,0xEE,0,0
13275,11.7,10.0,-1.7,4006,0,-0.6,6632,38.1,9,48.0,0,1,6672,2,0.00,0xEE,0,0
13290,11.6,10.0,-1.6,4008,0,-0.6,6697,38.3,9,48.0,0,1,6673,2,0.00,0xEE,0,0
13306,11.4,10.0,-1.4,4012,0,-1.0,6699,38.3,9,48.0,0,1,6682,2,0.00,0xEE,0,0
13398,11.3,10.0,-1.3,4020,0,-1.5,6637,38.1,74,48.0,0,1,6693,2,0.00,0xEE,0,0
13413,11.3,10.0,-1.3,4021,0,-1.5,6638,37.8,9,48.0,0,1,6693,2,0.00,0xEE,0,0
13429,11.4,10.0,-1.4,4017,0,-1.4,6703,38.2,9,48.0,0,1,6689,2,0.00,0xEE,0,0
13459,11.4,10.0,-1.4,4012,0,-1.1,6705,38.4,9,48.0,0,1,6684,2,0.00,0xEE,0,0
13474,11.3,10.0,-1.3,4013,0,-1.0,6641,38.3,9,48.0,0,1,6682,2,0.00,0xEE,0,0
13490,11.3,10.0,-1.3,4015,0,-1.0,6643,38.2,0,47.0,0,1,6683,2,0.00,0xEE,0,0
13521,11.4,10.0,-1.4,4012,0,-0.7,6706,38.0,2,47.0,0,1,6676,2,0.00,0xEE,0,0
13537,11.4,10.0,-1.4,4005,0,-0.3,6708,38.4,4,47.0,0,1,6669,2,0.00,0xEE,0,0
13552,11.5,10.0,-1.5,3996,0,0.2,6708,37.9,6,47.0,0,1,6659,2,0.00,0xEE,0,0
13568,11.4,10.0,-1.4,3995,0,0.5,6644,38.1,8,47.0,0,1,6654,2,0.00,0xEE,0,0
13598,11.5,10.0,-1.5,3992,0,0.8,6644,38.1,9,47.0,0,1,6649,2,0.00,0xEE,0,0
13614,11.4,10.0,-1.4,3990,0,0.9,6709,38.1,9,47.0,0,1,6647,2,0.00,0xEE,0,0
13629,11.4,10.0,-1.4,3988,0,1.0,6708,38.3,9,47.0,0,1,6646,2,0.00,0xEE,0,0
13660,11.4,10.0,-1.4,3992,0,0.8,6643,38.3,9,47.0,0,1,6650,2,0.00,0xEE,0,0
13676,11.3,10.0,-1.3,3997,0,0.4,6643,38.2,9,47.0,0,1,6657,2,0.00,0xEE,0,0
13692,11.3,10.0,-1.3,4002,0,-0.2,6706,38.3,1,47.0,0,1,6669,2,0.00,0xEE,0,0
13707,11.3,10.0,-1.3,4003,0,-0.4,6706,38.3,3,47.0,0,1,6672,2,0.00,0xEE,0,0
13738,11.3,10.0,-1.3,4004,0,-0.6,6641,37.9,5,47.0,0,1,6676,2,0.00,0xEE,0,0
13752,11.4,10.0,-1.4,4004,0,-0.5,6641,37.9,7,47.0,0,1,6672,2,0.00,0xEE,0,0
13768,11.5,10.0,-1.5,3999,0,-0.0,6641,38.6,9,47.0,0,1,6662,2,0.00,0xEE,0,0
13798,11.5,10.0,-1.5,3994,0,0.4,6706,38.3,9,47.0,0,1,6655,2,0.00,0xEE,0,0
13815,11.4,10.0,-1.4,3994,0,0.3,6705,38.2,9,47.0,0,1,6658,2,0.00,0xEE,0,0
13907,11.3,10.0,-1.3,3999,0,-0.0,6641,38.0,74,47.0,0,1,6665,2,0.00,0xEE,0,0
13922,11.3,10.0,-1.3,4000,0,-0.1,6705,38.4,9,47.0,0,1,6666,2,0.00,0xEE,0,0
13939,11.3,10.0,-1.3,4001,0,-0.3,6705,38.7,9,47.0,0,1,6670,2,0.00,0xEE,0,0
13954,11.2,10.0,-1.2,4004,0,-0.6,6641,37.7,9,47.0,0,1,6677,2,0.00,0xEE,0,0
13985,11.2,10.0,-1.2,4009,0,-0.8,6641,38.2,9,47.0,0,1,6681,2,0.00,0xEE,0,0
14001,11.4,10.0,-1.4,4006,0,-0.6,6641,37.9,9,47.0,0,1,6674,2,0.00,0xEE,0,0
14016,11.7,10.0,-1.7,3996,0,0.9,6706,37.9,1,47.0,0,1,6643,2,0.00,0xEE,0,0
14032,11.7,10.0,-1.7,3979,0,1.5,6706,38.2,3,47.0,0,1,6633,2,0.00,0xEE,0,0
14062,11.6,10.0,-1.6,3979,0,1.7,6641,38.3,5,47.0,0,1,6631,2,0.00,0xEE,0,0
14078,11.4,10.0,-1.4,3983,0,1.4,6641,37.8,7,47.0,0,1,6637,2,0.00,0xEE,0,0
14093,11.4,10.0,-1.4,3989,0,1.0,6705,38.1,9,47.0,0,1,6645,2,0.00,0xEE,0,0
14124,11.4,10.0,-1.4,3990,0,0.7,6702,38.1,9,47.0,0,1,6650,2,0.00,0xEE,0,0
14139,11.4,10.0,-1.4,3990,0,0.5,6638,38.0,9,47.0,0,1,6653,2,0.00,0xEE,0,0
14169,11.5,10.0,-1.5,3993,0,0.4,6637,37.5,9,47.0,0,1,6654,2,0.00,0xEE,0,0
14185,11.6,10.0,-1.6,3992,0,0.5,6702,37.9,9,47.0,0,1,6652,2,0.00,0xEE,0,0
14201,11.8,10.0,-1.8,3984,0,1.4,6702,37.9,0,47.0,0,1,6634,2,0.00,0xEE,0,0
14217,11.9,10.0,-1.9,3972,0,1.9,6700,37.6,2,47.0,0,1,6623,2,0.00,0xEE,0,0
14232,11.8,10.0,-1.8,3971,0,2.1,6635,37.7,4,47.0,0,1,6619,2,0.00,0xEE,0,0
14263,11.9,10.0,-1.9,3968,0,2.4,6634,37.7,6,47.0,0,1,6614,2,0.00,0xEE,0,0
14278,11.9,10.0,-1.9,3969,0,2.4,6699,37.8,8,47.0,0,1,6614,2,0.00,0xEE,0,0
14294,11.9,10.0,-1.9,3969,0,2.3,6696,37.2,9,47.0,0,1,6616,2,0.00,0xEE,0,0
14324,12.0,10.0,-2.0,3963,0,2.5,6632,37.1,9,47.0,0,1,6610,2,0.00,0xEE,0,0
14402,12.2,10.0,-2.2,3959,0,3.0,6688,37.7,74,47.0,0,1,6599,2,0.00,0xEE,0,0
14418,12.2,10.0,-2.2,3957,0,2.9,6687,37.6,9,47.0,0,1,6599,2,0.00,0xEE,0,0
14449,12.1,10.0,-2.1,3964,0,2.2,6684,37.7,9,47.0,0,1,6614,2,0.00,0xEE,0,0
14465,11.9,10.0,-1.9,3977,0,1.2,6618,37.6,9,47.0,0,1,6634,2,0.00,0xEE,0,0
14480,11.9,10.0,-1.9,3987,0,0.3,6618,37.4,9,47.0,0,1,6649,2,0.00,0xEE,0,0
14511,12.0,10.0,-2.0,3992,0,-0.3,6681,37.7,9,47.5,0,1,6660,2,0.00,0xEE,0,0
14527,12.1,10.0,-2.1,3994,0,-0.8,6683,37.5,0,47.5,0,1,6667,2,0.00,0xEE,0,0
14543,12.1,10.0,-2.1,3993,0,-0.6,6616,36.8,2,47.5,0,1,6664,2,0.00,0xEE,0,0
14559,12.1,10.0,-2.1,3995,0,-0.6,6619,37.7,4,47.5,0,1,6664,2,0.00,0xEE,0,0
14590,12.0,10.0,-2.0,3998,0,-0.7,6619,37.8,6,47.5,0,1,6667,2,0.00,0xEE,0,0
14605,11.9,10.0,-1.9,4001,0,-1.1,6683,37.1,8,47.5,0,1,6674,2,0.00,0xEE,0,0
14620,11.8,10.0,-1.8,4005,0,-1.5,6684,37.8,9,47.5,0,1,6683,2,0.00,0xEE,0,0
14651,12.0,10.0,-2.0,4005,0,-1.5,6621,37.3,9,47.5,0,1,6681,2,0.00,0xEE,0,0
14667,12.1,10.0,-2.1,4002,0,-1.1,6622,37.4,9,47.5,0,1,6673,2,0.00,0xEE,0,0
14683,12.2,10.0,-2.2,3995,0,-0.4,6685,37.6,9,47.5,0,1,6658,2,0.00,0xEE,0,0
14698,12.1,10.0,-2.1,3989,0,0.3,6687,37.3,0,47.5,0,1,6648,2,0.00,0xEE,0,0
14729,12.1,10.0,-2.1,3985,0,0.3,6687,37.6,2,47.5,0,1,6647,2,0.00,0xEE,0,0
14744,12.0,10.0,-2.0,3987,0,0.3,6622,37.9,4,47.5,0,1,6648,2,0.00,0xEE,0,0
14760,12.0,10.0,-2.0,3989,0,0.2,6623,37.5,6,47.5,0,1,6650,2,0.00,0xEE,0,0
14791,11.9,10.0,-1.9,3991,0,-0.1,6687,37.7,7,47.5,0,1,6656,2,0.00,0xEE,0,0
14807,11.9,10.0,-1.9,3993,0,-0.4,6687,38.1,9,47.5,0,1,6662,2,0.00,0xEE,0,0
14823,11.8,10.0,-1.8,4000,0,-0.9,6623,37.9,9,47.5,0,1,6672,2,0.00,0xEE,0,0
14915,11.7,10.0,-1.7,4011,0,-1.6,6691,38.1,74,47.5,0,1,6686,2,0.00,0xEE,0,0
14931,11.6,10.0,-1.6,4011,0,-1.7,6691,37.8,9,47.5,0,1,6688,2,0.00,0xEE,0,0
14946,11.6,10.0,-1.6,4011,0,-1.8,6693,37.6,9,47.5,0,1,6690,2,0.00,0xEE,0,0
14962,11.8,10.0,-1.8,4008,0,-1.5,6628,37.7,9,47.5,0,1,6683,2,0.00,0xEE,0,0
14993,11.9,10.0,-1.9,4002,0,-0.9,6629,37.5,9,47.5,0,1,6671,2,0.00,0xEE,0,0
15008,11.9,10.0,-1.9,3996,0,-0.3,6694,38.0,9,47.5,0,1,6659,2,0.00,0xEE,0,0
15024,12.0,10.0,-2.0,3985,0,1.0,6696,37.4,0,47.5,0,1,6635,2,0.00,0xEE,0,0
15054,12.1,10.0,-2.1,3978,0,1.6,6631,37.5,2,47.5,0,1,6623,2,0.00,0xEE,0,0
15070,12.1,10.0,-2.1,3968,0,2.0,6632,37.5,4,47.5,0,1,6616,2,0.00,0xEE,0,0
15084,12.1,10.0,-2.1,3966,0,2.2,6632,37.6,5,47.5,0,1,6612,2,0.00,0xEE,0,0
15114,12.0,10.0,-2.0,3964,0,2.2,6696,37.8,7,47.5,0,1,6613,2,0.00,0xEE,0,0
15130,12.0,10.0,-2.0,3965,0,2.0,6693,37.5,9,47.5,0,1,6617,2,0.00,0xEE,0,0
15146,11.9,10.0,-1.9,3970,0,1.5,6626,38.2,9,47.5,0,1,6627,2,0.00,0xEE,0,0
15162,11.7,10.0,-1.7,3983,0,0.5,6626,38.1,9,47.5,0,1,6646,2,0.00,0xEE,0,0
15193,11.6,10.0,-1.6,3998,0,-0.7,6691,38.0,9,47.5,0,1,6670,2,0.00,0xEE,0,0
15208,11.5,10.0,-1.5,4010,0,-1.8,6691,37.3,9,47.5,0,1,6690,2,0.00,0xEE,0,0
15224,12.0,10.0,-2.0,4010,0,-1.5,6625,37.2,1,47.5,0,1,6679,2,0.00,0xEE,0,0
15255,12.1,10.0,-2.1,3992,0,-0.5,6626,38.0,3,47.5,0,1,6659,2,0.00,0xEE,0,0
15271,12.0,10.0,-2.0,3988,0,0.0,6628,37.8,5,47.5,0,1,6651,2,0.00,0xEE,0,0
15286,11.9,10.0,-1.9,3988,0,0.0,6691,37.4,7,47.5,0,1,6653,2,0.00,0xEE,0,0
15302,11.8,10.0,-1.8,3990,0,-0.2,6691,37.9,9,47.5,0,1,6659,2,0.00,0xEE,0,0
15333,11.7,10.0,-1.7,3993,0,-0.5,6628,37.9,9,47.5,0,1,6664,2,0.00,0xEE,0,0
15411,11.7,10.0,-1.7,3998,0,-0.8,6691,37.6,66,47.5,0,1,6670,2,0.00,0xEE,0,0
15426,11.8,10.0,-1.8,3996,0,-0.8,6693,37.1,8,47.5,0,1,6669,2,0.00,0xEE,0,0
15442,11.9,10.0,-1.9,3987,0,0.1,6628,37.7,1,47.5,0,1,6651,2,0.00,0xEE,0,0
15472,11.9,10.0,-1.9,3986,0,0.3,6629,37.8,3,47.5,0,1,6648,2,0.00,0xEE,0,0
15488,11.8,10.0,-1.8,3985,0,0.3,6693,37.8,5,47.5,0,1,6649,2,0.00,0xEE,0,0
15503,11.8,10.0,-1.8,3985,0,0.2,6693,37.6,7,48.0,0,1,6651,2,0.00,0xEE,0,0
15535,11.8,10.0,-1.8,3985,0,0.1,6691,37.8,9,48.0,0,1,6653,2,0.00,0xEE,0,0
15550,11.8,10.0,-1.8,3988,0,0.0,6629,38.1,9,48.0,0,1,6654,2,0.00,0xEE,0,0
15565,11.8,10.0,-1.8,3990,0,-0.1,6628,37.7,9,48.0,0,1,6655,2,0.00,0xEE,0,0
15581,11.8,10.0,-1.8,3988,0,-0.0,6691,37.7,9,48.0,0,1,6654,2,0.00,0xEE,0,0
15612,11.8,10.0,-1.8,3985,0,0.1,6691,37.7,9,48.0,0,1,6652,2,0.00,0xEE,0,0
15628,11.8,10.0,-1.8,3984,0,0.3,6626,37.8,1,48.0,0,1,6648,2,0.00,0xEE,0,0
15644,11.8,10.0,-1.8,3987,0,0.2,6626,37.8,3,48.0,0,1,6649,2,0.00,0xEE,0,0
15660,11.8,10.0,-1.8,3990,0,0.1,6688,38.2,5,48.0,0,1,6652,2,0.00,0xEE,0,0
15691,11.7,10.0,-1.7,3992,0,-0.2,6690,38.0,7,48.0,0,1,6658,2,0.00,0xEE,0,0
15706,11.6,10.0,-1.6,3995,0,-0.6,6690,37.4,9,48.0,0,1,6666,2,0.00,0xEE,0,0
15721,11.6,10.0,-1.6,4002,0,-1.1,6626,38.0,9,48.0,0,1,6676,2,0.00,0xEE,0,0
15752,11.6,10.0,-1.6,4006,0,-1.3,6626,37.9,9,48.0,0,1,6679,2,0.00,0xEE,0,0
15768,11.6,10.0,-1.6,4004,0,-1.3,6690,37.8,9,48.0,0,1,6679,2,0.00,0xEE,0,0
15783,11.7,10.0,-1.7,4000,0,-1.1,6690,37.7,9,48.0,0,1,6675,2,0.00,0xEE,0,0
15814,11.8,10.0,-1.8,3997,0,-0.2,6628,37.4,0,48.0,0,1,6656,2,0.00,0xEE,0,0
15830,11.9,10.0,-1.9,3986,0,0.3,6628,37.7,2,48.0,0,1,6646,2,0.00,0xEE,0,0
15924,11.9,10.0,-1.9,3983,0,0.3,6691,37.7,89,48.0,0,1,6646,2,0.00,0xEE,0,0
15938,12.1,10.0,-2.1,3983,0,1.2,6625,37.3,1,48.0,0,1,6627,2,0.00,0xEE,0,0
15953,12.2,10.0,-2.2,3963,0,2.2,6625,37.7,3,48.0,0,1,6608,2,0.00,0xEE,0,0
15969,12.1,10.0,-2.1,3961,0,2.5,6690,37.7,5,48.0,0,1,6603,2,0.00,0xEE,0,0
15999,12.0,10.0,-2.0,3961,0,2.3,6688,37.9,7,48.0,0,1,6608,2,0.00,0xEE,0,0
16015,11.9,10.0,-1.9,3967,0,1.7,6622,37.4,8,48.0,0,1,6620,2,0.00,0xEE,0,0
16031,12.0,10.0,-2.0,3970,0,1.4,6621,37.2,9,48.0,0,1,6624,2,0.00,0xEE,0,0
16047,12.1,10.0,-2.1,3971,0,1.4,6619,37.5,9,48.0,0,1,6624,2,0.00,0xEE,0,0
16078,12.2,10.0,-2.2,3965,0,1.7,6683,37.2,9,48.0,0,1,6616,2,0.00,0xEE,0,0
16093,12.2,10.0,-2.2,3963,0,1.8,6683,37.8,9,48.0,0,1,6615,2,0.00,0xEE,0,0
16108,12.2,10.0,-2.2,3960,0,1.8,6616,37.4,0,48.0,0,1,6615,2,0.00,0xEE,0,0
16139,12.2,10.0,-2.2,3964,0,1.6,6616,37.4,2,48.0,0,1,6617,2,0.00,0xEE,0,0
16155,12.2,10.0,-2.2,3970,0,1.3,6680,36.8,4,48.0,0,1,6624,2,0.00,0xEE,0,0
16185,12.4,10.0,-2.4,3965,0,1.5,6678,36.8,6,48.0,0,1,6618,2,0.00,0xEE,0,0
16201,12.6,10.0,-2.6,3956,0,2.0,6677,37.6,8,48.0,0,1,6605,2,0.00,0xEE,0,0
16216,12.5,10.0,-2.5,3956,0,2.2,6612,37.7,9,48.0,0,1,6603,2,0.00,0xEE,0,0
16232,12.2,10.0,-2.2,3967,0,1.6,6610,37.6,9,48.0,0,1,6618,2,0.00,0xEE,0,0
16248,12.0,10.0,-2.0,3983,0,0.3,6674,37.5,9,48.0,0,1,6644,2,0.00,0xEE,0,0
16279,12.0,10.0,-2.0,3992,0,-0.7,6672,36.8,9,48.0,0,1,6661,2,0.00,0xEE,0,0
16295,12.2,10.0,-2.2,3999,0,-1.2,6607,37.0,0,48.0,0,1,6668,2,0.00,0xEE,0,0
16310,12.3,10.0,-2.3,3997,0,-1.0,6607,37.3,2,48.0,0,1,6662,2,0.00,0xEE,0,0
16341,12.4,10.0,-2.4,3989,0,-0.5,6609,37.6,3,48.0,0,1,6653,2,0.00,0xEE,0,0
16419,12.4,10.0,-2.4,3987,0,-0.5,6675,37.6,87,48.0,0,1,6653,2,0.00,0xEE,0,0
16434,12.2,10.0,-2.2,3987,0,-0.5,6675,37.6,9,48.0,0,1,6656,2,0.00,0xEE,0,0
16450,12.1,10.0,-2.1,3992,0,-0.8,6610,37.0,1,48.0,0,1,6660,2,0.00,0xEE,0,0
16482,12.3,10.0,-2.3,3987,0,-0.3,6612,37.4,3,48.0,0,1,6650,2,0.00,0xEE,0,0
16497,12.4,10.0,-2.4,3981,0,0.3,6677,37.5,5,48.0,0,1,6639,2,0.00,0xEE,0,0
16513,12.2,10.0,-2.2,3979,0,0.4,6677,37.6,7,48.0,0,1,6639,2,0.00,0xEE,0,0
16544,12.1,10.0,-2.1,3982,0,0.1,6612,37.5,9,48.0,0,1,6645,2,0.00,0xEE,0,0
16560,12.1,10.0,-2.1,3987,0,-0.2,6612,37.4,9,48.0,0,1,6651,2,0.00,0xEE,0,0
16575,12.1,10.0,-2.1,3990,0,-0.4,6677,37.3,9,48.0,0,1,6654,2,0.00,0xEE,0,0
16591,12.2,10.0,-2.2,3987,0,-0.3,6677,37.2,9,48.0,0,1,6652,2,0.00,0xEE,0,0
16623,12.2,10.0,-2.2,3983,0,-0.1,6677,37.6,9,48.0,0,1,6646,2,0.00,0xEE,0,0
16639,12.2,10.0,-2.2,3979,0,0.1,6612,37.5,0,48.0,0,1,6644,2,0.00,0xEE,0,0
16654,12.1,10.0,-2.1,3983,0,-0.0,6613,37.4,2,48.0,0,1,6646,2,0.00,0xEE,0,0
16670,12.1,10.0,-2.1,3985,0,-0.1,6677,37.1,4,48.0,0,1,6648,2,0.00,0xEE,0,0
16719,12.2,10.0,-2.2,3983,0,-0.1,6678,37.8,6,48.0,0,1,6647,2,0.00,0xEE,0,0
16719,12.1,10.0,-2.1,3984,0,-0.2,6613,37.6,8,48.0,0,1,6650,2,0.00,0xEE,0,0
16748,12.0,10.0,-2.0,3989,0,-0.5,6612,37.3,9,48.0,0,1,6656,2,0.00,0xEE,0,0
16762,12.0,10.0,-2.0,3995,0,-0.9,6613,37.7,9,48.0,0,1,6663,2,0.00,0xEE,0,0
16778,11.9,10.0,-1.9,3997,0,-1.2,6677,37.7,9,48.0,0,1,6670,2,0.00,0xEE,0,0
16793,11.9,10.0,-1.9,4002,0,-1.5,6677,37.8,9,48.0,0,1,6675,2,0.00,0xEE,0,0
16823,11.9,10.0,-1.9,4004,0,-1.8,6613,37.5,9,48.0,0,1,6680,2,0.00,0xEE,0,0
16839,11.9,10.0,-1.9,4008,0,-1.8,6615,37.4,1,48.0,0,1,6681,2,0.00,0xEE,0,0
16917,11.9,10.0,-1.9,4009,0,-1.8,6681,37.4,85,48.0,0,1,6681,2,0.00,0xEE,0,0
16948,11.9,10.0,-1.9,4006,0,-1.7,6684,38.0,9,48.0,0,1,6680,2,0.00,0xEE,0,0
16964,11.9,10.0,-1.9,3999,0,-1.2,6619,37.7,9,48.0,0,1,6670,2,0.00,0xEE,0,0
16979,11.9,10.0,-1.9,3997,0,-0.4,6619,37.5,1,48.0,0,1,6654,2,0.00,0xEE,0,0
16994,12.0,10.0,-2.0,3984,0,0.3,6621,37.6,3,48.0,0,1,6641,2,0.00,0xEE,0,0
17026,12.1,10.0,-2.1,3975,0,0.9,6684,37.5,5,48.0,0,1,6628,2,0.00,0xEE,0,0
17041,12.0,10.0,-2.0,3969,0,1.3,6685,37.8,6,48.0,0,1,6622,2,0.00,0xEE,0,0
17056,12.0,10.0,-2.0,3967,0,1.4,6621,37.7,8,48.0,0,1,6621,2,0.00,0xEE,0,0
17087,11.9,10.0,-1.9,3971,0,1.2,6621,37.7,9,48.0,0,1,6625,2,0.00,0xEE,0,0
17102,11.9,10.0,-1.9,3976,0,1.0,6684,37.7,9,48.0,0,1,6631,2,0.00,0xEE,0,0
17118,11.9,10.0,-1.9,3977,0,0.7,6683,37.0,9,48.0,0,1,6636,2,0.00,0xEE,0,0
17149,11.9,10.0,-1.9,3979,0,0.4,6683,37.8,9,48.0,0,1,6640,2,0.00,0xEE,0,0
17164,11.9,10.0,-1.9,3983,0,-0.0,6618,37.4,0,48.0,0,1,6648,2,0.00,0xEE,0,0
17179,12.0,10.0,-2.0,3984,0,0.1,6618,37.2,2,48.0,0,1,6644,2,0.00,0xEE,0,0
17195,12.1,10.0,-2.1,3980,0,0.5,6681,37.3,4,48.0,0,1,6635,2,0.00,0xEE,0,0
17224,12.2,10.0,-2.2,3970,0,1.2,6681,37.6,6,48.0,0,1,6622,2,0.00,0xEE,0,0
17240,12.2,10.0,-2.2,3963,0,1.6,6619,37.4,8,48.0,0,1,6613,2,0.00,0xEE,0,0
17256,12.2,10.0,-2.2,3962,0,1.9,6618,37.1,9,48.0,0,1,6610,2,0.00,0xEE,0,0
17287,12.2,10.0,-2.2,3963,0,1.9,6680,37.3,9,48.0,0,1,6608,2,0.00,0xEE,0,0
17303,12.2,10.0,-2.2,3960,0,2.0,6680,37.9,9,48.0,0,1,6607,2,0.00,0xEE,0,0
17318,12.3,10.0,-2.3,3958,0,2.0,6678,37.3,9,48.0,0,1,6606,2,0.00,0xEE,0,0
17349,12.1,10.0,-2.1,3966,0,1.5,6612,37.8,9,48.0,0,1,6617,2,0.00,0xEE,0,0
17427,12.0,10.0,-2.0,3974,0,0.7,6672,37.6,74,48.0,0,1,6632,2,0.00,0xEE,0,0
17443,11.9,10.0,-1.9,3976,0,0.5,6671,37.5,9,48.0,0,1,6637,2,0.00,0xEE,0,0
17474,12.0,10.0,-2.0,3982,0,-0.2,6672,37.8,9,48.0,0,1,6648,2,0.00,0xEE,0,0
17490,12.0,10.0,-2.0,3989,0,-1.1,6607,37.5,0,48.0,0,1,6664,2,0.00,0xEE,0,0
17506,12.0,10.0,-2.0,3998,0,-1.3,6606,37.7,2,47.0,0,1,6669,2,0.00,0xEE,0,0
17521,12.0,10.0,-2.0,3998,0,-1.4,6671,37.2,4,47.0,0,1,6669,2,0.00,0xEE,0,0
17552,12.0,10.0,-2.0,3995,0,-1.2,6671,37.5,6,47.0,0,1,6667,2,0.00,0xEE,0,0
17568,12.1,10.0,-2.1,3993,0,-0.9,6607,37.4,8,47.0,0,1,6660,2,0.00,0xEE,0,0
17584,12.1,10.0,-2.1,3990,0,-0.5,6609,37.4,9,47.0,0,1,6652,2,0.00,0xEE,0,0
17599,12.2,10.0,-2.2,3986,0,-0.1,6609,36.8,9,47.0,0,1,6644,2,0.00,0xEE,0,0
17630,12.2,10.0,-2.2,3979,0,0.2,6672,37.5,9,47.0,0,1,6638,2,0.00,0xEE,0,0
17644,12.1,10.0,-2.1,3976,0,0.4,6672,37.7,9,47.0,0,1,6635,2,0.00,0xEE,0,0
17659,12.1,10.0,-2.1,3978,0,0.5,6607,37.2,9,47.0,0,1,6635,2,0.00,0xEE,0,0
17690,12.3,10.0,-2.3,3972,0,1.0,6609,37.5,1,47.0,0,1,6623,2,0.00,0xEE,0,0
17706,12.4,10.0,-2.4,3964,0,1.5,6672,37.0,3,47.0,0,1,6612,2,0.00,0xEE,0,0
17721,12.3,10.0,-2.3,3962,0,1.6,6671,37.6,5,47.0,0,1,6612,2,0.00,0xEE,0,0
17752,12.3,10.0,-2.3,3960,0,1.6,6671,37.1,7,47.0,0,1,6611,2,0.00,0xEE,0,0
17767,12.2,10.0,-2.2,3968,0,1.3,6606,37.8,9,47.0,0,1,6619,2,0.00,0xEE,0,0
17782,12.2,10.0,-2.2,3973,0,0.9,6605,37.5,9,47.0,0,1,6625,2,0.00,0xEE,0,0
17814,12.0,10.0,-2.0,3980,0,0.2,6669,37.0,9,47.0,0,1,6639,2,0.00,0xEE,0,0
17829,12.1,10.0,-2.1,3984,0,-0.3,6668,37.7,9,47.0,0,1,6647,2,0.00,0xEE,0,0
17844,12.1,10.0,-2.1,3989,0,-0.6,6605,37.5,9,47.0,0,1,6654,2,0.00,0xEE,0,0
17951,12.1,10.0,-2.1,3994,0,-0.9,6605,37.4,74,47.0,0,1,6658,2,0.00,0xEE,0,0
17951,12.1,10.0,-2.1,3992,0,-0.9,6668,37.5,9,47.0,0,1,6658,2,0.00,0xEE,0,0
17966,12.1,10.0,-2.1,3990,0,-0.8,6668,37.1,9,47.0,0,1,6656,2,0.00,0xEE,0,0
17998,12.1,10.0,-2.1,3989,0,-0.6,6605,37.5,9,47.0,0,1,6653,2,0.00,0xEE,0,0
18014,12.1,10.0,-2.1,3988,0,-0.3,6605,37.8,1,47.0,0,1,6647,2,0.00,0xEE,0,0
18028,12.1,10.0,-2.1,3987,0,-0.2,6669,37.5,3,47.0,0,1,6645,2,0.00,0xEE,0,0
18058,12.1,10.0,-2.1,3986,0,-0.2,6671,37.5,5,47.0,0,1,6646,2,0.00,0xEE,0,0
18074,12.1,10.0,-2.1,3984,0,-0.2,6669,37.3,7,47.0,0,1,6645,2,0.00,0xEE,0,0
18089,12.1,10.0,-2.1,3983,0,-0.2,6606,37.6,9,47.0,0,1,6645,2,0.00,0xEE,0,0
18104,12.0,10.0,-2.0,3985,0,-0.2,6606,37.7,9,47.0,0,1,6646,2,0.00,0xEE,0,0
18135,12.0,10.0,-2.0,3988,0,-0.3,6671,37.4,9,47.0,0,1,6649,2,0.00,0xEE,0,0
18150,11.9,10.0,-1.9,3990,0,-0.6,6669,37.8,9,47.0,0,1,6654,2,0.00,0xEE,0,0
18166,12.0,10.0,-2.0,3989,0,-0.6,6671,37.1,9,47.0,0,1,6653,2,0.00,0xEE,0,0
18196,12.2,10.0,-2.2,3988,0,0.2,6606,37.2,1,47.0,0,1,6636,2,0.00,0xEE,0,0
18211,12.2,10.0,-2.2,3976,0,0.7,6606,37.4,3,47.0,0,1,6627,2,0.00,0xEE,0,0
18226,12.2,10.0,-2.2,3974,0,1.0,6671,37.7,5,47.0,0,1,6621,2,0.00,0xEE,0,0
18257,12.1,10.0,-2.1,3973,0,1.0,6671,37.5,7,47.0,0,1,6622,2,0.00,0xEE,0,0
18273,12.1,10.0,-2.1,3973,0,0.8,6606,37.1,9,47.0,0,1,6626,2,0.00,0xEE,0,0
18287,12.1,10.0,-2.1,3978,0,0.6,6605,37.6,9,47.0,0,1,6631,2,0.00,0xEE,0,0
18318,12.0,10.0,-2.0,3983,0,0.3,6605,37.9,9,47.0,0,1,6637,2,0.00,0xEE,0,0
18334,11.9,10.0,-1.9,3988,0,-0.3,6669,38.0,9,47.0,0,1,6649,2,0.00,0xEE,0,0
18349,11.8,10.0,-1.8,3997,0,-1.2,6669,37.7,9,47.0,0,1,6666,2,0.00,0xEE,0,0
18443,11.7,10.0,-1.7,4008,0,-1.9,6606,37.5,74,47.0,0,1,6678,2,0.00,0xEE,0,0
18458,11.9,10.0,-1.9,4008,0,-1.8,6672,37.4,9,47.0,0,1,6676,2,0.00,0xEE,0,0
18474,12.0,10.0,-2.0,3998,0,-1.1,6674,37.3,9,47.0,0,1,6661,2,0.00,0xEE,0,0
18490,12.1,10.0,-2.1,3987,0,-0.3,6674,37.4,9,47.0,0,1,6645,2,0.00,0xEE,0,0
18521,12.2,10.0,-2.2,3971,0,1.3,6610,37.4,1,47.5,0,1,6616,2,0.00,0xEE,0,0
18536,12.2,10.0,-2.2,3967,0,1.7,6612,37.6,3,47.5,0,1,6608,2,0.00,0xEE,0,0
18551,12.2,10.0,-2.2,3963,0,1.9,6674,37.3,5,47.5,0,1,6604,2,0.00,0xEE,0,0
18583,12.2,10.0,-2.2,3959,0,2.1,6672,37.1,7,47.5,0,1,6601,2,0.00,0xEE,0,0
18598,12.2,10.0,-2.2,3956,0,2.2,6607,37.3,8,47.5,0,1,6599,2,0.00,0xEE,0,0
18614,12.3,10.0,-2.3,3957,0,2.2,6606,37.8,9,47.5,0,1,6597,2,0.00,0xEE,0,0
18629,12.1,10.0,-2.1,3963,0,1.8,6606,37.7,9,47.5,0,1,6606,2,0.00,0xEE,0,0
18660,12.0,10.0,-2.0,3971,0,1.1,6669,37.6,9,47.5,0,1,6622,2,0.00,0xEE,0,0
18676,11.9,10.0,-1.9,3982,0,0.1,6668,37.8,9,47.5,0,1,6641,2,0.00,0xEE,0,0
18691,11.9,10.0,-1.9,3991,0,-1.1,6603,37.6,0,47.5,0,1,6662,2,0.00,0xEE,0,0
18722,12.0,10.0,-2.0,3998,0,-1.2,6603,37.4,2,47.5,0,1,6661,2,0.00,0xEE,0,0
18738,12.1,10.0,-2.1,3996,0,-1.0,6668,37.2,4,47.5,0,1,6657,2,0.00,0xEE,0,0
18754,12.2,10.0,-2.2,3990,0,-0.6,6669,37.4,6,47.5,0,1,6649,2,0.00,0xEE,0,0
18770,12.2,10.0,-2.2,3985,0,-0.3,6669,37.5,8,47.5,0,1,6644,2,0.00,0xEE,0,0
18800,12.2,10.0,-2.2,3983,0,-0.0,6606,37.3,9,47.5,0,1,6638,2,0.00,0xEE,0,0
18815,12.2,10.0,-2.2,3980,0,0.3,6606,37.3,9,47.5,0,1,6632,2,0.00,0xEE,0,0
18831,12.2,10.0,-2.2,3975,0,0.6,6671,37.7,9,47.5,0,1,6626,2,0.00,0xEE,0,0
18861,12.3,10.0,-2.3,3970,0,0.9,6671,36.9,9,47.5,0,1,6620,2,0.00,0xEE,0,0
18939,12.2,10.0,-2.2,3971,0,1.0,6606,37.5,74,47.5,0,1,6620,2,0.00,0xEE,0,0
18969,12.1,10.0,-2.1,3974,0,0.9,6606,37.7,9,47.5,0,1,6623,2,0.00,0xEE,0,0
18984,12.0,10.0,-2.0,3982,0,0.2,6671,38.0,9,47.5,0,1,6636,2,0.00,0xEE,0,0
19000,11.9,10.0,-1.9,3990,0,-0.6,6669,37.8,9,47.5,0,1,6652,2,0.00,0xEE,0,0
19016,11.8,10.0,-1.8,3999,0,-2.1,6606,37.4,0,47.5,0,1,6680,2,0.00,0xEE,0,0
19046,11.9,10.0,-1.9,4007,0,-2.1,6606,37.4,2,47.5,0,1,6679,2,0.00,0xEE,0,0
19062,12.1,10.0,-2.1,4002,0,-1.7,6607,38.1,4,47.5,0,1,6670,2,0.00,0xEE,0,0
19077,11.9,10.0,-1.9,4001,0,-1.7,6674,38.7,6,47.5,0,1,6670,2,0.00,0xEE,0,0
19123,11.7,10.0,-1.7,4006,0,-2.1,6674,37.9,8,47.5,0,1,6681,2,0.00,0xEE,0,0
19123,11.3,10.0,-1.3,4022,0,-3.4,6610,38.6,9,47.5,0,1,6710,2,0.00,0xEE,0,0
19139,11.3,10.0,-1.3,4034,0,-4.3,6613,38.1,9,47.5,0,1,6725,2,0.00,0xEE,0,0
19170,11.3,10.0,-1.3,4041,0,-4.8,6678,38.0,9,47.5,0,1,6734,2,0.00,0xEE,0,0
19186,11.4,10.0,-1.4,4036,0,-4.5,6681,38.1,9,47.5,0,1,6726,2,0.00,0xEE,0,0
19202,11.4,10.0,-1.4,4032,0,-3.6,6619,38.6,0,47.5,0,1,6712,2,0.00,0xEE,0,0
19232,11.3,10.0,-1.3,4029,0,-3.3,6621,38.3,2,47.5,0,1,6707,2,0.00,0xEE,0,0
19248,11.1,10.0,-1.1,4029,0,-3.3,6621,38.6,3,47.5,0,1,6709,2,0.00,0xEE,0,0
19264,11.0,10.0,-1.0,4032,0,-3.4,6687,39.2,5,47.5,0,1,6712,2,0.00,0xEE,0,0
19279,10.9,10.0,-0.9,4033,0,-3.6,6688,38.6,7,47.5,0,1,6716,2,0.00,0xEE,0,0
19295,10.9,10.0,-0.9,4031,0,-3.5,6628,38.5,9,47.5,0,1,6715,2,0.00,0xEE,0,0
19327,11.0,10.0,-1.0,4029,0,-3.2,6628,38.4,9,47.5,0,1,6710,2,0.00,0xEE,0,0
19342,11.0,10.0,-1.0,4023,0,-2.7,6696,38.4,9,47.5,0,1,6698,2,0.00,0xEE,0,0
19358,11.1,10.0,-1.1,4013,0,-1.9,6696,38.5,9,47.5,0,1,6684,2,0.00,0xEE,0,0
19452,11.1,10.0,-1.1,4004,0,-1.1,6637,38.2,74,47.5,0,1,6669,2,0.00,0xEE,0,0
19481,11.1,10.0,-1.1,4004,0,-0.9,6637,38.6,9,47.5,0,1,6666,2,0.00,0xEE,0,0
19481,11.0,10.0,-1.0,3997,0,-0.4,6703,38.6,9,47.5,0,1,6658,2,0.00,0xEE,0,0
19513,11.0,10.0,-1.0,3993,0,-0.2,6702,38.8,9,47.5,0,1,6654,2,0.00,0xEE,0,0
19528,10.9,10.0,-0.9,3995,0,-0.1,6640,38.7,9,47.5,0,1,6654,2,0.00,0xEE,0,0
19544,10.8,10.0,-0.8,4000,0,-0.5,6638,38.7,1,47.5,0,1,6661,2,0.00,0xEE,0,0
19559,10.7,10.0,-0.7,4004,0,-0.8,6703,39.0,3,47.5,0,1,6667,2,0.00,0xEE,0,0
19590,10.7,10.0,-0.7,4007,0,-1.1,6703,39.6,5,47.5,0,1,6675,2,0.00,0xEE,0,0
19606,10.5,10.0,-0.5,4015,0,-1.9,6703,39.3,7,47.5,0,1,6691,2,0.00,0xEE,0,0
19622,10.3,10.0,-0.3,4027,0,-2.7,6641,39.1,9,47.5,0,1,6708,2,0.00,0xEE,0,0
19653,10.2,10.0,-0.2,4036,0,-3.5,6641,39.2,9,47.5,0,1,6722,2,0.00,0xEE,0,0
19669,10.3,10.0,-0.3,4038,0,-3.8,6706,39.3,9,47.5,0,1,6727,2,0.00,0xEE,0,0
19685,10.3,10.0,-0.3,4038,0,-3.8,6708,39.4,9,47.5,0,1,6728,2,0.00,0xEE,0,0
19701,10.2,10.0,-0.2,4039,0,-3.8,6644,38.8,9,47.5,0,1,6728,2,0.00,0xEE,0,0
19748,10.6,10.0,-0.6,4034,0,-2.2,6647,39.4,1,47.5,0,1,6695,2,0.00,0xEE,0,0
19748,10.6,10.0,-0.6,4007,0,-1.0,6712,39.1,2,47.5,0,1,6674,2,0.00,0xEE,0,0
19764,10.5,10.0,-0.5,3998,0,-0.3,6715,39.1,4,47.5,0,1,6662,2,0.00,0xEE,0,0
19780,10.4,10.0,-0.4,3994,0,-0.0,6714,39.5,6,47.5,0,1,6658,2,0.00,0xEE,0,0
19810,10.3,10.0,-0.3,3995,0,0.0,6650,39.3,8,47.5,0,1,6657,2,0.00,0xEE,0,0
19825,10.3,10.0,-0.3,3998,0,-0.1,6651,39.2,9,47.5,0,1,6660,2,0.00,0xEE,0,0
19840,10.2,10.0,-0.2,3999,0,-0.2,6714,38.9,9,47.5,0,1,6664,2,0.00,0xEE,0,0
19871,10.3,10.0,-0.3,3997,0,-0.3,6714,39.2,9,47.5,0,1,6664,2,0.00,0xEE,0,0
19950,10.3,10.0,-0.3,3999,0,-0.2,6647,39.3,74,47.5,0,1,6662,2,0.00,0xEE,0,0
19965,10.3,10.0,-0.3,4000,0,-0.2,6711,39.0,9,47.5,0,1,6662,2,0.00,0xEE,0,0
19996,10.3,10.0,-0.3,3999,0,-0.2,6711,39.4,9,47.5,0,1,6662,2,0.00,0xEE,0,0
20012,10.3,10.0,-0.3,3996,0,-0.1,6645,39.1,9,47.5,0,1,6660,2,0.00,0xEE,0,0
20027,10.3,10.0,-0.3,3998,0,-0.1,6644,39.3,9,47.5,0,1,6661,2,0.00,0xEE,0,0
20057,10.2,10.0,-0.2,3999,0,-0.3,6708,39.2,0,47.5,0,1,6664,2,0.00,0xEE,0,0
20072,10.2,10.0,-0.2,4002,0,-0.5,6708,39.4,2,47.5,0,1,6668,2,0.00,0xEE,0,0
20087,10.1,10.0,-0.1,4003,0,-0.7,6708,39.7,4,47.5,0,1,6673,2,0.00,0xEE,0,0
20119,10.1,10.0,-0.1,4007,0,-0.9,6644,39.3,6,47.5,0,1,6678,2,0.00,0xEE,0,0
20135,10.0,10.0,-0.0,4014,0,-1.3,6644,39.8,8,47.5,0,1,6686,2,0.00,0xEE,0,0
20150,10.0,10.0,-0.0,4016,0,-1.5,6709,39.1,9,47.5,0,1,6689,2,0.00,0xEE,0,0
20166,10.1,10.0,-0.1,4012,0,-1.3,6708,38.8,9,47.5,0,1,6684,2,0.00,0xEE,0,0
20198,10.3,10.0,-0.3,4001,0,-0.6,6644,39.4,9,47.5,0,1,6668,2,0.00,0xEE,0,0
20213,10.3,10.0,-0.3,3997,0,-0.0,6645,39.6,9,47.5,0,1,6659,2,0.00,0xEE,0,0
20228,10.2,10.0,-0.2,3995,0,0.3,6709,39.1,0,47.5,0,1,6655,2,0.00,0xEE,0,0
20244,10.3,10.0,-0.3,3993,0,0.6,6708,39.2,2,47.5,0,1,6647,2,0.00,0xEE,0,0
20276,10.4,10.0,-0.4,3981,0,1.1,6706,39.1,3,47.5,0,1,6637,2,0.00,0xEE,0,0
20292,10.4,10.0,-0.4,3979,0,1.4,6641,39.2,5,47.5,0,1,6632,2,0.00,0xEE,0,0
20307,10.4,10.0,-0.4,3979,0,1.5,6641,38.5,7,47.5,0,1,6630,2,0.00,0xEE,0,0
20337,10.6,10.0,-0.6,3971,0,2.0,6705,38.6,9,47.5,0,1,6620,2,0.00,0xEE,0,0
20353,10.8,10.0,-0.8,3960,0,2.8,6703,38.9,9,47.5,0,1,6603,2,0.00,0xEE,0,0
20369,10.8,10.0,-0.8,3950,0,3.4,6637,39.5,9,47.5,0,1,6590,2,0.00,0xEE,0,0
20463,10.7,10.0,-0.7,3951,0,3.5,6690,38.7,74,47.5,0,1,6589,2,0.00,0xEE,0,0
20478,10.6,10.0,-0.6,3953,0,3.3,6690,39.0,9,47.5,0,1,6595,2,0.00,0xEE,0,0
20493,10.6,10.0,-0.6,3964,0,2.2,6687,39.2,9,47.5,0,1,6615,2,0.00,0xEE,0,0
20510,10.5,10.0,-0.5,3977,0,1.2,6621,39.0,9,47.5,0,1,6634,2,0.00,0xEE,0,0
20541,10.5,10.0,-0.5,3990,0,0.3,6618,38.9,9,47.5,0,1,6650,2,0.00,0xEE,0,0
20557,10.6,10.0,-0.6,3995,0,-0.4,6680,38.9,9,47.5,0,1,6662,2,0.00,0xEE,0,0
20572,10.6,10.0,-0.6,4000,0,-1.0,6680,39.0,1,47.5,0,1,6672,2,0.00,0xEE,0,0
20603,10.7,10.0,-0.7,4002,0,-1.0,6616,38.8,3,47.5,0,1,6672,2,0.00,0xEE,0,0
20619,10.7,10.0,-0.7,4004,0,-1.0,6615,38.9,5,47.5,0,1,6672,2,0.00,0xEE,0,0
20634,10.7,10.0,-0.7,4003,0,-0.8,6680,38.2,7,47.5,0,1,6668,2,0.00,0xEE,0,0
20650,10.9,10.0,-0.9,3994,0,-0.2,6680,38.3,9,47.5,0,1,6656,2,0.00,0xEE,0,0
20681,11.1,10.0,-1.1,3979,0,0.9,6678,38.2,9,47.5,0,1,6633,2,0.00,0xEE,0,0
20696,11.3,10.0,-1.3,3965,0,2.1,6613,38.7,9,47.5,0,1,6608,2,0.00,0xEE,0,0
20711,11.3,10.0,-1.3,3956,0,3.0,6615,38.3,9,47.5,0,1,6592,2,0.00,0xEE,0,0
20743,11.1,10.0,-1.1,3954,0,3.2,6677,38.7,9,47.5,0,1,6591,2,0.00,0xEE,0,0
20758,11.0,10.0,-1.0,3953,0,2.7,6675,38.6,0,47.5,0,1,6602,2,0.00,0xEE,0,0
20774,11.2,10.0,-1.2,3954,0,2.8,6609,37.9,2,47.5,0,1,6597,2,0.00,0xEE,0,0
20790,11.2,10.0,-1.2,3956,0,2.7,6607,38.3,4,47.5,0,1,6598,2,0.00,0xEE,0,0
20820,11.5,10.0,-1.5,3951,0,3.1,6607,37.9,6,47.5,0,1,6587,2,0.00,0xEE,0,0
20836,11.4,10.0,-1.4,3951,0,3.1,6669,38.3,8,47.5,0,1,6590,2,0.00,0xEE,0,0
20852,11.5,10.0,-1.5,3949,0,3.1,6668,38.0,9,47.5,0,1,6587,2,0.00,0xEE,0,0
20882,11.4,10.0,-1.4,3953,0,2.9,6600,37.8,9,47.5,0,1,6592,2,0.00,0xEE,0,0
20959,11.6,10.0,-1.6,3954,0,2.9,6594,38.3,74,47.5,0,1,6591,2,0.00,0xEE,0,0
20975,11.5,10.0,-1.5,3954,0,2.7,6656,38.1,9,47.5,0,1,6595,2,0.00,0xEE,0,0
21006,11.5,10.0,-1.5,3962,0,1.9,6656,37.9,9,47.5,0,1,6609,2,0.00,0xEE,0,0
21021,11.4,10.0,-1.4,3972,0,1.0,6590,38.1,9,47.5,0,1,6625,2,0.00,0xEE,0,0
21038,11.4,10.0,-1.4,3981,0,0.3,6589,38.5,9,47.5,0,1,6638,2,0.00,0xEE,0,0
21068,11.4,10.0,-1.4,3989,0,-0.3,6653,38.0,9,47.5,0,1,6648,2,0.00,0xEE,0,0
21084,11.4,10.0,-1.4,3995,0,-1.3,6653,37.7,0,47.5,0,1,6666,2,0.00,0xEE,0,0
21099,11.4,10.0,-1.4,3999,0,-1.4,6653,38.0,2,47.5,0,1,6669,2,0.00,0xEE,0,0
21115,11.7,10.0,-1.7,3991,0,-0.9,6589,37.7,4,47.5,0,1,6658,2,0.00,0xEE,0,0
21146,11.7,10.0,-1.7,3989,0,-0.5,6590,38.0,6,47.5,0,1,6650,2,0.00,0xEE,0,0
21161,11.8,10.0,-1.8,3983,0,0.1,6656,37.7,8,47.5,0,1,6638,2,0.00,0xEE,0,0
21177,11.7,10.0,-1.7,3981,0,0.3,6656,38.2,9,47.5,0,1,6635,2,0.00,0xEE,0,0
21207,11.6,10.0,-1.6,3980,0,0.3,6656,38.2,9,47.5,0,1,6636,2,0.00,0xEE,0,0
21223,11.4,10.0,-1.4,3988,0,-0.1,6591,37.7,9,47.5,0,1,6646,2,0.00,0xEE,0,0
21238,11.5,10.0,-1.5,3987,0,-0.2,6591,37.6,9,47.5,0,1,6646,2,0.00,0xEE,0,0
21254,11.7,10.0,-1.7,3983,0,0.2,6656,38.0,9,47.5,0,1,6637,2,0.00,0xEE,0,0
21285,11.6,10.0,-1.6,3976,0,0.6,6657,38.1,1,47.5,0,1,6630,2,0.00,0xEE,0,0
21301,11.4,10.0,-1.4,3983,0,0.1,6657,38.2,3,47.5,0,1,6641,2,0.00,0xEE,0,0
21316,11.4,10.0,-1.4,3991,0,-0.4,6593,38.3,5,47.5,0,1,6651,2,0.00,0xEE,0,0
21347,11.3,10.0,-1.3,3998,0,-0.9,6593,38.0,7,47.5,0,1,6661,2,0.00,0xEE,0,0
21363,11.4,10.0,-1.4,4002,0,-1.2,6659,38.1,9,47.5,0,1,6665,2,0.00,0xEE,0,0
21378,11.4,10.0,-1.4,4000,0,-1.2,6659,38.0,9,47.5,0,1,6664,2,0.00,0xEE,0,0
21470,11.5,10.0,-1.5,3998,0,-1.0,6597,38.2,74,47.5,0,1,6661,2,0.00,0xEE,0,0
21485,11.4,10.0,-1.4,3998,0,-0.9,6599,37.9,8,47.5,0,1,6659,2,0.00,0xEE,0,0
21500,11.3,10.0,-1.3,3998,0,-0.9,6663,38.5,9,47.5,0,1,6659,2,0.00,0xEE,0,0
21531,11.2,10.0,-1.2,4000,0,-1.1,6663,38.9,9,47.5,0,1,6664,2,0.00,0xEE,0,0
21547,11.1,10.0,-1.1,4006,0,-1.4,6602,38.3,9,48.5,0,1,6672,2,0.00,0xEE,0,0
21562,11.0,10.0,-1.0,4013,0,-1.9,6603,38.5,9,48.5,0,1,6681,2,0.00,0xEE,0,0
21593,11.1,10.0,-1.1,4015,0,-2.0,6602,38.1,9,48.5,0,1,6683,2,0.00,0xEE,0,0
21608,11.2,10.0,-1.2,4006,0,-1.5,6669,38.1,1,48.5,0,1,6673,2,0.00,0xEE,0,0
21624,11.2,10.0,-1.2,4003,0,-1.3,6669,38.6,3,48.5,0,1,6669,2,0.00,0xEE,0,0
21655,11.2,10.0,-1.2,4001,0,-1.0,6607,38.5,5,48.5,0,1,6664,2,0.00,0xEE,0,0
21671,11.0,10.0,-1.0,4004,0,-1.1,6609,38.5,7,48.5,0,1,6666,2,0.00,0xEE,0,0
21687,11.0,10.0,-1.0,4003,0,-1.1,6672,38.7,9,48.5,0,1,6666,2,0.00,0xEE,0,0
21703,11.0,10.0,-1.0,4001,0,-1.0,6675,38.4,9,48.5,0,1,6666,2,0.00,0xEE,0,0
21733,11.0,10.0,-1.0,4002,0,-1.0,6675,38.6,9,48.5,0,1,6666,2,0.00,0xEE,0,0
21749,11.0,10.0,-1.0,4004,0,-1.1,6612,38.8,9,48.5,0,1,6667,2,0.00,0xEE,0,0
21765,10.9,10.0,-0.9,4006,0,-1.1,6613,38.3,9,48.5,0,1,6668,2,0.00,0xEE,0,0
21781,10.9,10.0,-0.9,4005,0,-1.0,6678,39.2,0,48.5,0,1,6667,2,0.00,0xEE,0,0
21812,10.9,10.0,-0.9,4004,0,-1.1,6678,38.8,2,48.5,0,1,6669,2,0.00,0xEE,0,0
21828,10.8,10.0,-0.8,4008,0,-1.3,6616,38.4,4,48.5,0,1,6673,2,0.00,0xEE,0,0
21844,10.7,10.0,-0.7,4012,0,-1.5,6618,38.8,6,48.5,0,1,6678,2,0.00,0xEE,0,0
21860,10.8,10.0,-0.8,4012,0,-1.5,6618,38.6,8,48.5,0,1,6676,2,0.00,0xEE,0,0
21891,10.8,10.0,-0.8,4009,0,-1.4,6683,38.9,9,48.5,0,1,6674,2,0.00,0xEE,0,0
21982,10.9,10.0,-0.9,4002,0,-1.0,6619,38.4,74,48.5,0,1,6667,2,0.00,0xEE,0,0
21998,10.6,10.0,-0.6,4008,0,-1.2,6621,39.3,6,48.5,0,1,6673,2,0.00,0xEE,0,0
22013,10.3,10.0,-0.3,4018,0,-1.9,6685,38.6,8,48.5,0,1,6689,2,0.00,0xEE,0,0
22028,10.3,10.0,-0.3,4024,0,-2.5,6688,39.1,9,48.5,0,1,6701,2,0.00,0xEE,0,0
22059,10.4,10.0,-0.4,4024,0,-2.7,6623,39.0,9,48.5,0,1,6702,2,0.00,0xEE,0,0
22074,10.5,10.0,-0.5,4024,0,-2.4,6625,39.1,9,48.5,0,1,6698,2,0.00,0xEE,0,0
22090,10.5,10.0,-0.5,4022,0,-2.2,6625,39.4,9,48.5,0,1,6693,2,0.00,0xEE,0,0
22106,10.4,10.0,-0.4,4018,0,-1.7,6690,39.2,0,48.5,0,1,6685,2,0.00,0xEE,0,0
22138,10.4,10.0,-0.4,4012,0,-1.5,6691,38.9,2,48.5,0,1,6681,2,0.00,0xEE,0,0
22153,10.3,10.0,-0.3,4009,0,-1.3,6628,39.3,4,48.5,0,1,6678,2,0.00,0xEE,0,0
22169,10.4,10.0,-0.4,4008,0,-1.0,6629,39.1,6,48.5,0,1,6672,2,0.00,0xEE,0,0
22200,10.3,10.0,-0.3,4007,0,-0.8,6694,39.2,7,48.5,0,1,6668,2,0.00,0xEE,0,0
22215,10.4,10.0,-0.4,4002,0,-0.5,6694,38.8,9,48.5,0,1,6663,2,0.00,0xEE,0,0
22230,10.5,10.0,-0.5,3995,0,0.0,6694,38.7,9,48.5,0,1,6652,2,0.00,0xEE,0,0
22246,10.6,10.0,-0.6,3987,0,0.8,6631,39.0,9,48.5,0,1,6637,2,0.00,0xEE,0,0
22277,10.8,10.0,-0.8,3978,0,1.7,6631,38.6,9,48.5,0,1,6619,2,0.00,0xEE,0,0
22292,10.8,10.0,-0.8,3970,0,2.5,6694,38.6,9,48.5,0,1,6604,2,0.00,0xEE,0,0
22307,10.9,10.0,-0.9,3959,0,3.5,6693,38.8,1,48.5,0,1,6585,2,0.00,0xEE,0,0
22339,10.8,10.0,-0.8,3956,0,3.4,6626,38.7,3,48.5,0,1,6588,2,0.00,0xEE,0,0
22355,10.7,10.0,-0.7,3962,0,3.0,6626,38.8,5,48.5,0,1,6596,2,0.00,0xEE,0,0
22371,10.7,10.0,-0.7,3968,0,2.5,6688,38.9,7,48.5,0,1,6605,2,0.00,0xEE,0,0
22386,10.7,10.0,-0.7,3973,0,1.9,6687,39.3,9,48.5,0,1,6616,2,0.00,0xEE,0,0
22481,10.6,10.0,-0.6,3982,0,1.2,6619,39.0,74,48.5,0,1,6630,2,0.00,0xEE,0,0
22496,10.6,10.0,-0.6,3994,0,0.1,6618,38.3,5,48.5,0,1,6649,2,0.00,0xEE,0,0
22512,10.7,10.0,-0.7,3996,0,-0.2,6683,38.7,7,48.5,0,1,6654,2,0.00,0xEE,0,0
22543,10.8,10.0,-0.8,3993,0,-0.2,6683,38.6,9,48.5,0,1,6651,2,0.00,0xEE,0,0
22559,10.9,10.0,-0.9,3990,0,-0.0,6616,38.9,9,49.5,0,1,6648,2,0.00,0xEE,0,0
22574,10.9,10.0,-0.9,3989,0,0.2,6615,38.6,9,49.5,0,1,6644,2,0.00,0xEE,0,0
22590,10.9,10.0,-0.9,3989,0,0.3,6615,38.5,9,49.5,0,1,6642,2,0.00,0xEE,0,0
22621,11.0,10.0,-1.0,3984,0,0.6,6680,38.3,9,49.5,0,1,6636,2,0.00,0xEE,0,0
22637,11.0,10.0,-1.0,3976,0,1.2,6680,38.6,1,49.5,0,1,6625,2,0.00,0xEE,0,0
22652,11.0,10.0,-1.0,3977,0,1.2,6615,38.8,3,49.5,0,1,6624,2,0.00,0xEE,0,0
22684,10.9,10.0,-0.9,3981,0,1.0,6613,38.7,5,49.5,0,1,6628,2,0.00,0xEE,0,0
22699,10.9,10.0,-0.9,3984,0,0.7,6680,38.5,7,49.5,0,1,6636,2,0.00,0xEE,0,0
22714,10.9,10.0,-0.9,3985,0,0.4,6680,38.3,8,49.5,0,1,6640,2,0.00,0xEE,0,0
22729,11.0,10.0,-1.0,3983,0,0.6,6678,38.2,9,49.5,0,1,6636,2,0.00,0xEE,0,0
22761,11.2,10.0,-1.2,3978,0,1.1,6613,38.0,9,49.5,0,1,6624,2,0.00,0xEE,0,0
22777,11.3,10.0,-1.3,3972,0,1.7,6613,38.2,9,49.5,0,1,6612,2,0.00,0xEE,0,0
22792,11.3,10.0,-1.3,3964,0,2.2,6677,38.2,9,49.5,0,1,6603,2,0.00,0xEE,0,0
22822,11.3,10.0,-1.3,3959,0,2.6,6677,38.1,0,49.5,0,1,6596,2,0.00,0xEE,0,0
22838,11.2,10.0,-1.2,3963,0,2.3,6610,38.5,2,49.5,0,1,6603,2,0.00,0xEE,0,0
22854,11.2,10.0,-1.2,3970,0,1.8,6610,38.3,4,49.5,0,1,6611,2,0.00,0xEE,0,0
22869,11.2,10.0,-1.2,3975,0,1.3,6609,38.2,6,49.5,0,1,6621,2,0.00,0xEE,0,0
22900,11.2,10.0,-1.2,3976,0,1.0,6672,38.4,8,49.5,0,1,6626,2,0.00,0xEE,0,0
22962,11.2,10.0,-1.2,3981,0,0.6,6671,38.6,60,49.5,0,1,6633,2,0.00,0xEE,0,0
22993,11.2,10.0,-1.2,3982,0,0.4,6672,38.2,8,49.5,0,1,6636,2,0.00,0xEE,0,0
23009,11.2,10.0,-1.2,3985,0,0.0,6671,38.3,9,49.5,0,1,6643,2,0.00,0xEE,0,0
23024,11.2,10.0,-1.2,3990,0,-0.2,6606,38.6,9,49.5,0,1,6647,2,0.00,0xEE,0,0
23056,11.2,10.0,-1.2,3992,0,-0.3,6607,37.9,9,49.5,0,1,6649,2,0.00,0xEE,0,0
23071,11.2,10.0,-1.2,3995,0,-0.5,6671,38.4,9,49.5,0,1,6652,2,0.00,0xEE,0,0
23087,11.1,10.0,-1.1,3996,0,-0.9,6671,38.5,0,49.5,0,1,6660,2,0.00,0xEE,0,0
23103,11.1,10.0,-1.1,3999,0,-1.1,6607,38.6,2,49.5,0,1,6664,2,0.00,0xEE,0,0
23134,11.1,10.0,-1.1,4002,0,-1.3,6607,38.2,4,49.5,0,1,6667,2,0.00,0xEE,0,0
23149,11.0,10.0,-1.0,4007,0,-1.5,6607,38.8,6,49.5,0,1,6673,2,0.00,0xEE,0,0
23165,11.1,10.0,-1.1,4004,0,-1.4,6672,38.0,8,49.5,0,1,6669,2,0.00,0xEE,0,0
23196,11.1,10.0,-1.1,4001,0,-1.2,6672,38.5,9,49.5,0,1,6666,2,0.00,0xEE,0,0
23211,11.1,10.0,-1.1,3996,0,-1.0,6609,38.6,9,49.5,0,1,6661,2,0.00,0xEE,0,0
23227,11.0,10.0,-1.0,3999,0,-0.9,6609,38.3,9,49.5,0,1,6662,2,0.00,0xEE,0,0
23242,11.1,10.0,-1.1,3997,0,-0.7,6674,38.3,9,49.5,0,1,6657,2,0.00,0xEE,0,0
23273,11.2,10.0,-1.2,3991,0,0.1,6675,38.4,0,49.5,0,1,6641,2,0.00,0xEE,0,0
23288,11.2,10.0,-1.2,3986,0,0.3,6675,38.1,1,49.5,0,1,6637,2,0.00,0xEE,0,0
23303,11.2,10.0,-1.2,3981,0,0.7,6610,37.9,3,49.5,0,1,6630,2,0.00,0xEE,0,0
23334,11.3,10.0,-1.3,3976,0,1.2,6610,38.3,5,49.5,0,1,6619,2,0.00,0xEE,0,0
23350,11.4,10.0,-1.4,3972,0,1.6,6675,38.3,7,49.5,0,1,6611,2,0.00,0xEE,0,0
23365,11.3,10.0,-1.3,3970,0,1.7,6674,38.6,9,49.5,0,1,6610,2,0.00,0xEE,0,0
23381,11.1,10.0,-1.1,3974,0,1.3,6609,38.6,9,49.5,0,1,6620,2,0.00,0xEE,0,0
23474,11.0,10.0,-1.0,3981,0,0.6,6672,38.1,69,49.5,0,1,6634,2,0.00,0xEE,0,0
23490,11.3,10.0,-1.3,3978,0,0.6,6609,38.0,3,49.5,0,1,6631,2,0.00,0xEE,0,0
23506,11.5,10.0,-1.5,3972,0,1.1,6607,38.3,5,49.5,0,1,6618,2,0.00,0xEE,0,0
23527,11.5,10.0,-1.5,3971,0,1.5,6672,38.2,6,49.5,0,1,6613,2,0.00,0xEE,0,0
23552,11.4,10.0,-1.4,3970,0,1.5,6671,38.0,8,49.0,0,1,6613,2,0.00,0xEE,0,0
23567,11.4,10.0,-1.4,3970,0,1.3,6672,38.1,9,49.0,0,1,6616,2,0.00,0xEE,0,0
23583,11.4,10.0,-1.4,3971,0,1.3,6606,37.5,9,49.0,0,1,6616,2,0.00,0xEE,0,0
23613,11.5,10.0,-1.5,3972,0,1.3,6606,38.3,9,49.0,0,1,6615,2,0.00,0xEE,0,0
23629,11.4,10.0,-1.4,3976,0,1.1,6671,38.5,9,49.0,0,1,6620,2,0.00,0xEE,0,0
23645,11.2,10.0,-1.2,3980,0,-0.3,6669,38.1,0,49.0,0,1,6647,2,0.00,0xEE,0,0
23676,11.2,10.0,-1.2,3991,0,-0.7,6605,38.0,2,49.0,0,1,6654,2,0.00,0xEE,0,0
23691,11.4,10.0,-1.4,3992,0,-0.6,6605,37.7,4,49.0,0,1,6651,2,0.00,0xEE,0,0
23706,11.5,10.0,-1.5,3988,0,-0.2,6605,38.4,6,49.0,0,1,6642,2,0.00,0xEE,0,0
23722,11.4,10.0,-1.4,3986,0,-0.1,6669,38.4,8,49.0,0,1,6642,2,0.00,0xEE,0,0
23753,11.3,10.0,-1.3,3989,0,-0.4,6671,38.5,9,49.0,0,1,6648,2,0.00,0xEE,0,0
23768,11.1,10.0,-1.1,3997,0,-1.0,6606,38.6,9,49.0,0,1,6661,2,0.00,0xEE,0,0
23784,11.1,10.0,-1.1,4005,0,-1.6,6607,38.4,9,49.0,0,1,6671,2,0.00,0xEE,0,0
23814,11.1,10.0,-1.1,4010,0,-1.9,6671,38.0,9,49.0,0,1,6678,2,0.00,0xEE,0,0
23830,11.1,10.0,-1.1,4009,0,-1.9,6671,38.3,9,49.0,0,1,6677,2,0.00,0xEE,0,0
23845,11.3,10.0,-1.3,4002,0,-0.9,6672,38.2,1,49.0,0,1,6656,2,0.00,0xEE,0,0
23861,11.4,10.0,-1.4,3987,0,-0.3,6610,38.5,3,49.0,0,1,6645,2,0.00,0xEE,0,0
23892,11.3,10.0,-1.3,3984,0,0.1,6610,38.0,5,49.0,0,1,6638,2,0.00,0xEE,0,0
23984,11.2,10.0,-1.2,3983,0,0.2,6675,38.7,80,49.0,0,1,6638,2,0.00,0xEE,0,0
23999,11.1,10.0,-1.1,3983,0,0.1,6677,38.5,8,49.0,0,1,6640,2,0.00,0xEE,0,0
24015,11.0,10.0,-1.0,3991,0,-0.3,6612,37.9,9,49.0,0,1,6649,2,0.00,0xEE,0,0
24060,11.0,10.0,-1.0,3996,0,-0.7,6612,38.5,9,49.0,0,1,6656,2,0.00,0xEE,0,0
24060,11.0,10.0,-1.0,4000,0,-0.9,6677,38.7,9,49.0,0,1,6660,2,0.00,0xEE,0,0
24076,11.0,10.0,-1.0,4000,0,-1.1,6677,38.1,9,49.0,0,1,6663,2,0.00,0xEE,0,0
24107,11.2,10.0,-1.2,3990,0,-0.4,6677,38.3,1,49.0,0,1,6648,2,0.00,0xEE,0,0
24122,11.3,10.0,-1.3,3985,0,0.1,6613,38.7,3,49.0,0,1,6638,2,0.00,0xEE,0,0
24138,11.2,10.0,-1.2,3984,0,0.4,6613,38.4,5,49.0,0,1,6633,2,0.00,0xEE,0,0
24169,11.1,10.0,-1.1,3986,0,0.2,6677,38.8,7,49.0,0,1,6640,2,0.00,0xEE,0,0
24184,11.0,10.0,-1.0,3988,0,-0.1,6678,38.4,9,49.0,0,1,6645,2,0.00,0xEE,0,0
24201,11.0,10.0,-1.0,3990,0,-0.4,6613,38.5,9,49.0,0,1,6651,2,0.00,0xEE,0,0
24216,11.1,10.0,-1.1,3990,0,-0.4,6612,38.3,9,49.0,0,1,6649,2,0.00,0xEE,0,0
24246,11.1,10.0,-1.1,3993,0,-0.4,6613,38.5,9,49.0,0,1,6650,2,0.00,0xEE,0,0
24262,11.1,10.0,-1.1,3991,0,-0.4,6678,39.1,9,49.0,0,1,6650,2,0.00,0xEE,0,0
24277,11.1,10.0,-1.1,3991,0,-0.5,6680,38.4,0,49.0,0,1,6650,2,0.00,0xEE,0,0
24309,11.1,10.0,-1.1,3990,0,-0.3,6615,39.2,2,49.0,0,1,6647,2,0.00,0xEE,0,0
24324,11.1,10.0,-1.1,3988,0,-0.1,6616,38.2,4,49.0,0,1,6643,2,0.00,0xEE,0,0
24340,10.9,10.0,-0.9,3994,0,-0.4,6681,39.0,6,49.0,0,1,6651,2,0.00,0xEE,0,0
24356,10.9,10.0,-0.9,3997,0,-0.8,6681,38.6,8,49.0,0,1,6660,2,0.00,0xEE,0,0
24386,10.8,10.0,-0.8,4003,0,-1.4,6681,38.7,9,49.0,0,1,6671,2,0.00,0xEE,0,0
24402,10.9,10.0,-0.9,4005,0,-1.5,6619,39.0,9,49.0,0,1,6672,2,0.00,0xEE,0,0
24494,10.8,10.0,-0.8,4011,0,-1.8,6687,38.9,74,49.0,0,1,6678,2,0.00,0xEE,0,0
24510,10.7,10.0,-0.7,4009,0,-1.8,6688,38.9,8,49.0,0,1,6679,2,0.00,0xEE,0,0
24525,10.6,10.0,-0.6,4009,0,-1.9,6625,39.4,9,49.0,0,1,6681,2,0.00,0xEE,0,0
24541,10.6,10.0,-0.6,4011,0,-1.8,6626,38.8,9,49.0,0,1,6681,2,0.00,0xEE,0,0
24572,10.6,10.0,-0.6,4011,0,-1.7,6628,38.9,9,47.6,0,1,6679,2,0.00,0xEE,0,0
24587,10.6,10.0,-0.6,4007,0,-1.6,6693,39.2,9,47.6,0,1,6675,2,0.00,0xEE,0,0
24602,10.6,10.0,-0.6,4004,0,-1.3,6693,38.9,9,47.6,0,1,6672,2,0.00,0xEE,0,0
24633,10.6,10.0,-0.6,4004,0,-1.1,6629,39.3,1,47.6,0,1,6668,2,0.00,0xEE,0,0
24648,10.4,10.0,-0.4,4005,0,-1.3,6631,39.6,3,47.6,0,1,6673,2,0.00,0xEE,0,0
24664,10.2,10.0,-0.2,4013,0,-1.8,6696,39.5,5,47.6,0,1,6685,2,0.00,0xEE,0,0
24680,10.1,10.0,-0.1,4021,0,-2.6,6697,38.8,7,47.6,0,1,6701,2,0.00,0xEE,0,0
24709,10.2,10.0,-0.2,4022,0,-2.8,6634,39.0,9,47.6,0,1,6704,2,0.00,0xEE,0,0
24726,10.4,10.0,-0.4,4016,0,-2.3,6634,38.7,9,47.6,0,1,6690,2,0.00,0xEE,0,0
24739,10.7,10.0,-0.7,4002,0,-1.0,6635,38.6,9,47.6,0,1,6665,2,0.00,0xEE,0,0
24770,10.8,10.0,-0.8,3985,0,0.3,6700,39.4,9,47.6,0,1,6640,2,0.00,0xEE,0,0
24785,10.7,10.0,-0.7,3976,0,1.1,6700,39.1,9,47.6,0,1,6627,2,0.00,0xEE,0,0
24801,10.4,10.0,-0.4,3973,0,1.1,6635,39.2,0,47.6,0,1,6630,2,0.00,0xEE,0,0
24833,10.5,10.0,-0.5,3978,0,1.0,6635,38.9,2,47.6,0,1,6631,2,0.00,0xEE,0,0
24848,10.6,10.0,-0.6,3978,0,1.1,6697,38.9,4,47.6,0,1,6629,2,0.00,0xEE,0,0
24864,10.6,10.0,-0.6,3974,0,1.2,6697,39.4,6,47.6,0,1,6625,2,0.00,0xEE,0,0
24880,10.6,10.0,-0.6,3974,0,1.2,6632,39.1,8,47.6,0,1,6627,2,0.00,0xEE,0,0
24911,10.4,10.0,-0.4,3982,0,0.7,6632,39.3,9,47.6,0,1,6637,2,0.00,0xEE,0,0
24988,10.3,10.0,-0.3,3988,0,0.1,6693,38.7,74,47.6,0,1,6649,2,0.00,0xEE,0,0
25019,10.5,10.0,-0.5,3987,0,-0.1,6693,38.9,6,47.6,0,1,6650,2,0.00,0xEE,0,0
25034,10.5,10.0,-0.5,3989,0,-0.1,6628,39.1,8,47.6,0,1,6651,2,0.00,0xEE,0,0
25050,10.5,10.0,-0.5,3990,0,-0.0,6626,39.0,9,47.6,0,1,6649,2,0.00,0xEE,0,0
25065,10.5,10.0,-0.5,3989,0,-0.1,6691,38.9,9,47.6,0,1,6650,2,0.00,0xEE,0,0
25095,10.6,10.0,-0.6,3985,0,0.1,6690,38.9,9,47.6,0,1,6646,2,0.00,0xEE,0,0
25111,10.6,10.0,-0.6,3982,0,0.3,6626,38.4,9,47.6,0,1,6642,2,0.00,0xEE,0,0
25127,10.6,10.0,-0.6,3981,0,0.5,6626,39.2,0,47.6,0,1,6639,2,0.00,0xEE,0,0
25158,10.5,10.0,-0.5,3985,0,0.3,6626,38.5,1,47.6,0,1,6643,2,0.00,0xEE,0,0
25173,10.5,10.0,-0.5,3986,0,0.1,6690,38.9,3,47.6,0,1,6646,2,0.00,0xEE,0,0
25189,10.6,10.0,-0.6,3982,0,0.3,6688,38.7,5,47.6,0,1,6641,2,0.00,0xEE,0,0
25205,10.8,10.0,-0.8,3977,0,0.8,6625,38.7,7,47.6,0,1,6631,2,0.00,0xEE,0,0
25235,10.8,10.0,-0.8,3972,0,1.3,6623,38.7,9,47.6,0,1,6621,2,0.00,0xEE,0,0
25250,10.8,10.0,-0.8,3966,0,1.7,6688,38.9,9,47.6,0,1,6614,2,0.00,0xEE,0,0
25266,10.8,10.0,-0.8,3964,0,1.8,6685,38.8,9,47.6,0,1,6613,2,0.00,0xEE,0,0
25296,10.8,10.0,-0.8,3964,0,1.7,6685,38.4,9,47.6,0,1,6615,2,0.00,0xEE,0,0
25312,10.7,10.0,-0.7,3968,0,1.5,6621,39.0,9,47.6,0,1,6619,2,0.00,0xEE,0,0
25327,10.8,10.0,-0.8,3972,0,1.2,6621,38.6,1,47.6,0,1,6624,2,0.00,0xEE,0,0
25358,10.8,10.0,-0.8,3972,0,1.1,6683,38.7,3,47.6,0,1,6625,2,0.00,0xEE,0,0
25373,10.9,10.0,-0.9,3970,0,1.1,6683,38.3,4,47.6,0,1,6625,2,0.00,0xEE,0,0
25388,10.9,10.0,-0.9,3972,0,1.1,6616,38.6,6,47.6,0,1,6624,2,0.00,0xEE,0,0
25404,10.9,10.0,-0.9,3972,0,1.1,6615,38.8,8,47.6,0,1,6623,2,0.00,0xEE,0,0
25497,10.9,10.0,-0.9,3971,0,1.1,6677,38.6,74,47.6,0,1,6623,2,0.00,0xEE,0,0
25513,10.8,10.0,-0.8,3978,0,0.4,6677,39.0,5,47.6,0,1,6638,2,0.00,0xEE,0,0
25543,10.6,10.0,-0.6,3987,0,-0.5,6612,39.3,7,47.6,0,1,6656,2,0.00,0xEE,0,0
25559,10.6,10.0,-0.6,3999,0,-1.4,6612,38.4,9,47.6,0,1,6672,2,0.00,0xEE,0,0
25576,10.5,10.0,-0.5,4011,0,-2.2,6677,39.2,9,49.5,0,1,6689,2,0.00,0xEE,0,0
25591,10.4,10.0,-0.4,4018,0,-3.0,6677,39.5,9,49.5,0,1,6703,2,0.00,0xEE,0,0
25622,10.3,10.0,-0.3,4026,0,-3.7,6678,39.3,9,49.5,0,1,6717,2,0.00,0xEE,0,0
25637,10.2,10.0,-0.2,4033,0,-4.2,6615,38.8,9,49.5,0,1,6726,2,0.00,0xEE,0,0
25652,10.7,10.0,-0.7,4032,0,-3.0,6618,38.5,0,49.5,0,1,6699,2,0.00,0xEE,0,0
25683,10.9,10.0,-0.9,4001,0,-1.3,6684,38.7,2,49.5,0,1,6666,2,0.00,0xEE,0,0
25699,11.0,10.0,-1.0,3983,0,0.2,6685,38.9,4,49.5,0,1,6639,2,0.00,0xEE,0,0
25714,10.9,10.0,-0.9,3971,0,1.2,6621,38.5,6,49.5,0,1,6622,2,0.00,0xEE,0,0
25730,10.8,10.0,-0.8,3969,0,1.6,6621,39.1,8,49.5,0,1,6616,2,0.00,0xEE,0,0
25761,10.7,10.0,-0.7,3969,0,1.6,6684,38.9,9,49.5,0,1,6616,2,0.00,0xEE,0,0
25777,10.6,10.0,-0.6,3970,0,1.4,6684,38.9,9,49.5,0,1,6620,2,0.00,0xEE,0,0
25792,10.6,10.0,-0.6,3971,0,1.2,6684,39.1,9,49.5,0,1,6624,2,0.00,0xEE,0,0
25823,10.6,10.0,-0.6,3975,0,1.0,6618,38.9,9,49.5,0,1,6629,2,0.00,0xEE,0,0
25840,10.6,10.0,-0.6,3980,0,0.5,6618,39.2,0,49.5,0,1,6637,2,0.00,0xEE,0,0
25855,10.5,10.0,-0.5,3982,0,0.0,6681,39.2,2,49.5,0,1,6647,2,0.00,0xEE,0,0
25871,10.4,10.0,-0.4,3994,0,-0.6,6680,38.9,3,49.5,0,1,6659,2,0.00,0xEE,0,0
25903,10.3,10.0,-0.3,3999,0,-1.3,6616,39.1,5,49.5,0,1,6672,2,0.00,0xEE,0,0
25919,10.4,10.0,-0.4,4005,0,-1.6,6616,39.3,7,49.5,0,1,6678,2,0.00,0xEE,0,0
25997,10.4,10.0,-0.4,4005,0,-1.8,6685,39.1,74,49.5,0,1,6680,2,0.00,0xEE,0,0
26029,10.3,10.0,-0.3,4004,0,-1.7,6685,39.2,4,49.5,0,1,6679,2,0.00,0xEE,0,0
26044,10.2,10.0,-0.2,4006,0,-1.7,6622,39.3,6,49.5,0,1,6681,2,0.00,0xEE,0,0
26060,10.2,10.0,-0.2,4007,0,-1.6,6623,39.3,8,49.5,0,1,6680,2,0.00,0xEE,0,0
26075,10.2,10.0,-0.2,4005,0,-1.6,6688,39.1,9,49.5,0,1,6679,2,0.00,0xEE,0,0
26106,10.2,10.0,-0.2,4003,0,-1.5,6690,39.5,9,49.5,0,1,6677,2,0.00,0xEE,0,0
26121,10.1,10.0,-0.1,4003,0,-1.5,6690,39.7,9,49.5,0,1,6678,2,0.00,0xEE,0,0
26137,10.0,10.0,-0.0,4009,0,-1.7,6626,39.6,9,49.5,0,1,6683,2,0.00,0xEE,0,0
26169,9.9,10.0,0.1,4014,0,-2.0,6628,39.1,9,49.5,0,1,6690,2,0.00,0xEE,0,0
26184,9.8,10.0,0.2,4019,0,-2.5,6694,39.8,1,49.5,0,1,6700,2,0.00,0xEE,0,0
26199,9.8,10.0,0.2,4021,0,-2.7,6694,39.7,3,49.5,0,1,6706,2,0.00,0xEE,0,0
26214,9.7,10.0,0.3,4025,0,-2.9,6631,39.3,5,49.5,0,1,6709,2,0.00,0xEE,0,0
26245,9.8,10.0,0.2,4025,0,-2.8,6632,39.7,7,49.5,0,1,6706,2,0.00,0xEE,0,0
26260,9.8,10.0,0.2,4022,0,-2.5,6697,39.8,9,49.5,0,1,6700,2,0.00,0xEE,0,0
26275,9.8,10.0,0.2,4017,0,-2.1,6699,39.6,9,49.5,0,1,6694,2,0.00,0xEE,0,0
26306,9.8,10.0,0.2,4012,0,-1.8,6700,40.3,9,49.5,0,1,6688,2,0.00,0xEE,0,0
26321,9.6,10.0,0.4,4014,0,-1.8,6638,40.1,9,49.5,0,1,6690,2,0.00,0xEE,0,0
26337,9.5,10.0,0.5,4019,0,-2.0,6638,40.1,9,49.5,0,1,6696,2,0.00,0xEE,0,0
26369,9.4,10.0,0.6,4022,0,-2.6,6702,40.1,0,49.5,0,1,6707,2,0.00,0xEE,0,0
26384,9.5,10.0,0.5,4021,0,-2.4,6705,39.9,2,49.5,0,1,6703,2,0.00,0xEE,0,0
26400,9.5,10.0,0.5,4017,0,-2.0,6641,39.7,4,49.5,0,1,6695,2,0.00,0xEE,0,0
26414,9.6,10.0,0.4,4012,0,-1.4,6643,40.3,6,49.5,0,1,6683,2,0.00,0xEE,0,0
26508,9.6,10.0,0.4,4009,0,-1.4,6709,40.3,90,49.5,0,1,6683,2,0.00,0xEE,0,0
26524,9.6,10.0,0.4,3998,0,-0.5,6709,39.9,1,49.5,0,1,6667,2,0.00,0xEE,0,0
26540,9.6,10.0,0.4,3993,0,0.1,6645,39.9,3,49.5,0,1,6656,2,0.00,0xEE,0,0
26571,9.6,10.0,0.4,3989,0,0.6,6645,39.7,5,49.5,0,1,6647,2,0.00,0xEE,0,0
26587,9.6,10.0,0.4,3983,0,1.0,6711,40.1,7,47.6,0,1,6641,2,0.00,0xEE,0,0
26602,9.7,10.0,0.3,3977,0,1.4,6709,39.7,9,47.6,0,1,6633,2,0.00,0xEE,0,0
26633,9.7,10.0,0.3,3971,0,1.8,6645,39.7,9,47.6,0,1,6625,2,0.00,0xEE,0,0
26648,9.8,10.0,0.2,3967,0,2.2,6644,40.3,9,47.6,0,1,6616,2,0.00,0xEE,0,0
26663,9.7,10.0,0.3,3969,0,2.2,6643,40.0,9,47.6,0,1,6618,2,0.00,0xEE,0,0
26679,9.5,10.0,0.5,3976,0,1.5,6705,40.5,9,47.6,0,1,6632,2,0.00,0xEE,0,0
26709,9.2,10.0,0.8,3985,0,-0.5,6705,40.4,0,47.6,0,1,6673,2,0.00,0xEE,0,0
26724,9.3,10.0,0.7,4007,0,-1.2,6640,39.5,2,47.6,0,1,6684,2,0.00,0xEE,0,0
26739,9.2,10.0,0.8,4018,0,-2.0,6640,40.4,4,47.6,0,1,6699,2,0.00,0xEE,0,0
26771,9.3,10.0,0.7,4017,0,-2.2,6703,40.0,6,47.6,0,1,6701,2,0.00,0xEE,0,0
26786,9.3,10.0,0.7,4015,0,-2.1,6705,40.0,8,47.6,0,1,6699,2,0.00,0xEE,0,0
26802,9.5,10.0,0.5,4011,0,-1.6,6641,41.0,9,47.6,0,1,6689,2,0.00,0xEE,0,0
26833,9.3,10.0,0.7,4014,0,-1.6,6641,40.6,9,47.6,0,1,6692,2,0.00,0xEE,0,0
26848,9.1,10.0,0.9,4022,0,-2.1,6643,40.4,9,47.6,0,1,6703,2,0.00,0xEE,0,0
26864,8.9,10.0,1.1,4030,0,-2.9,6708,40.6,9,47.6,0,1,6719,2,0.00,0xEE,0,0
26879,8.9,10.0,1.1,4033,0,-3.3,6709,40.5,9,47.6,0,1,6726,2,0.00,0xEE,0,0
26911,9.0,10.0,1.0,4033,0,-3.1,6645,39.9,1,47.6,0,1,6723,2,0.00,0xEE,0,0
26927,9.0,10.0,1.0,4031,0,-2.8,6647,40.5,3,47.6,0,1,6717,2,0.00,0xEE,0,0
27006,9.0,10.0,1.0,4030,0,-2.8,6718,40.5,87,47.6,0,1,6717,2,0.00,0xEE,0,0
27037,9.1,10.0,0.9,4025,0,-2.6,6718,40.1,9,47.6,0,1,6711,2,0.00,0xEE,0,0
27053,9.1,10.0,0.9,4013,0,-0.4,6654,40.5,1,47.6,0,1,6672,2,0.00,0xEE,0,0
27069,9.0,10.0,1.0,3999,0,0.1,6654,40.2,2,47.6,0,1,6665,2,0.00,0xEE,0,0
27084,9.0,10.0,1.0,3993,0,0.4,6720,40.6,4,47.6,0,1,6659,2,0.00,0xEE,0,0
27115,9.0,10.0,1.0,3987,0,0.9,6720,40.3,6,47.6,0,1,6650,2,0.00,0xEE,0,0
27129,9.0,10.0,1.0,3986,0,1.1,6653,40.6,8,47.6,0,1,6646,2,0.00,0xEE,0,0
27144,9.1,10.0,0.9,3983,0,1.4,6654,40.3,9,47.6,0,1,6640,2,0.00,0xEE,0,0
27176,9.1,10.0,0.9,3979,0,1.6,6717,40.1,9,47.6,0,1,6637,2,0.00,0xEE,0,0
27192,9.2,10.0,0.8,3974,0,1.9,6715,40.6,9,47.6,0,1,6630,2,0.00,0xEE,0,0
27208,9.1,10.0,0.9,3974,0,1.8,6650,40.9,9,47.6,0,1,6633,2,0.00,0xEE,0,0
27224,8.9,10.0,1.1,3984,0,0.8,6648,40.5,0,47.6,0,1,6653,2,0.00,0xEE,0,0
27255,8.9,10.0,1.1,3996,0,0.4,6647,40.6,2,47.6,0,1,6661,2,0.00,0xEE,0,0
27270,9.0,10.0,1.0,3997,0,0.1,6709,40.1,4,47.6,0,1,6665,2,0.00,0xEE,0,0
27285,9.0,10.0,1.0,3997,0,-0.0,6709,40.4,5,47.6,0,1,6667,2,0.00,0xEE,0,0
27316,9.1,10.0,0.9,3995,0,0.2,6644,39.9,7,47.6,0,1,6661,2,0.00,0xEE,0,0
27331,9.2,10.0,0.8,3991,0,0.6,6643,40.2,9,47.6,0,1,6652,2,0.00,0xEE,0,0
27346,9.3,10.0,0.7,3983,0,1.1,6706,40.5,9,47.6,0,1,6642,2,0.00,0xEE,0,0
27362,9.2,10.0,0.8,3983,0,1.1,6705,40.8,9,47.6,0,1,6644,2,0.00,0xEE,0,0
27393,9.1,10.0,0.9,3988,0,0.8,6640,39.9,9,47.6,0,1,6651,2,0.00,0xEE,0,0
27408,9.0,10.0,1.0,3994,0,0.4,6640,40.3,9,47.6,0,1,6659,2,0.00,0xEE,0,0
27424,9.2,10.0,0.8,3996,0,0.3,6702,40.0,1,47.6,0,1,6659,2,0.00,0xEE,0,0
27516,9.2,10.0,0.8,3992,0,0.3,6699,40.0,85,47.6,0,1,6659,2,0.00,0xEE,0,0
27531,9.1,10.0,0.9,3994,0,0.3,6637,40.4,9,47.6,0,1,6660,2,0.00,0xEE,0,0
27547,9.2,10.0,0.8,3994,0,0.3,6635,40.1,9,47.6,0,1,6658,2,0.00,0xEE,0,0
27579,9.4,10.0,0.6,3993,0,0.9,6699,40.3,0,47.6,0,1,6646,2,0.00,0xEE,0,0
27594,9.4,10.0,0.6,3983,0,1.2,6700,39.9,2,47.6,0,1,6641,2,0.00,0xEE,0,0
27609,9.5,10.0,0.5,3977,0,1.5,6699,39.8,4,47.6,0,1,6634,2,0.00,0xEE,0,0
27640,9.6,10.0,0.4,3973,0,2.0,6634,39.8,6,47.6,0,1,6625,2,0.00,0xEE,0,0
27656,9.7,10.0,0.3,3968,0,2.5,6632,39.6,8,47.6,0,1,6615,2,0.00,0xEE,0,0
27671,9.8,10.0,0.2,3959,0,3.0,6696,39.5,9,47.6,0,1,6604,2,0.00,0xEE,0,0
27687,9.8,10.0,0.2,3952,0,3.5,6696,39.8,9,47.6,0,1,6594,2,0.00,0xEE,0,0
27717,9.9,10.0,0.1,3950,0,3.8,6628,39.7,9,47.6,0,1,6589,2,0.00,0xEE,0,0
27733,9.8,10.0,0.2,3952,0,3.7,6626,39.5,9,47.6,0,1,6590,2,0.00,0xEE,0,0
27764,9.8,10.0,0.2,3956,0,3.4,6688,39.8,9,47.6,0,1,6596,2,0.00,0xEE,0,0
27779,9.7,10.0,0.3,3967,0,2.3,6685,39.6,1,47.6,0,1,6618,2,0.00,0xEE,0,0
27794,9.7,10.0,0.3,3973,0,1.5,6685,39.8,3,47.6,0,1,6631,2,0.00,0xEE,0,0
27810,9.7,10.0,0.3,3982,0,0.9,6619,39.9,5,47.6,0,1,6642,2,0.00,0xEE,0,0
27826,9.7,10.0,0.3,3989,0,0.3,6619,39.6,7,47.6,0,1,6653,2,0.00,0xEE,0,0
27857,9.8,10.0,0.2,3991,0,0.1,6680,39.5,9,47.6,0,1,6657,2,0.00,0xEE,0,0
27873,9.8,10.0,0.2,3990,0,-0.0,6680,39.7,9,47.6,0,1,6657,2,0.00,0xEE,0,0
27888,9.9,10.0,0.1,3986,0,0.2,6613,39.4,9,47.6,0,1,6652,2,0.00,0xEE,0,0
27919,9.9,10.0,0.1,3987,0,0.3,6613,39.9,9,47.6,0,1,6652,2,0.00,0xEE,0,0
27934,9.8,10.0,0.2,3991,0,0.1,6613,39.8,9,47.6,0,1,6655,2,0.00,0xEE,0,0
28011,9.7,10.0,0.3,3994,0,-0.2,6677,39.4,73,47.6,0,1,6663,2,0.00,0xEE,0,0
28041,9.8,10.0,0.2,3992,0,-0.2,6677,39.0,8,47.6,0,1,6661,2,0.00,0xEE,0,0
28057,10.0,10.0,0.0,3990,0,0.1,6613,39.5,9,47.6,0,1,6653,2,0.00,0xEE,0,0
28072,10.1,10.0,-0.1,3985,0,0.7,6613,39.7,9,47.6,0,1,6642,2,0.00,0xEE,0,0
28103,10.0,10.0,-0.0,3980,0,1.0,6678,38.9,9,47.6,0,1,6637,2,0.00,0xEE,0,0
28118,10.1,10.0,-0.1,3972,0,1.6,6678,39.7,1,47.6,0,1,6624,2,0.00,0xEE,0,0
28134,10.2,10.0,-0.2,3969,0,2.0,6612,39.1,3,47.6,0,1,6617,2,0.00,0xEE,0,0
28150,10.1,10.0,-0.1,3971,0,1.9,6610,39.6,5,47.6,0,1,6619,2,0.00,0xEE,0,0
28180,10.1,10.0,-0.1,3975,0,1.7,6612,39.4,7,47.6,0,1,6624,2,0.00,0xEE,0,0
28196,10.0,10.0,-0.0,3976,0,1.3,6674,39.2,9,47.6,0,1,6631,2,0.00,0xEE,0,0
28211,10.1,10.0,-0.1,3976,0,1.1,6674,39.8,9,47.6,0,1,6633,2,0.00,0xEE,0,0
28241,10.2,10.0,-0.2,3978,0,1.1,6609,38.9,9,47.6,0,1,6633,2,0.00,0xEE,0,0
28256,10.3,10.0,-0.3,3974,0,1.5,6609,38.7,9,47.6,0,1,6625,2,0.00,0xEE,0,0
28271,10.5,10.0,-0.5,3964,0,2.1,6672,39.5,9,47.6,0,1,6611,2,0.00,0xEE,0,0
28303,10.6,10.0,-0.6,3956,0,2.9,6672,38.9,0,47.6,0,1,6596,2,0.00,0xEE,0,0
28318,10.5,10.0,-0.5,3953,0,2.9,6671,39.0,2,47.6,0,1,6597,2,0.00,0xEE,0,0
28334,10.5,10.0,-0.5,3958,0,2.7,6606,39.6,4,47.6,0,1,6600,2,0.00,0xEE,0,0
28366,10.4,10.0,-0.4,3966,0,2.1,6605,39.4,6,47.6,0,1,6613,2,0.00,0xEE,0,0
28381,10.2,10.0,-0.2,3976,0,1.1,6666,38.9,8,47.6,0,1,6631,2,0.00,0xEE,0,0
28396,10.1,10.0,-0.1,3989,0,-0.0,6666,39.6,9,47.6,0,1,6654,2,0.00,0xEE,0,0
28412,10.1,10.0,-0.1,4000,0,-0.9,6602,39.4,9,47.6,0,1,6671,2,0.00,0xEE,0,0
28443,10.0,10.0,-0.0,4010,0,-1.8,6602,39.6,9,47.6,0,1,6687,2,0.00,0xEE,0,0
28521,10.0,10.0,-0.0,4018,0,-2.4,6671,39.2,74,47.6,0,1,6698,2,0.00,0xEE,0,0
28537,10.0,10.0,0.0,4020,0,-2.4,6671,39.6,9,47.6,0,1,6699,2,0.00,0xEE,0,0
28568,10.0,10.0,0.0,4019,0,-2.4,6607,39.9,9,47.6,0,1,6699,2,0.00,0xEE,0,0
28583,9.9,10.0,0.1,4022,0,-2.5,6609,39.4,9,47.6,0,1,6701,2,0.00,0xEE,0,0
28598,10.0,10.0,0.0,4020,0,-2.2,6675,39.2,9,47.6,0,1,6695,2,0.00,0xEE,0,0
28630,10.0,10.0,-0.0,4013,0,-1.7,6677,39.5,9,47.6,0,1,6686,2,0.00,0xEE,0,0
28645,10.1,10.0,-0.1,4003,0,-0.4,6677,40.0,1,47.6,0,1,6661,2,0.00,0xEE,0,0
28661,9.9,10.0,0.1,4001,0,-0.5,6613,40.2,3,47.6,0,1,6665,2,0.00,0xEE,0,0
28675,9.7,10.0,0.3,4009,0,-1.1,6612,39.7,5,47.6,0,1,6679,2,0.00,0xEE,0,0
28707,9.5,10.0,0.5,4022,0,-2.1,6680,40.1,7,47.6,0,1,6699,2,0.00,0xEE,0,0
28723,9.6,10.0,0.4,4024,0,-2.5,6680,39.4,9,47.6,0,1,6705,2,0.00,0xEE,0,0
28738,9.7,10.0,0.3,4020,0,-2.2,6616,39.5,9,47.6,0,1,6699,2,0.00,0xEE,0,0
28769,9.9,10.0,0.1,4012,0,-1.4,6618,40.5,9,47.6,0,1,6681,2,0.00,0xEE,0,0
28784,9.9,10.0,0.1,4006,0,-0.8,6619,39.8,9,47.6,0,1,6670,2,0.00,0xEE,0,0
28800,9.7,10.0,0.3,4007,0,-0.8,6684,40.2,9,47.6,0,1,6674,2,0.00,0xEE,0,0
28831,9.3,10.0,0.7,4013,0,-2.1,6685,40.2,0,47.6,0,1,6700,2,0.00,0xEE,0,0
28846,9.3,10.0,0.7,4025,0,-2.4,6621,40.1,2,47.6,0,1,6706,2,0.00,0xEE,0,0
28861,9.3,10.0,0.7,4030,0,-2.7,6622,40.2,4,47.6,0,1,6711,2,0.00,0xEE,0,0
28877,9.3,10.0,0.7,4031,0,-2.7,6685,39.7,6,47.6,0,1,6711,2,0.00,0xEE,0,0
28908,9.3,10.0,0.7,4031,0,-2.6,6687,40.4,8,47.6,0,1,6710,2,0.00,0xEE,0,0
28923,9.2,10.0,0.8,4030,0,-2.6,6688,40.5,9,47.6,0,1,6711,2,0.00,0xEE,0,0
28938,9.1,10.0,0.9,4034,0,-2.7,6625,40.0,9,47.6,0,1,6714,2,0.00,0xEE,0,0
29030,9.2,10.0,0.8,4034,0,-2.5,6691,40.0,73,47.6,0,1,6710,2,0.00,0xEE,0,0
29046,9.3,10.0,0.7,4030,0,-2.3,6691,40.1,8,47.6,0,1,6704,2,0.00,0xEE,0,0
29062,9.5,10.0,0.5,4015,0,-1.0,6691,39.9,9,47.6,0,1,6679,2,0.00,0xEE,0,0
29107,9.5,10.0,0.5,4006,0,0.0,6626,40.8,9,47.6,0,1,6661,2,0.00,0xEE,0,0
29107,9.3,10.0,0.7,4004,0,0.4,6626,40.5,9,47.6,0,1,6657,2,0.00,0xEE,0,0
29123,9.1,10.0,0.9,4010,0,0.1,6690,40.6,9,47.6,0,1,6664,2,0.00,0xEE,0,0
29154,8.9,10.0,1.1,4015,0,-0.4,6690,40.2,9,47.6,0,1,6675,2,0.00,0xEE,0,0
29169,9.2,10.0,0.8,4015,0,-0.3,6625,40.5,1,47.6,0,1,6671,2,0.00,0xEE,0,0
29184,9.2,10.0,0.8,4011,0,-0.1,6625,40.5,2,47.6,0,1,6667,2,0.00,0xEE,0,0
29199,9.1,10.0,0.9,4014,0,-0.2,6625,40.1,4,47.6,0,1,6670,2,0.00,0xEE,0,0
29230,9.0,10.0,1.0,4014,0,-0.3,6687,40.3,6,47.6,0,1,6673,2,0.00,0xEE,0,0
29245,9.1,10.0,0.9,4012,0,-0.3,6687,40.5,8,47.6,0,1,6671,2,0.00,0xEE,0,0
29260,9.1,10.0,0.9,4010,0,-0.2,6622,41.1,9,47.6,0,1,6670,2,0.00,0xEE,0,0
29291,9.0,10.0,1.0,4016,0,-0.5,6622,40.7,9,47.6,0,1,6676,2,0.00,0xEE,0,0
29307,8.8,10.0,1.2,4025,0,-1.0,6685,40.3,9,47.6,0,1,6688,2,0.00,0xEE,0,0
29323,8.8,10.0,1.2,4030,0,-1.6,6685,40.8,9,47.6,0,1,6699,2,0.00,0xEE,0,0
29354,8.9,10.0,1.1,4033,0,-1.7,6621,40.4,0,47.6,0,1,6699,2,0.00,0xEE,0,0
29369,9.0,10.0,1.0,4032,0,-1.3,6621,41.0,1,47.6,0,1,6692,2,0.00,0xEE,0,0
29385,8.9,10.0,1.1,4029,0,-1.2,6621,40.8,3,47.6,0,1,6692,2,0.00,0xEE,0,0
29400,8.7,10.0,1.3,4033,0,-1.5,6684,41.0,5,47.6,0,1,6699,2,0.00,0xEE,0,0
29432,8.6,10.0,1.4,4037,0,-2.0,6685,40.3,7,47.6,0,1,6708,2,0.00,0xEE,0,0
29448,8.8,10.0,1.2,4033,0,-1.8,6622,40.3,9,47.6,0,1,6703,2,0.00,0xEE,0,0
29526,9.0,10.0,1.0,4029,0,-0.9,6685,40.5,73,47.6,0,1,6685,2,0.00,0xEE,0,0
29557,9.0,10.0,1.0,4018,0,0.1,6687,40.6,5,47.6,0,1,6666,2,0.00,0xEE,0,0
29573,9.0,10.0,1.0,4012,0,0.5,6685,40.4,6,47.6,0,1,6659,2,0.00,0xEE,0,0
29588,9.0,10.0,1.0,4007,0,0.9,6622,40.5,8,47.6,0,1,6653,2,0.00,0xEE,0,0
29604,9.0,10.0,1.0,4006,0,1.1,6622,40.8,9,48.6,0,1,6649,2,0.00,0xEE,0,0
29636,8.9,10.0,1.1,4010,0,0.9,6685,40.8,9,48.6,0,1,6653,2,0.00,0xEE,0,0
29652,8.8,10.0,1.2,4014,0,0.5,6684,39.8,9,48.6,0,1,6662,2,0.00,0xEE,0,0
29667,8.7,10.0,1.3,4020,0,-0.1,6684,40.9,9,48.6,0,1,6674,2,0.00,0xEE,0,0
29698,8.6,10.0,1.4,4029,0,-1.2,6621,40.7,0,48.6,0,1,6695,2,0.00,0xEE,0,0
29713,8.6,10.0,1.4,4036,0,-1.5,6618,40.5,2,48.6,0,1,6699,2,0.00,0xEE,0,0
29728,8.7,10.0,1.3,4038,0,-1.3,6683,40.6,4,48.6,0,1,6696,2,0.00,0xEE,0,0
29745,8.9,10.0,1.1,4030,0,-0.8,6684,40.4,5,48.6,0,1,6685,2,0.00,0xEE,0,0
29776,8.9,10.0,1.1,4021,0,-0.2,6621,40.5,7,48.6,0,1,6673,2,0.00,0xEE,0,0
29791,9.0,10.0,1.0,4015,0,0.5,6621,40.3,9,48.6,0,1,6660,2,0.00,0xEE,0,0
29806,9.0,10.0,1.0,4010,0,1.0,6621,41.0,9,48.6,0,1,6651,2,0.00,0xEE,0,0
29837,9.0,10.0,1.0,4006,0,1.3,6685,40.6,9,48.6,0,1,6646,2,0.00,0xEE,0,0
29852,8.9,10.0,1.1,4007,0,1.2,6684,40.7,9,48.6,0,1,6649,2,0.00,0xEE,0,0
29868,8.8,10.0,1.2,4008,0,0.9,6619,40.5,9,48.6,0,1,6654,2,0.00,0xEE,0,0
29884,8.9,10.0,1.1,4012,0,0.8,6619,40.8,1,48.6,0,1,6655,2,0.00,0xEE,0,0
29916,9.0,10.0,1.0,4010,0,1.0,6683,40.3,3,48.6,0,1,6651,2,0.00,0xEE,0,0
29932,9.1,10.0,0.9,4006,0,1.2,6683,40.0,5,48.6,0,1,6646,2,0.00,0xEE,0,0
29948,9.1,10.0,0.9,4001,0,1.5,6683,41.2,7,48.6,0,1,6640,2,0.00,0xEE,0,0
