t_ms,H_cm,T_cm,E_cm,P,M,D_cms,RPM,RAW_cm,age_ms,F,PRE,CAS,RS,CM,FH,TID,TIN,TST
9,3.0,15.0,0.0,0,1,0.0,0,46.1,7,44.0,0,1,0,2,0.00,0xEE,0,0
13,2.6,15.0,0.0,0,1,0.0,0,46.6,63,44.0,0,1,0,2,0.00,0xEE,0,0
13,2.7,15.0,0.0,0,1,0.0,0,46.7,16,44.0,0,1,0,2,0.00,0xEE,0,0
13,2.6,15.0,0.0,0,1,0.0,0,46.5,179,44.0,0,1,0,2,0.00,0xEE,0,0
13,2.7,15.0,0.0,0,1,0.0,0,46.8,64,44.0,0,1,0,2,0.00,0xEE,0,0
13,2.9,15.0,0.0,0,1,0.0,0,46.2,0,44.0,0,1,0,2,0.00,0xEE,0,0
13,2.7,15.0,0.0,0,1,0.0,0,46.7,57,44.0,0,1,0,2,0.00,0xEE,0,0
13,2.8,15.0,0.0,0,1,0.0,0,46.9,11,44.0,0,1,0,2,0.00,0xEE,0,0
13,2.5,15.0,0.0,0,1,0.0,0,46.8,66,44.0,0,1,0,2,0.00,0xEE,0,0
13,2.6,15.0,0.0,0,1,0.0,0,46.8,2,34.9,0,1,0,2,0.00,0xEE,0,0
13,2.5,15.0,0.0,0,1,0.0,0,47.0,67,34.9,0,1,0,2,0.00,0xEE,0,0
13,2.7,15.0,0.0,0,1,0.0,0,46.5,2,34.9,0,1,0,2,0.00,0xEE,0,0
13,3.0,15.0,0.0,0,1,0.0,0,47.3,68,34.9,0,1,0,2,0.00,0xEE,0,0
13,2.8,15.0,0.0,0,1,0.0,0,46.4,3,34.9,0,1,0,2,0.00,0xEE,0,0
13,2.8,15.0,0.0,0,1,0.0,0,46.7,69,34.9,0,1,0,2,0.00,0xEE,0,0
13,2.6,15.0,0.0,0,1,0.0,0,46.6,4,34.9,0,1,0,2,0.00,0xEE,0,0
14,2.7,15.0,0.0,0,1,0.0,0,46.5,70,34.9,0,1,0,2,0.00,0xEE,0,0
14,2.7,15.0,0.0,0,1,0.0,0,46.9,5,34.9,0,1,0,2,0.00,0xEE,0,0
14,2.7,15.0,0.0,0,1,0.0,0,46.6,63,34.9,0,1,0,2,0.00,0xEE,0,0
14,2.6,15.0,0.0,0,1,0.0,0,47.0,16,40.0,0,1,0,2,0.00,0xEE,0,0
14,2.7,15.0,0.0,0,1,0.0,0,46.6,72,40.0,0,1,0,2,0.00,0xEE,0,0
14,2.7,15.0,0.0,0,1,0.0,0,46.6,17,40.0,0,1,0,2,0.00,0xEE,0,0
14,2.7,15.0,0.0,0,1,0.0,0,46.8,1,40.0,0,1,0,2,0.00,0xEE,0,0
14,2.7,15.0,0.0,0,1,0.0,0,46.6,3,40.0,0,1,0,2,0.00,0xEE,0,0
14,2.7,15.0,0.0,0,1,0.0,0,46.3,5,40.0,0,1,0,2,0.00,0xEE,0,0
14,2.7,15.0,0.0,0,1,0.0,0,46.4,7,40.0,0,1,0,2,0.00,0xEE,0,0
14,2.8,15.0,0.0,0,1,0.0,0,46.4,9,40.0,0,1,0,2,0.00,0xEE,0,0
14,2.9,15.0,0.0,0,1,0.0,0,46.9,10,40.0,0,1,0,2,0.00,0xEE,0,0
14,2.8,15.0,0.0,1800,1,0.0,0,46.5,10,40.0,0,1,0,2,0.00,0xEE,0,0
14,2.8,15.0,0.0,1800,1,0.0,0,46.5,10,40.0,0,1,0,2,0.00,0xEE,0,0
14,2.8,15.0,0.0,1800,1,0.0,0,46.7,10,40.0,0,1,0,2,0.00,0xEE,0,0
14,2.6,15.0,0.0,1800,1,0.0,0,46.9,0,40.0,0,1,0,2,0.00,0xEE,0,0
14,2.4,15.0,0.0,1800,1,0.0,0,46.9,2,40.0,0,1,0,2,0.00,0xEE,0,0
14,2.4,15.0,0.0,1800,1,0.0,0,46.1,4,40.0,0,1,0,2,0.00,0xEE,0,0
14,2.4,15.0,0.0,1800,1,0.0,0,47.1,6,40.0,0,1,0,2,0.00,0xEE,0,0
14,2.3,15.0,0.0,1800,1,0.0,0,47.0,8,40.0,0,1,0,2,0.00,0xEE,0,0
14,2.3,15.0,0.0,1800,1,0.0,0,46.5,9,40.0,0,1,0,2,0.00,0xEE,0,0
14,2.4,15.0,0.0,1800,1,0.0,0,46.4,10,40.0,0,1,0,2,0.00,0xEE,0,0
14,2.6,15.0,0.0,1800,1,0.0,0,47.0,10,40.0,0,1,0,2,0.00,0xEE,0,0
14,2.7,15.0,0.0,1800,1,0.0,0,46.7,10,40.0,0,1,0,2,0.00,0xEE,0,0
14,2.6,15.0,0.0,1800,1,0.0,0,46.4,10,40.0,0,1,0,2,0.00,0xEE,0,0
14,2.8,15.0,0.0,1800,1,0.0,0,46.9,1,40.0,0,1,0,2,0.00,0xEE,0,0
14,2.8,15.0,0.0,1800,1,0.0,0,46.9,200,40.0,0,1,0,2,0.00,0xEE,0,0
14,2.8,15.0,0.0,1800,1,0.0,0,46.5,3,40.0,0,1,0,2,0.00,0xEE,0,0
14,2.8,15.0,0.0,1800,1,0.0,0,46.4,5,40.0,0,1,0,2,0.00,0xEE,0,0
14,2.8,15.0,0.0,1800,1,0.0,0,46.7,7,40.0,0,1,0,2,0.00,0xEE,0,0
14,2.8,15.0,0.0,1800,1,0.0,0,46.6,8,40.0,0,1,0,2,0.00,0xEE,0,0
14,2.7,15.0,0.0,1800,1,0.0,0,46.4,10,40.0,0,1,0,2,0.00,0xEE,0,0
14,2.7,15.0,0.0,1800,1,0.0,0,46.9,10,40.0,0,1,0,2,0.00,0xEE,0,0
14,2.6,15.0,0.0,1800,1,0.0,0,47.0,10,40.0,0,1,0,2,0.00,0xEE,0,0
14,2.5,15.0,0.0,1800,1,0.0,0,46.3,10,40.0,0,1,0,2,0.00,0xEE,0,0
14,2.7,15.0,0.0,1800,1,0.0,0,46.4,0,42.0,0,1,0,2,0.00,0xEE,0,0
14,2.8,15.0,0.0,1800,1,0.0,0,46.4,2,42.0,0,1,0,2,0.00,0xEE,0,0
14,2.9,15.0,0.0,1800,1,0.0,0,46.9,4,42.0,0,1,0,2,0.00,0xEE,0,0
15,2.8,15.0,0.0,1800,1,0.0,0,46.5,6,42.0,0,1,0,2,0.00,0xEE,0,0
15,2.8,15.0,0.0,1800,1,0.0,0,46.3,7,42.0,0,1,0,2,0.00,0xEE,0,0
15,2.8,15.0,0.0,1800,1,0.0,0,46.8,9,42.0,0,1,0,2,0.00,0xEE,0,0
15,2.8,15.0,0.0,1800,1,0.0,0,46.1,10,42.0,0,1,0,2,0.00,0xEE,0,0
15,2.7,15.0,0.0,1800,1,0.0,0,47.2,53,42.0,0,1,0,2,0.00,0xEE,0,0
15,2.6,15.0,0.0,1800,1,0.0,0,46.7,4,42.0,0,1,0,2,0.00,0xEE,0,0
15,2.6,15.0,0.0,1800,1,0.0,0,46.6,5,42.0,0,1,0,2,0.00,0xEE,0,0
15,2.6,15.0,0.0,1800,1,0.0,0,46.7,7,42.0,0,1,0,2,0.00,0xEE,0,0
15,2.6,15.0,0.0,1800,1,0.0,0,46.2,9,42.0,0,1,0,2,0.00,0xEE,0,0
15,2.6,15.0,0.0,1800,1,0.0,0,47.1,10,42.0,0,1,0,2,0.00,0xEE,0,0
15,2.6,15.0,0.0,1800,1,0.0,0,46.7,10,42.0,0,1,0,2,0.00,0xEE,0,0
15,2.5,15.0,0.0,1800,1,0.0,0,46.9,10,42.0,0,1,0,2,0.00,0xEE,0,0
15,2.5,15.0,0.0,1800,1,0.0,0,46.7,10,42.0,0,1,0,2,0.00,0xEE,0,0
15,2.6,15.0,0.0,1800,1,0.0,0,46.6,1,42.0,0,1,0,2,0.00,0xEE,0,0
15,2.8,15.0,0.0,1800,1,0.0,0,46.1,3,42.0,0,1,0,2,0.00,0xEE,0,0
15,2.8,15.0,0.0,1800,1,0.0,0,46.6,5,42.0,0,1,0,2,0.00,0xEE,0,0
15,3.0,15.0,0.0,1800,1,0.0,0,46.0,6,42.0,0,1,0,2,0.00,0xEE,0,0
15,2.8,15.0,0.0,1800,1,0.0,0,46.7,8,42.0,0,1,0,2,0.00,0xEE,0,0
15,2.9,15.0,0.0,1800,1,0.0,0,46.3,10,42.0,0,1,0,2,0.00,0xEE,0,0
15,2.7,15.0,0.0,1800,1,0.0,0,46.8,10,42.0,0,1,0,2,0.00,0xEE,0,0
15,2.8,15.0,0.0,1800,1,0.0,0,46.3,10,42.0,0,1,0,2,0.00,0xEE,0,0
15,2.7,15.0,0.0,1800,1,0.0,0,46.9,10,42.0,0,1,0,2,0.00,0xEE,0,0
15,2.8,15.0,0.0,1800,1,0.0,0,46.4,0,42.0,0,1,0,2,0.00,0xEE,0,0
15,2.9,15.0,0.0,1800,1,0.0,0,46.9,2,42.0,0,1,0,2,0.00,0xEE,0,0
15,2.7,15.0,0.0,1800,1,0.0,0,46.9,4,42.0,0,1,0,2,0.00,0xEE,0,0
15,2.5,15.0,0.0,1800,1,0.0,0,46.6,6,42.0,0,1,0,2,0.00,0xEE,0,0
15,2.5,15.0,0.0,1800,1,0.0,0,46.4,7,42.0,0,1,0,2,0.00,0xEE,0,0
15,2.5,15.0,0.0,1800,1,0.0,0,46.4,77,42.0,0,1,0,2,0.00,0xEE,0,0
15,2.7,15.0,0.0,1800,1,0.0,0,46.8,7,42.0,0,1,0,2,0.00,0xEE,0,0
15,2.7,15.0,0.0,1800,1,0.0,0,46.2,9,42.0,0,1,0,2,0.00,0xEE,0,0
15,2.6,15.0,0.0,1800,1,0.0,0,46.7,10,42.0,0,1,0,2,0.00,0xEE,0,0
15,2.8,15.0,0.0,1800,1,0.0,0,46.1,10,42.0,0,1,0,2,0.00,0xEE,0,0
15,2.7,15.0,0.0,1800,1,0.0,0,46.7,10,42.0,0,1,0,2,0.00,0xEE,0,0
15,2.9,15.0,0.0,1800,1,0.0,0,46.3,10,42.0,0,1,0,2,0.00,0xEE,0,0
15,3.0,15.0,0.0,1800,1,0.0,0,46.0,0,42.0,0,1,0,2,0.00,0xEE,0,0
15,3.1,15.0,0.0,1800,1,0.0,0,46.8,2,42.0,0,1,0,2,0.00,0xEE,0,0
15,3.1,15.0,0.0,1800,1,0.0,0,46.2,4,42.0,0,1,0,2,0.00,0xEE,0,0
15,3.0,15.0,0.0,1800,1,0.0,0,46.6,6,42.0,0,1,0,2,0.00,0xEE,0,0
15,2.9,15.0,0.0,1800,1,0.0,0,46.0,8,42.0,0,1,0,2,0.00,0xEE,0,0
15,2.8,15.0,0.0,1800,1,0.0,0,46.9,10,42.0,0,1,0,2,0.00,0xEE,0,0
15,2.7,15.0,0.0,1800,1,0.0,0,46.8,10,42.0,0,1,0,2,0.00,0xEE,0,0
15,2.5,15.0,0.0,1800,1,0.0,0,46.7,10,42.0,0,1,0,2,0.00,0xEE,0,0
15,2.5,15.0,0.0,1800,1,0.0,0,46.4,10,42.0,0,1,0,2,0.00,0xEE,0,0
15,2.6,15.0,0.0,1800,1,0.0,0,46.3,10,50.7,0,1,0,2,0.00,0xEE,0,0
15,2.8,15.0,0.0,1800,1,0.0,0,46.9,1,50.7,0,1,0,2,0.00,0xEE,0,0
15,2.7,15.0,0.0,1800,1,0.0,0,46.7,3,50.7,0,1,0,2,0.00,0xEE,0,0
15,2.6,15.0,0.0,1800,1,0.0,0,47.1,5,50.7,0,1,0,2,0.00,0xEE,0,0
15,2.5,15.0,0.0,1800,1,0.0,0,46.6,7,50.7,0,1,0,2,0.00,0xEE,0,0
15,2.5,15.0,0.0,1800,1,0.0,0,46.2,9,50.7,0,1,0,2,0.00,0xEE,0,0
15,2.8,15.0,0.0,1800,1,0.0,0,46.2,70,50.7,0,1,0,2,0.00,0xEE,0,0
15,3.1,15.0,0.0,1800,1,0.0,0,46.2,0,50.7,0,1,0,2,0.00,0xEE,0,0
15,3.0,15.0,0.0,1800,1,0.0,0,46.5,2,50.7,0,1,0,2,0.00,0xEE,0,0
15,2.9,15.0,0.0,1800,1,0.0,0,46.7,4,50.7,0,1,0,2,0.00,0xEE,0,0
15,2.8,15.0,0.0,1800,1,0.0,0,46.4,6,50.7,0,1,0,2,0.00,0xEE,0,0
15,2.7,15.0,0.0,1800,1,0.0,0,46.7,8,50.7,0,1,0,2,0.00,0xEE,0,0
15,2.6,15.0,0.0,1800,1,0.0,0,46.7,10,50.7,0,1,0,2,0.00,0xEE,0,0
15,2.6,15.0,0.0,1800,1,0.0,0,47.0,10,50.7,0,1,0,2,0.00,0xEE,0,0
15,2.6,15.0,0.0,1800,1,0.0,0,46.7,10,50.7,0,1,0,2,0.00,0xEE,0,0
15,2.6,15.0,0.0,1800,1,0.0,0,46.1,10,50.7,0,1,0,2,0.00,0xEE,0,0
15,2.7,15.0,0.0,1800,1,0.0,0,46.2,10,50.7,0,1,0,2,0.00,0xEE,0,0
15,3.1,15.0,0.0,1800,1,0.0,0,46.2,1,50.7,0,1,0,2,0.00,0xEE,0,0
15,3.0,15.0,0.0,1800,1,0.0,0,46.7,3,50.7,0,1,0,2,0.00,0xEE,0,0
15,2.9,15.0,0.0,1800,1,0.0,0,46.8,5,50.7,0,1,0,2,0.00,0xEE,0,0
15,2.7,15.0,0.0,1800,1,0.0,0,46.5,7,50.7,0,1,0,2,0.00,0xEE,0,0
15,2.6,15.0,0.0,1800,1,0.0,0,46.5,8,50.7,0,1,0,2,0.00,0xEE,0,0
15,2.7,15.0,0.0,1800,1,0.0,0,46.2,10,50.7,0,1,0,2,0.00,0xEE,0,0
15,2.8,15.0,0.0,1800,1,0.0,0,46.4,10,50.7,0,1,0,2,0.00,0xEE,0,0
15,2.9,15.0,0.0,1800,1,0.0,0,46.2,10,50.7,0,1,0,2,0.00,0xEE,0,0
15,3.0,15.0,0.0,1800,1,0.0,0,46.2,10,50.7,0,1,0,2,0.00,0xEE,0,0
15,3.0,15.0,0.0,1800,1,0.0,0,46.5,0,50.7,0,1,0,2,0.00,0xEE,0,0
15,2.8,15.0,0.0,1800,1,0.0,0,46.7,2,50.7,0,1,0,2,0.00,0xEE,0,0
16,2.6,15.0,0.0,1800,1,0.0,0,46.7,64,50.7,0,1,0,2,0.00,0xEE,0,0
16,2.6,15.0,0.0,1800,1,0.0,0,46.5,9,50.7,0,1,0,2,0.00,0xEE,0,0
16,2.6,15.0,0.0,1800,1,0.0,0,46.7,10,50.7,0,1,0,2,0.00,0xEE,0,0
16,2.6,15.0,0.0,1800,1,0.0,0,46.6,10,50.7,0,1,0,2,0.00,0xEE,0,0
16,2.6,15.0,0.0,1800,1,0.0,0,46.7,10,50.7,0,1,0,2,0.00,0xEE,0,0
16,2.6,15.0,0.0,1800,1,0.0,0,47.1,1,50.7,0,1,0,2,0.00,0xEE,0,0
16,2.7,15.0,0.0,1800,1,0.0,0,46.3,3,50.7,0,1,0,2,0.00,0xEE,0,0
16,2.7,15.0,0.0,1800,1,0.0,0,46.7,5,50.7,0,1,0,2,0.00,0xEE,0,0
16,2.7,15.0,0.0,1800,1,0.0,0,46.8,7,50.7,0,1,0,2,0.00,0xEE,0,0
16,2.6,15.0,0.0,1800,1,0.0,0,46.6,8,50.7,0,1,0,2,0.00,0xEE,0,0
16,2.6,15.0,0.0,1800,1,0.0,0,46.6,10,50.7,0,1,0,2,0.00,0xEE,0,0
16,2.6,15.0,0.0,1800,1,0.0,0,47.2,10,50.7,0,1,0,2,0.00,0xEE,0,0
16,2.7,15.0,0.0,1800,1,0.0,0,46.6,10,50.7,0,1,0,2,0.00,0xEE,0,0
16,2.7,15.0,0.0,1800,1,0.0,0,46.6,10,50.7,0,1,0,2,0.00,0xEE,0,0
16,2.7,15.0,0.0,1800,1,0.0,0,46.0,0,50.7,0,1,0,2,0.00,0xEE,0,0
29,2.8,15.0,12.2,3840,1,0.0,0,46.3,1,50.7,0,1,7200,2,0.00,0xEE,0,0
44,3.0,15.0,12.0,4100,1,0.0,0,45.9,4,49.0,0,1,7200,2,0.00,0xEE,0,0
60,3.1,15.0,11.9,4100,1,0.0,0,46.5,6,49.0,0,1,7200,2,0.00,0xEE,0,0
75,3.0,15.0,12.0,4100,1,0.0,3085,46.5,7,49.0,0,1,7200,2,0.00,0xEE,0,0
106,2.8,15.0,12.2,4100,1,0.0,1279,46.4,9,49.0,0,1,7200,2,0.00,0xEE,0,0
121,2.8,15.0,12.2,4100,1,0.0,1730,46.4,9,49.0,0,1,7200,2,0.00,0xEE,0,0
137,2.8,15.0,12.2,4100,1,0.0,2312,46.2,9,49.0,0,1,7200,2,0.00,0xEE,0,0
355,2.9,15.0,12.1,4100,1,0.0,4527,46.7,205,49.0,0,1,7200,2,0.00,0xEE,0,0
369,2.9,15.0,12.1,4100,1,0.0,4670,46.4,8,49.0,0,1,7200,2,0.00,0xEE,0,0
401,2.9,15.0,12.1,4100,1,0.0,4713,46.2,9,49.0,0,1,7200,2,0.00,0xEE,0,0
416,2.9,15.0,12.1,4100,1,0.0,4816,46.3,0,49.0,0,1,7200,2,0.00,0xEE,0,0
433,2.8,15.0,12.2,4100,1,0.0,4932,46.7,2,49.0,0,1,7200,2,0.00,0xEE,0,0
448,2.7,15.0,12.3,4100,1,0.0,4947,46.7,3,49.0,0,1,7200,2,0.00,0xEE,0,0
479,2.6,15.0,12.4,4100,1,0.0,5053,46.8,5,49.0,0,1,7200,2,0.00,0xEE,0,0
495,2.6,15.0,12.4,4100,1,0.0,5124,46.3,7,49.0,0,1,7200,2,0.00,0xEE,0,0
510,2.5,15.0,12.5,4100,1,0.0,5122,47.0,9,49.0,0,1,7200,2,0.00,0xEE,0,0
542,2.7,15.0,12.3,4100,1,0.0,5184,46.3,9,49.0,0,1,7200,2,0.00,0xEE,0,0
558,2.8,15.0,12.2,4100,1,0.0,5277,46.1,9,49.0,0,1,7200,2,0.00,0xEE,0,0
574,3.0,15.0,12.0,4100,1,0.0,5332,46.4,9,49.0,0,1,7200,2,0.00,0xEE,0,0
590,2.9,15.0,12.1,4100,1,0.0,5318,46.9,9,49.0,0,1,7200,2,0.00,0xEE,0,0
620,2.8,15.0,12.2,4100,1,0.0,5364,46.5,1,49.0,0,1,7200,2,0.00,0xEE,0,0
636,2.9,15.0,12.1,4100,1,0.0,5452,46.3,3,49.0,0,1,7200,2,0.00,0xEE,0,0
652,2.9,15.0,12.1,4100,1,0.0,5495,46.3,4,49.0,0,1,7200,2,0.00,0xEE,0,0
730,2.9,15.0,12.1,4100,1,0.0,5563,46.3,74,49.0,0,1,7200,2,0.00,0xEE,0,0
746,2.9,15.0,12.1,4100,1,0.0,5595,46.6,4,49.0,0,1,7200,2,0.00,0xEE,0,0
761,2.8,15.0,12.2,4100,1,0.0,5628,46.6,6,49.0,0,1,7200,2,0.00,0xEE,0,0
778,2.7,15.0,12.3,4100,1,0.0,5707,46.3,8,49.0,0,1,7200,2,0.00,0xEE,0,0
809,2.7,15.0,12.3,4100,1,0.0,5737,46.6,9,49.0,0,1,7200,2,0.00,0xEE,0,0
825,2.7,15.0,12.3,4100,1,0.0,5764,46.8,9,49.0,0,1,7200,2,0.00,0xEE,0,0
841,2.7,15.0,12.3,4100,1,0.0,5792,46.3,9,49.0,0,1,7200,2,0.00,0xEE,0,0
870,2.6,15.0,12.4,4100,1,0.0,5819,46.8,9,49.0,0,1,7200,2,0.00,0xEE,0,0
886,2.5,15.0,12.5,4100,1,0.0,5844,46.9,9,49.0,0,1,7200,2,0.00,0xEE,0,0
901,2.6,15.0,12.4,4100,1,0.0,5806,46.2,1,49.0,0,1,7200,2,0.00,0xEE,0,0
931,2.7,15.0,12.3,4100,1,0.0,5829,46.5,3,49.0,0,1,7200,2,0.00,0xEE,0,0
946,2.8,15.0,12.2,4100,1,0.0,5851,46.5,5,49.0,0,1,7200,2,0.00,0xEE,0,0
962,2.8,15.0,12.2,4100,1,0.0,5873,46.9,7,49.0,0,1,7200,2,0.00,0xEE,0,0
978,2.6,15.0,12.4,4100,1,0.0,5895,47.2,8,49.0,0,1,7200,2,0.00,0xEE,0,0
1008,2.5,15.0,12.5,4100,1,0.0,5915,46.5,9,49.0,0,1,7200,2,0.00,0xEE,0,0
1023,2.4,15.0,12.6,4100,1,0.0,5935,46.8,9,49.0,0,1,7200,2,0.00,0xEE,0,0
1038,2.5,15.0,12.5,4100,1,0.0,5953,46.3,9,41.7,0,1,7200,2,0.00,0xEE,0,0
1070,2.7,15.0,12.3,4100,1,0.0,5972,46.5,9,41.7,0,1,7200,2,0.00,0xEE,0,0
1086,2.8,15.0,12.2,4100,1,0.0,5989,46.0,0,41.7,0,1,7200,2,0.00,0xEE,0,0
1101,2.8,15.0,12.2,4100,1,0.0,6006,46.5,2,41.7,0,1,7200,2,0.00,0xEE,0,0
1132,2.9,15.0,12.1,4100,1,0.0,6022,46.0,4,41.7,0,1,7200,2,0.00,0xEE,0,0
1147,3.0,15.0,12.0,4100,1,0.0,6039,46.3,6,41.7,0,1,7200,2,0.00,0xEE,0,0
1226,3.1,15.0,11.9,4100,1,0.0,6098,46.1,67,41.7,0,1,7200,2,0.00,0xEE,0,0
1241,3.0,15.0,12.0,4100,1,0.0,6176,47.0,9,41.7,0,1,7200,2,0.00,0xEE,0,0
1273,3.1,15.0,11.9,4100,1,0.0,6189,46.2,9,41.7,0,1,7200,2,0.00,0xEE,0,0
1289,2.7,15.0,12.3,4100,1,0.0,6203,46.9,1,41.7,0,1,7200,2,0.00,0xEE,0,0
1305,2.6,15.0,12.4,4100,1,0.0,6215,46.5,3,41.7,0,1,7200,2,0.00,0xEE,0,0
1320,2.6,15.0,12.4,4100,1,0.0,6229,46.5,5,41.7,0,1,7200,2,0.00,0xEE,0,0
1365,2.7,15.0,12.3,4100,1,0.0,6240,46.6,6,41.7,0,1,7200,2,0.00,0xEE,0,0
1365,2.7,15.0,12.3,4100,1,0.0,6253,46.7,8,41.7,0,1,7200,2,0.00,0xEE,0,0
1381,2.7,15.0,12.3,4100,1,0.0,6264,46.9,9,41.7,0,1,7200,2,0.00,0xEE,0,0
1412,2.6,15.0,12.4,4100,1,0.0,6217,46.2,9,41.7,0,1,7200,2,0.00,0xEE,0,0
1428,2.6,15.0,12.4,4100,1,0.0,6229,46.5,9,41.7,0,1,7200,2,0.00,0xEE,0,0
1443,2.7,15.0,12.3,4100,1,0.0,6239,46.4,9,41.7,0,1,7200,2,0.00,0xEE,0,0
1459,2.8,15.0,12.2,4100,1,0.0,6250,46.6,0,41.7,0,1,7200,2,0.00,0xEE,0,0
1490,2.6,15.0,12.4,4100,1,0.0,6260,46.9,2,41.7,0,1,7200,2,0.00,0xEE,0,0
1506,2.6,15.0,12.4,4100,1,0.0,6334,46.4,4,41.7,0,1,7200,2,0.00,0xEE,0,0
1537,2.6,15.0,12.4,4100,1,0.0,6345,46.7,5,41.7,0,1,7200,2,0.00,0xEE,0,0
1552,2.6,15.0,12.4,4100,1,0.0,6354,46.8,7,41.7,0,1,7200,2,0.00,0xEE,0,0
1568,2.5,15.0,12.5,4100,1,0.0,6362,46.8,9,41.7,0,1,7200,2,0.00,0xEE,0,0
1584,2.5,15.0,12.5,4100,1,0.0,6370,47.2,9,41.7,0,1,7200,2,0.00,0xEE,0,0
1600,2.5,15.0,12.5,4100,1,0.0,6321,46.5,9,41.7,0,1,7200,2,0.00,0xEE,0,0
1630,2.6,15.0,12.4,4100,1,0.0,6330,46.5,9,41.7,0,1,7200,2,0.00,0xEE,0,0
1645,2.7,15.0,12.3,4100,1,0.0,6338,46.6,9,41.7,0,1,7200,2,0.00,0xEE,0,0
1722,2.7,15.0,12.3,4100,1,0.0,6433,46.5,61,41.7,0,1,7200,2,0.00,0xEE,0,0
1738,2.6,15.0,12.4,4100,1,0.0,6440,46.7,9,41.7,0,1,7200,2,0.00,0xEE,0,0
1770,2.6,15.0,12.4,4100,1,0.0,6388,46.7,9,41.7,0,1,7200,2,0.00,0xEE,0,0
1785,2.6,15.0,12.4,4100,1,0.0,6395,47.1,9,41.7,0,1,7200,2,0.00,0xEE,0,0
1801,2.5,15.0,12.5,4100,1,0.0,6402,46.8,9,41.7,0,1,7200,2,0.00,0xEE,0,0
1831,2.5,15.0,12.5,4100,1,0.0,6473,46.9,9,41.7,0,1,7200,2,0.00,0xEE,0,0
1846,2.4,15.0,12.6,4100,1,0.0,6480,47.0,0,41.7,0,1,7200,2,0.00,0xEE,0,0
1861,2.6,15.0,12.4,4100,1,0.0,6486,46.3,1,41.7,0,1,7200,2,0.00,0xEE,0,0
1893,2.7,15.0,12.3,4100,1,0.0,6492,46.5,3,41.7,0,1,7200,2,0.00,0xEE,0,0
1909,2.8,15.0,12.2,4100,1,0.0,6436,47.0,5,41.7,0,1,7200,2,0.00,0xEE,0,0
1925,2.7,15.0,12.3,4100,1,0.0,6443,46.6,7,41.7,0,1,7200,2,0.00,0xEE,0,0
1939,2.7,15.0,12.3,4100,1,0.0,6448,46.4,9,41.7,0,1,7200,2,0.00,0xEE,0,0
1972,2.7,15.0,12.3,4100,1,0.0,6518,46.1,9,41.7,0,1,7200,2,0.00,0xEE,0,0
1987,2.8,15.0,12.2,4100,1,0.0,6524,46.6,9,41.7,0,1,7200,2,0.00,0xEE,0,0
2002,3.0,15.0,12.0,4100,1,0.0,6530,45.9,9,41.7,0,1,7200,2,0.00,0xEE,0,0
2018,2.9,15.0,12.1,4100,1,0.0,6472,46.8,9,41.7,0,1,7200,2,0.00,0xEE,0,0
2050,2.5,15.0,12.5,4100,1,0.0,6478,46.7,1,49.0,0,1,7200,2,0.00,0xEE,0,0
2065,2.5,15.0,12.5,4100,1,0.0,6482,46.4,2,49.0,0,1,7200,2,0.00,0xEE,0,0
2080,2.5,15.0,12.5,4100,1,0.0,6550,46.8,4,49.0,0,1,7200,2,0.00,0xEE,0,0
2111,2.6,15.0,12.4,4100,1,0.0,6554,46.7,6,49.0,0,1,7200,2,0.00,0xEE,0,0
2127,2.6,15.0,12.4,4100,1,0.0,6555,46.3,8,49.0,0,1,7200,2,0.00,0xEE,0,0
2142,2.7,15.0,12.3,4100,1,0.0,6496,46.1,9,49.0,0,1,7200,2,0.00,0xEE,0,0
2219,2.8,15.0,12.2,4100,1,0.0,6570,46.4,69,49.0,0,1,7200,2,0.00,0xEE,0,0
2251,2.8,15.0,12.2,4100,1,0.0,6509,46.7,1,49.0,0,1,7200,2,0.00,0xEE,0,0
2266,2.7,15.0,12.3,4100,1,0.0,6513,46.0,3,49.0,0,1,7200,2,0.00,0xEE,0,0
2282,2.6,15.0,12.4,4100,1,0.0,6517,46.8,5,49.0,0,1,7200,2,0.00,0xEE,0,0
2312,2.5,15.0,12.5,4100,1,0.0,6584,46.8,7,49.0,0,1,7200,2,0.00,0xEE,0,0
2328,2.5,15.0,12.5,4100,1,0.0,6589,46.6,9,49.0,0,1,7200,2,0.00,0xEE,0,0
2343,2.5,15.0,12.5,4100,1,0.0,6590,46.8,9,49.0,0,1,7200,2,0.00,0xEE,0,0
2357,2.5,15.0,12.5,4100,1,0.0,6531,46.8,9,49.0,0,1,7200,2,0.00,0xEE,0,0
2389,2.5,15.0,12.5,4100,1,0.0,6534,46.5,9,49.0,0,1,7200,2,0.00,0xEE,0,0
2405,2.5,15.0,12.5,4100,1,0.0,6602,46.8,9,49.0,0,1,7200,2,0.00,0xEE,0,0
2421,2.5,15.0,12.5,4100,1,0.0,6605,46.4,0,49.0,0,1,7200,2,0.00,0xEE,0,0
2451,2.6,15.0,12.4,4100,1,0.0,6609,47.2,2,49.0,0,1,7200,2,0.00,0xEE,0,0
2466,2.5,15.0,12.5,4100,1,0.0,6547,46.8,4,49.0,0,1,7200,2,0.00,0xEE,0,0
2482,2.5,15.0,12.5,4100,1,0.0,6551,46.6,6,49.0,0,1,7200,2,0.00,0xEE,0,0
2512,2.5,15.0,12.5,4100,1,0.0,6553,46.9,8,49.0,0,1,7200,2,0.00,0xEE,0,0
2526,2.5,15.0,12.5,4100,1,0.0,6622,46.8,9,49.0,0,1,7200,2,0.00,0xEE,0,0
2542,2.5,15.0,12.5,4100,1,0.0,6625,46.8,9,49.0,0,1,7200,2,0.00,0xEE,0,0
2558,2.5,15.0,12.5,4100,1,0.0,6565,46.9,9,49.0,0,1,7200,2,0.00,0xEE,0,0
2587,2.4,15.0,12.6,4100,1,0.0,6568,47.2,9,49.0,0,1,7200,2,0.00,0xEE,0,0
2603,2.4,15.0,12.6,4100,1,0.0,6570,46.8,9,49.0,0,1,7200,2,0.00,0xEE,0,0
2618,2.4,15.0,12.6,4100,1,0.0,6638,47.2,1,49.0,0,1,7200,2,0.00,0xEE,0,0
2650,2.4,15.0,12.6,4100,1,0.0,6640,46.9,3,49.0,0,1,7200,2,0.00,0xEE,0,0
2727,2.4,15.0,12.6,4100,1,0.0,6650,46.7,65,49.0,0,1,7200,2,0.00,0xEE,0,0
2742,2.4,15.0,12.6,4100,1,0.0,6651,46.5,9,49.0,0,1,7200,2,0.00,0xEE,0,0
2758,2.5,15.0,12.5,4100,1,0.0,6587,47.1,9,49.0,0,1,7200,2,0.00,0xEE,0,0
2789,2.6,15.0,12.4,4100,1,0.0,6589,46.3,9,49.0,0,1,7200,2,0.00,0xEE,0,0
2805,2.6,15.0,12.4,4100,1,0.0,6656,46.9,0,49.0,0,1,7200,2,0.00,0xEE,0,0
2820,2.5,15.0,12.5,4100,1,0.0,6656,46.8,2,49.0,0,1,7200,2,0.00,0xEE,0,0
2851,2.5,15.0,12.5,4100,1,0.0,6657,46.8,4,49.0,0,1,7200,2,0.00,0xEE,0,0
2881,2.5,15.0,12.5,4100,1,0.0,6594,46.7,6,49.0,0,1,7200,2,0.00,0xEE,0,0
2881,2.5,15.0,12.5,4100,1,0.0,6596,46.0,8,49.0,0,1,7200,2,0.00,0xEE,0,0
2912,2.5,15.0,12.5,4100,1,0.0,6663,46.8,9,49.0,0,1,7200,2,0.00,0xEE,0,0
2928,2.5,15.0,12.5,4100,1,0.0,6662,46.9,9,49.0,0,1,7200,2,0.00,0xEE,0,0
2944,2.5,15.0,12.5,4100,1,0.0,6663,46.6,9,49.0,0,1,7200,2,0.00,0xEE,0,0
2959,2.5,15.0,12.5,4100,1,0.0,6603,46.2,9,49.0,0,1,7200,2,0.00,0xEE,0,0
2990,2.6,15.0,12.4,4100,1,0.0,6605,47.1,9,49.0,0,1,7200,2,0.00,0xEE,0,0
3006,2.7,15.0,12.3,4100,1,0.0,6672,47.0,1,49.0,0,1,7200,2,0.00,0xEE,0,0
3021,2.7,15.0,12.3,4100,1,0.0,6675,46.5,3,49.0,0,1,7200,2,0.00,0xEE,0,0
3052,2.6,15.0,12.4,4100,1,0.0,6613,46.2,5,49.0,0,1,7200,2,0.00,0xEE,0,0
3067,2.8,15.0,12.2,4100,1,0.0,6615,47.0,7,49.0,0,1,7200,2,0.00,0xEE,0,0
3083,2.6,15.0,12.4,4100,1,0.0,6616,47.0,9,49.0,0,1,7200,2,0.00,0xEE,0,0
3099,2.4,15.0,12.6,4100,1,0.0,6684,47.1,9,49.0,0,1,7200,2,0.00,0xEE,0,0
3130,2.3,15.0,12.7,4100,1,0.0,6685,46.8,9,49.0,0,1,7200,2,0.00,0xEE,0,0
3145,2.3,15.0,12.7,4100,1,0.0,6622,46.9,9,49.0,0,1,7200,2,0.00,0xEE,0,0
3222,2.4,15.0,12.6,4100,1,0.0,6629,46.7,61,49.0,0,1,7200,2,0.00,0xEE,0,0
3237,2.5,15.0,12.5,4100,1,0.0,6631,46.6,8,49.0,0,1,7200,2,0.00,0xEE,0,0
3253,2.6,15.0,12.4,4100,1,0.0,6696,46.6,0,49.0,0,1,7200,2,0.00,0xEE,0,0
3283,2.7,15.0,12.3,4100,1,0.0,6697,47.3,2,49.0,0,1,7200,2,0.00,0xEE,0,0
3298,2.5,15.0,12.5,4100,1,0.0,6634,47.1,3,49.0,0,1,7200,2,0.00,0xEE,0,0
3314,2.3,15.0,12.7,4100,1,0.0,6635,46.6,5,49.0,0,1,7200,2,0.00,0xEE,0,0
3330,2.2,15.0,12.8,4100,1,0.0,6637,46.9,7,49.0,0,1,7200,2,0.00,0xEE,0,0
3361,2.3,15.0,12.7,4100,1,0.0,6702,47.2,9,49.0,0,1,7200,2,0.00,0xEE,0,0
3377,2.3,15.0,12.7,4100,1,0.0,6703,47.0,9,49.0,0,1,7200,2,0.00,0xEE,0,0
3392,2.3,15.0,12.7,4100,1,0.0,6640,46.9,9,49.0,0,1,7200,2,0.00,0xEE,0,0
3423,2.3,15.0,12.7,4100,1,0.0,6641,46.7,9,49.0,0,1,7200,2,0.00,0xEE,0,0
3439,2.3,15.0,12.7,4100,1,0.0,6706,46.9,9,49.0,0,1,7200,2,0.00,0xEE,0,0
3454,2.4,15.0,12.6,4100,1,0.0,6708,46.8,1,49.0,0,1,7200,2,0.00,0xEE,0,0
3485,2.4,15.0,12.6,4100,1,0.0,6644,46.0,2,49.0,0,1,7200,2,0.00,0xEE,0,0
3500,2.4,15.0,12.6,4100,1,0.0,6644,47.0,4,49.0,0,1,7200,2,0.00,0xEE,0,0
3516,2.5,15.0,12.5,4100,1,0.0,6645,46.6,6,49.0,0,1,7200,2,0.00,0xEE,0,0
3531,2.6,15.0,12.4,4100,1,0.0,6711,46.4,8,49.0,0,1,7200,2,0.00,0xEE,0,0
3563,2.7,15.0,12.3,4100,1,0.0,6712,46.5,9,49.0,0,1,7200,2,0.00,0xEE,0,0
3578,2.7,15.0,12.3,4100,1,0.0,6650,46.6,9,49.0,0,1,7200,2,0.00,0xEE,0,0
3593,2.7,15.0,12.3,4100,1,0.0,6650,47.0,9,49.0,0,1,7200,2,0.00,0xEE,0,0
3625,2.6,15.0,12.4,4100,1,0.0,6717,46.8,9,49.0,0,1,7200,2,0.00,0xEE,0,0
3640,2.5,15.0,12.5,4100,1,0.0,6717,46.8,9,49.0,0,1,7200,2,0.00,0xEE,0,0
3656,2.5,15.0,12.5,4100,1,0.0,6654,46.6,1,49.0,0,1,7200,2,0.00,0xEE,0,0
3734,2.5,15.0,12.5,4100,1,0.0,6723,46.6,71,49.0,0,1,7200,2,0.00,0xEE,0,0
3748,2.6,15.0,12.4,4100,1,0.0,6659,46.6,1,49.0,0,1,7200,2,0.00,0xEE,0,0
3764,2.6,15.0,12.4,4100,1,0.0,6660,46.5,3,49.0,0,1,7200,2,0.00,0xEE,0,0
3780,2.7,15.0,12.3,4100,1,0.0,6726,46.2,5,49.0,0,1,7200,2,0.00,0xEE,0,0
3811,2.7,15.0,12.3,4100,1,0.0,6727,47.0,7,49.0,0,1,7200,2,0.00,0xEE,0,0
3827,2.8,15.0,12.2,4100,1,0.0,6663,46.3,9,49.0,0,1,7200,2,0.00,0xEE,0,0
3842,2.9,15.0,12.1,4100,1,0.0,6666,46.3,9,49.0,0,1,7200,2,0.00,0xEE,0,0
3873,3.0,15.0,12.0,4100,1,0.0,6732,46.8,9,49.0,0,1,7200,2,0.00,0xEE,0,0
3888,2.9,15.0,12.1,4100,1,0.0,6734,46.4,9,49.0,0,1,7200,2,0.00,0xEE,0,0
3904,2.8,15.0,12.2,4100,1,0.0,6734,46.7,9,49.0,0,1,7200,2,0.00,0xEE,0,0
3934,2.6,15.0,12.4,4100,1,0.0,6671,46.7,0,49.0,0,1,7200,2,0.00,0xEE,0,0
3949,2.6,15.0,12.4,4100,1,0.0,6672,46.6,2,49.0,0,1,7200,2,0.00,0xEE,0,0
3966,2.6,15.0,12.4,4100,1,0.0,6738,46.3,4,49.0,0,1,7200,2,0.00,0xEE,0,0
3981,2.7,15.0,12.3,4100,1,0.0,6740,46.4,6,49.0,0,1,7200,2,0.00,0xEE,0,0
4012,2.8,15.0,12.2,4100,1,0.0,6677,46.8,7,49.0,0,1,7200,2,0.00,0xEE,0,0
4028,2.8,15.0,12.2,4100,1,0.0,6678,46.6,9,49.0,0,1,7200,2,0.00,0xEE,0,0
4043,2.7,15.0,12.3,4100,1,0.0,6744,46.6,9,49.9,0,1,7200,2,0.00,0xEE,0,0
4073,2.7,15.0,12.3,4100,1,0.0,6744,46.8,9,49.9,0,1,7200,2,0.00,0xEE,0,0
4089,2.7,15.0,12.3,4100,1,0.0,6681,46.6,9,49.9,0,1,7200,2,0.00,0xEE,0,0
4105,2.6,15.0,12.4,4100,1,0.0,6683,47.0,9,49.9,0,1,7200,2,0.00,0xEE,0,0
4120,2.4,15.0,12.6,4100,1,0.0,6749,47.2,1,49.9,0,1,7200,2,0.00,0xEE,0,0
4151,2.3,15.0,12.7,4100,1,0.0,6750,46.5,3,49.9,0,1,7200,2,0.00,0xEE,0,0
4228,2.4,15.0,12.6,4100,1,0.0,6756,46.6,56,49.9,0,1,7200,2,0.00,0xEE,0,0
4244,2.8,15.0,12.2,4100,1,0.0,6690,46.3,4,49.9,0,1,7200,2,0.00,0xEE,0,0
4259,2.9,15.0,12.1,4100,1,0.0,6691,46.6,6,49.9,0,1,7200,2,0.00,0xEE,0,0
4275,2.9,15.0,12.1,4100,1,0.0,6758,46.9,8,49.9,0,1,7200,2,0.00,0xEE,0,0
4306,2.7,15.0,12.3,4100,1,0.0,6759,47.1,9,49.9,0,1,7200,2,0.00,0xEE,0,0
4321,2.5,15.0,12.5,4100,1,0.0,6694,46.6,9,49.9,0,1,7200,2,0.00,0xEE,0,0
4337,2.3,15.0,12.7,4100,1,0.0,6694,47.0,9,49.9,0,1,7200,2,0.00,0xEE,0,0
4352,2.4,15.0,12.6,4100,1,0.0,6762,46.6,9,49.9,0,1,7200,2,0.00,0xEE,0,0
4397,2.5,15.0,12.5,4100,1,0.0,6762,46.6,9,49.9,0,1,7200,2,0.00,0xEE,0,0
4397,2.7,15.0,12.3,4100,1,0.0,6697,46.4,1,49.9,0,1,7200,2,0.00,0xEE,0,0
4412,2.6,15.0,12.4,4100,1,0.0,6700,47.0,3,49.9,0,1,7200,2,0.00,0xEE,0,0
4442,2.6,15.0,12.4,4100,1,0.0,6767,46.4,5,49.9,0,1,7200,2,0.00,0xEE,0,0
4458,2.7,15.0,12.3,4100,1,0.0,6765,46.5,7,49.9,0,1,7200,2,0.00,0xEE,0,0
4474,2.8,15.0,12.2,4100,1,0.0,6702,47.0,9,49.9,0,1,7200,2,0.00,0xEE,0,0
4505,2.8,15.0,12.2,4100,1,0.0,6703,46.5,9,49.9,0,1,7200,2,0.00,0xEE,0,0
4520,2.8,15.0,12.2,4100,1,0.0,6768,46.3,9,49.9,0,1,7200,2,0.00,0xEE,0,0
4536,2.8,15.0,12.2,4100,1,0.0,6770,46.5,9,49.9,0,1,7200,2,0.00,0xEE,0,0
4567,2.8,15.0,12.2,4100,1,0.0,6705,46.2,9,49.9,0,1,7200,2,0.00,0xEE,0,0
4583,2.7,15.0,12.3,4100,1,0.0,6705,46.9,0,49.9,0,1,7200,2,0.00,0xEE,0,0
4599,2.6,15.0,12.4,4100,1,0.0,6772,46.3,2,49.9,0,1,7200,2,0.00,0xEE,0,0
4614,2.4,15.0,12.6,4100,1,0.0,6773,46.9,4,49.9,0,1,7200,2,0.00,0xEE,0,0
4644,2.5,15.0,12.5,4100,1,0.0,6708,46.5,6,49.9,0,1,7200,2,0.00,0xEE,0,0
4660,2.6,15.0,12.4,4100,1,0.0,6709,46.7,8,49.9,0,1,7200,2,0.00,0xEE,0,0
4724,2.7,15.0,12.3,4100,1,0.0,6709,46.1,60,49.9,0,1,7200,2,0.00,0xEE,0,0
4770,2.7,15.0,12.3,4100,1,0.0,6708,46.4,8,49.9,0,1,7200,2,0.00,0xEE,0,0
4770,2.8,15.0,12.2,4100,1,0.0,6773,46.6,9,49.9,0,1,7200,2,0.00,0xEE,0,0
4785,2.8,15.0,12.2,4100,1,0.0,6772,46.7,9,49.9,0,1,7200,2,0.00,0xEE,0,0
4816,2.7,15.0,12.3,4100,1,0.0,6706,46.6,9,49.9,0,1,7200,2,0.00,0xEE,0,0
4832,2.7,15.0,12.3,4100,1,0.0,6705,46.6,9,49.9,0,1,7200,2,0.00,0xEE,0,0
4848,2.7,15.0,12.3,4100,1,0.0,6770,46.1,0,49.9,0,1,7200,2,0.00,0xEE,0,0
4863,2.7,15.0,12.3,4100,1,0.0,6770,46.7,2,49.9,0,1,7200,2,0.00,0xEE,0,0
4895,2.6,15.0,12.4,4100,1,0.0,6703,46.9,3,49.9,0,1,7200,2,0.00,0xEE,0,0
4910,2.6,15.0,12.4,4100,1,0.0,6703,46.5,5,49.9,0,1,7200,2,0.00,0xEE,0,0
4925,2.6,15.0,12.4,4100,1,0.0,6767,46.5,7,49.9,0,1,7200,2,0.00,0xEE,0,0
4957,2.7,15.0,12.3,4100,1,0.0,6767,46.4,9,49.9,0,1,7200,2,0.00,0xEE,0,0
4972,2.8,15.0,12.2,4100,1,0.0,6700,46.6,9,49.9,0,1,7200,2,0.00,0xEE,0,0
4986,2.7,15.0,12.3,4100,1,0.0,6699,46.7,9,49.9,0,1,7200,2,0.00,0xEE,0,0
5017,2.7,15.0,12.3,4100,1,0.0,6765,47.0,9,49.9,0,1,7200,2,0.00,0xEE,0,0
5032,2.6,15.0,12.4,4100,1,0.0,6764,46.8,9,49.9,0,1,7200,2,0.00,0xEE,0,0
5047,2.6,15.0,12.4,4100,1,0.0,6699,46.5,1,49.9,0,1,7200,2,0.00,0xEE,0,0
5063,2.7,15.0,12.3,4100,1,0.0,6699,46.4,2,49.9,0,1,7200,2,0.00,0xEE,0,0
5095,2.8,15.0,12.2,4100,1,0.0,6765,46.3,4,49.9,0,1,7200,2,0.00,0xEE,0,0
5110,2.9,15.0,12.1,4100,1,0.0,6767,46.3,6,49.9,0,1,7200,2,0.00,0xEE,0,0
5126,2.9,15.0,12.1,4100,1,0.0,6700,46.1,8,49.9,0,1,7200,2,0.00,0xEE,0,0
5157,3.0,15.0,12.0,4100,1,0.0,6702,46.4,9,49.9,0,1,7200,2,0.00,0xEE,0,0
5236,3.0,15.0,12.0,4100,1,0.0,6705,46.1,69,49.9,0,1,7200,2,0.00,0xEE,0,0
5252,3.0,15.0,12.0,4100,1,0.0,6770,46.2,1,49.9,0,1,7200,2,0.00,0xEE,0,0
5267,3.0,15.0,12.0,4100,1,0.0,6772,46.0,3,49.9,0,1,7200,2,0.00,0xEE,0,0
5283,3.1,15.0,11.9,4100,1,0.0,6708,46.9,5,49.9,0,1,7200,2,0.00,0xEE,0,0
5313,2.9,15.0,12.1,4100,1,0.0,6708,46.7,7,49.9,0,1,7200,2,0.00,0xEE,0,0
5328,2.7,15.0,12.3,4100,1,0.0,6775,46.7,9,49.9,0,1,7200,2,0.00,0xEE,0,0
5344,2.6,15.0,12.4,4100,1,0.0,6776,46.3,9,49.9,0,1,7200,2,0.00,0xEE,0,0
5375,2.7,15.0,12.3,4100,1,0.0,6711,46.2,9,49.9,0,1,7200,2,0.00,0xEE,0,0
5391,2.8,15.0,12.2,4100,1,0.0,6712,46.9,9,49.9,0,1,7200,2,0.00,0xEE,0,0
5406,2.8,15.0,12.2,4100,1,0.0,6778,46.7,9,49.9,0,1,7200,2,0.00,0xEE,0,0
5437,2.7,15.0,12.3,4100,1,0.0,6778,46.3,0,49.9,0,1,7200,2,0.00,0xEE,0,0
5453,2.8,15.0,12.2,4100,1,0.0,6714,46.3,2,49.9,0,1,7200,2,0.00,0xEE,0,0
5468,2.9,15.0,12.1,4100,1,0.0,6714,46.9,4,49.9,0,1,7200,2,0.00,0xEE,0,0
5484,2.8,15.0,12.2,4100,1,0.0,6781,46.8,6,49.9,0,1,7200,2,0.00,0xEE,0,0
5514,2.6,15.0,12.4,4100,1,0.0,6781,46.3,8,49.9,0,1,7200,2,0.00,0xEE,0,0
5530,2.6,15.0,12.4,4100,1,0.0,6717,46.1,9,49.9,0,1,7200,2,0.00,0xEE,0,0
5546,2.8,15.0,12.2,4100,1,0.0,6718,46.2,9,49.9,0,1,7200,2,0.00,0xEE,0,0
5576,3.0,15.0,12.0,4100,1,0.0,6785,46.3,9,49.9,0,1,7200,2,0.00,0xEE,0,0
5593,3.0,15.0,12.0,4100,1,0.0,6785,46.6,9,49.9,0,1,7200,2,0.00,0xEE,0,0
5608,2.9,15.0,12.1,4100,1,0.0,6720,46.8,9,49.9,0,1,7200,2,0.00,0xEE,0,0
5623,2.7,15.0,12.3,4100,1,0.0,6720,46.0,1,49.9,0,1,7200,2,0.00,0xEE,0,0
5655,2.7,15.0,12.3,4100,1,0.0,6787,46.7,3,49.9,0,1,7200,2,0.00,0xEE,0,0
5733,2.8,15.0,12.2,4100,1,0.0,6790,46.3,65,49.9,0,1,7200,2,0.00,0xEE,0,0
5749,2.9,15.0,12.1,4100,1,0.0,6790,46.1,9,49.9,0,1,7200,2,0.00,0xEE,0,0
5765,3.0,15.0,12.0,4100,1,0.0,6726,46.3,9,49.9,0,1,7200,2,0.00,0xEE,0,0
5795,3.0,15.0,12.0,4100,1,0.0,6726,46.1,9,49.9,0,1,7200,2,0.00,0xEE,0,0
5812,3.2,15.0,11.8,4100,1,0.0,6791,46.2,0,49.9,0,1,7200,2,0.00,0xEE,0,0
5827,3.2,15.0,11.8,4100,1,0.0,6795,46.1,2,49.9,0,1,7200,2,0.00,0xEE,0,0
5843,3.1,15.0,11.9,4100,1,0.0,6729,46.2,4,49.9,0,1,7200,2,0.00,0xEE,0,0
5874,3.1,15.0,11.9,4100,1,0.0,6729,46.3,6,49.9,0,1,7200,2,0.00,0xEE,0,0
5891,3.1,15.0,11.9,4100,1,0.0,6796,46.0,8,49.9,0,1,7200,2,0.00,0xEE,0,0
5906,3.1,15.0,11.9,4100,1,0.0,6798,45.7,9,49.9,0,1,7200,2,0.00,0xEE,0,0
5937,3.3,15.0,11.7,4100,1,0.0,6732,45.9,9,49.9,0,1,7200,2,0.00,0xEE,0,0
5952,3.4,15.0,11.6,4100,1,0.0,6734,45.8,9,49.9,0,1,7200,2,0.00,0xEE,0,0
5967,3.5,15.0,11.5,4100,1,0.0,6799,45.5,9,49.9,0,1,7200,2,0.00,0xEE,0,0
5983,3.6,15.0,11.4,4100,1,0.0,6801,45.6,9,49.9,0,1,7200,2,0.00,0xEE,0,0
6013,3.7,15.0,11.3,4100,1,0.0,6737,46.0,1,49.9,0,1,7200,2,0.00,0xEE,0,0
6029,3.8,15.0,11.2,4100,1,0.0,6738,45.4,3,49.9,0,1,7200,2,0.00,0xEE,0,0
6045,3.7,15.0,11.3,4100,1,0.0,6804,45.8,5,49.0,0,1,7200,2,0.00,0xEE,0,0
6075,3.7,15.0,11.3,4100,1,0.0,6804,45.0,7,49.0,0,1,7200,2,0.00,0xEE,0,0
6091,3.7,15.0,11.3,4100,1,0.0,6740,45.5,9,49.0,0,1,7200,2,0.00,0xEE,0,0
6107,3.9,15.0,11.1,4100,1,0.0,6741,45.4,9,49.0,0,1,7200,2,0.00,0xEE,0,0
6123,3.8,15.0,11.2,4100,1,0.0,6807,45.5,9,49.0,0,1,7200,2,0.00,0xEE,0,0
6154,3.9,15.0,11.1,4100,1,0.0,6808,45.4,9,49.0,0,1,7200,2,0.00,0xEE,0,0
6230,3.9,15.0,11.1,4100,1,0.0,6747,45.0,69,49.0,0,1,7200,2,0.00,0xEE,0,0
6245,4.0,15.0,11.0,4100,1,0.0,6747,45.0,6,49.0,0,1,7200,2,0.00,0xEE,0,0
6277,4.2,15.0,10.8,4100,1,0.0,6815,44.7,8,49.0,0,1,7200,2,0.00,0xEE,0,0
6292,4.3,15.0,10.7,4100,1,0.0,6815,45.1,9,49.0,0,1,7200,2,0.00,0xEE,0,0
6308,4.3,15.0,10.7,4100,1,0.0,6752,45.0,9,49.0,0,1,7200,2,0.00,0xEE,0,0
6324,4.3,15.0,10.7,4100,1,0.0,6752,45.0,9,49.0,0,1,7200,2,0.00,0xEE,0,0
6354,4.3,15.0,10.7,4100,1,0.0,6818,44.1,9,49.0,0,1,7200,2,0.00,0xEE,0,0
6370,4.6,15.0,10.4,4100,1,0.0,6818,44.3,9,49.0,0,1,7200,2,0.00,0xEE,0,0
6385,4.9,15.0,10.1,4100,1,0.0,6752,44.7,1,49.0,0,1,7200,2,0.00,0xEE,0,0
6416,4.8,15.0,10.2,4100,1,0.0,6753,45.1,3,49.0,0,1,7200,2,0.00,0xEE,0,0
6432,4.6,15.0,10.4,4100,1,0.0,6819,44.6,5,49.0,0,1,7200,2,0.00,0xEE,0,0
6447,4.7,15.0,10.3,4100,1,0.0,6819,44.4,6,49.0,0,1,7200,2,0.00,0xEE,0,0
6478,4.8,15.0,10.2,4100,1,0.0,6755,44.2,8,49.0,0,1,7200,2,0.00,0xEE,0,0
6493,4.9,15.0,10.1,4100,1,0.0,6756,44.6,9,49.0,0,1,7200,2,0.00,0xEE,0,0
6508,5.0,15.0,10.0,4100,1,0.0,6821,44.1,9,49.0,0,1,7200,2,0.00,0xEE,0,0
6523,5.0,15.0,10.0,4100,1,0.0,6821,44.4,9,49.0,0,1,7200,2,0.00,0xEE,0,0
6570,5.1,15.0,9.9,4100,1,0.0,6756,43.6,9,49.0,0,1,7200,2,0.00,0xEE,0,0
6570,5.2,15.0,9.8,4100,1,0.0,6822,44.3,0,49.0,0,1,7200,2,0.00,0xEE,0,0
6586,5.1,15.0,9.9,4100,1,0.0,6822,43.8,2,49.0,0,1,7200,2,0.00,0xEE,0,0
6616,5.2,15.0,9.8,4100,1,0.0,6824,44.1,4,49.0,0,1,7200,2,0.00,0xEE,0,0
6632,5.3,15.0,9.7,4100,1,0.0,6758,43.1,6,49.0,0,1,7200,2,0.00,0xEE,0,0
6649,5.4,15.0,9.6,4100,1,0.0,6824,43.9,7,49.0,0,1,7200,2,0.00,0xEE,0,0
6724,5.7,15.0,9.3,4100,1,0.0,6824,43.3,69,49.0,0,1,7200,2,0.00,0xEE,0,0
6755,5.9,15.0,9.1,4100,1,0.0,6824,43.0,9,49.0,0,1,7200,2,0.00,0xEE,0,0
6770,6.4,15.0,8.6,4100,1,0.0,6758,42.7,1,49.0,0,1,7200,2,0.00,0xEE,0,0
6785,6.7,15.0,8.3,4100,1,0.0,6758,42.5,3,49.0,0,1,7200,2,0.00,0xEE,0,0
6817,6.8,15.0,8.2,4100,1,0.0,6822,42.8,5,49.0,0,1,7200,2,0.00,0xEE,0,0
6833,6.8,15.0,8.2,4100,1,0.0,6824,42.2,7,49.0,0,1,7200,2,0.00,0xEE,0,0
6848,6.9,15.0,8.1,4100,1,0.0,6758,42.2,9,49.0,0,1,7200,2,0.00,0xEE,0,0
6864,7.1,15.0,7.9,4100,1,0.0,6759,42.1,9,49.0,0,1,7200,2,0.00,0xEE,0,0
6895,7.2,15.0,7.8,4100,1,0.0,6825,41.8,9,49.0,0,1,7200,2,0.00,0xEE,0,0
6910,7.4,15.0,7.6,4100,1,0.0,6825,41.8,9,49.0,0,1,7200,2,0.00,0xEE,0,0
6926,7.5,15.0,7.5,4100,1,0.0,6759,41.4,9,49.0,0,1,7200,2,0.00,0xEE,0,0
6957,7.9,15.0,7.1,4100,1,0.0,6759,42.0,0,49.0,0,1,7200,2,0.00,0xEE,0,0
6972,8.1,15.0,6.9,4100,1,0.0,6825,41.1,2,49.0,0,1,7200,2,0.00,0xEE,0,0
6987,8.2,15.0,6.8,4100,1,0.0,6825,40.6,4,49.0,0,1,7200,2,0.00,0xEE,0,0
7003,8.4,15.0,6.6,4100,1,0.0,6761,40.9,6,49.0,0,1,7200,2,0.00,0xEE,0,0
7034,8.5,15.0,6.5,4100,1,0.0,6825,40.8,8,49.0,0,1,7200,2,0.00,0xEE,0,0
7050,8.6,15.0,6.4,4100,1,0.0,6825,39.9,9,50.0,0,1,7200,2,0.00,0xEE,0,0
7066,8.9,15.0,6.1,4100,1,0.0,6758,40.0,9,50.0,0,1,7200,2,0.00,0xEE,0,0
7097,9.2,15.0,5.8,4100,1,0.0,6758,39.6,9,50.0,0,1,7200,2,0.00,0xEE,0,0
7112,9.6,15.0,5.4,4100,1,0.0,6822,39.7,9,50.0,0,1,7200,2,0.00,0xEE,0,0
7128,9.8,15.0,5.2,4100,1,0.0,6824,39.1,9,50.0,0,1,7200,2,0.00,0xEE,0,0
7143,10.0,15.0,5.0,4060,1,0.5,6758,38.9,1,50.0,0,1,6588,2,0.00,0xEE,0,0
7237,10.3,15.0,4.7,3860,1,1.5,6791,38.7,76,50.0,0,1,6568,2,0.00,0xEE,0,0
7267,11.0,15.0,4.0,3832,1,3.7,6784,38.0,6,50.0,0,1,6524,2,0.00,0xEE,0,0
7283,11.3,15.0,3.7,3804,1,5.8,6706,37.8,8,50.0,0,1,6483,2,0.00,0xEE,0,0
7298,11.6,15.0,3.4,3800,1,8.0,6696,37.3,9,50.0,0,1,6440,2,0.00,0xEE,0,0
7329,11.8,15.0,3.2,3800,1,9.8,6750,37.5,9,50.0,0,1,6407,2,0.00,0xEE,0,0
7345,12.0,15.0,3.0,3800,0,11.3,6740,37.0,9,50.0,0,1,6377,2,0.00,0xEE,0,0
7361,12.3,15.0,2.7,3800,0,12.7,6660,37.0,9,50.0,0,1,6350,2,0.00,0xEE,0,0
7392,12.5,15.0,2.5,3800,0,13.5,6651,36.0,9,50.0,0,1,6333,2,0.00,0xEE,0,0
7407,13.0,15.0,2.0,3800,0,14.7,6703,36.2,1,50.0,0,1,6308,2,0.00,0xEE,0,0
7423,13.3,15.0,1.7,3800,0,15.0,6691,35.8,3,50.0,0,1,6300,2,0.00,0xEE,0,0
7438,13.5,15.0,1.5,3800,0,15.2,6683,35.5,5,50.0,0,1,6293,2,0.00,0xEE,0,0
7470,13.8,15.0,1.2,3800,0,15.1,6606,35.6,7,50.0,0,1,6293,2,0.00,0xEE,0,0
7485,14.0,15.0,1.0,3800,0,14.8,6597,35.8,9,50.0,0,1,6296,2,0.00,0xEE,0,0
7501,14.0,15.0,1.0,3800,0,14.0,6651,35.2,9,50.0,0,1,6311,2,0.00,0xEE,0,0
7532,14.1,15.0,0.9,3800,0,12.8,6643,35.4,9,50.0,0,1,6332,2,0.00,0xEE,0,0
7547,14.2,15.0,0.8,3800,0,11.6,6635,35.1,9,50.0,0,1,6353,2,0.00,0xEE,0,0
7562,14.4,15.0,0.6,3800,0,10.5,6560,34.4,9,50.0,0,1,6372,2,0.00,0xEE,0,0
7578,14.9,15.0,0.1,3800,0,8.9,6553,34.2,0,50.0,0,1,6396,2,0.00,0xEE,0,0
7610,15.1,15.0,-0.1,3800,0,8.6,6606,34.3,2,50.0,0,1,6398,2,0.00,0xEE,0,0
7626,15.4,15.0,-0.4,3800,0,8.6,6599,34.1,4,50.0,0,1,6396,2,0.00,0xEE,0,0
7641,15.5,15.0,-0.5,3800,0,8.5,6591,34.1,6,50.0,0,1,6398,2,0.00,0xEE,0,0
7658,15.5,15.0,-0.5,3800,0,8.1,6518,34.2,8,50.0,0,1,6405,2,0.00,0xEE,0,0
7749,15.6,15.0,-0.6,3807,0,7.4,6489,33.6,74,50.0,0,1,6417,2,0.00,0xEE,0,0
7765,16.0,15.0,-1.0,3822,0,5.9,6544,33.5,4,50.0,0,1,6443,2,0.00,0xEE,0,0
7796,16.2,15.0,-1.2,3829,0,5.2,6538,33.6,6,50.0,0,1,6454,2,0.00,0xEE,0,0
7811,16.2,15.0,-1.2,3838,0,4.4,6533,33.6,8,50.0,0,1,6470,2,0.00,0xEE,0,0
7826,16.1,15.0,-1.1,3850,0,3.4,6465,33.3,9,50.0,0,1,6488,2,0.00,0xEE,0,0
7842,16.1,15.0,-1.1,3862,0,2.4,6459,33.7,9,50.0,0,1,6507,2,0.00,0xEE,0,0
7872,16.2,15.0,-1.2,3873,0,1.6,6457,33.4,9,50.0,0,1,6521,2,0.00,0xEE,0,0
7888,16.2,15.0,-1.2,3878,0,1.1,6517,33.3,9,50.0,0,1,6530,2,0.00,0xEE,0,0
7903,16.3,15.0,-1.3,3883,0,0.8,6514,33.9,9,50.0,0,1,6535,2,0.00,0xEE,0,0
7934,16.0,15.0,-1.0,3903,0,-0.9,6513,33.4,1,50.0,0,1,6571,2,0.00,0xEE,0,0
7949,16.0,15.0,-1.0,3915,0,-1.7,6448,33.3,3,50.0,0,1,6585,2,0.00,0xEE,0,0
7964,16.1,15.0,-1.1,3915,0,-1.8,6447,33.4,5,50.0,0,1,6586,2,0.00,0xEE,0,0
7995,16.3,15.0,-1.3,3913,0,-1.3,6447,34.1,7,50.0,0,1,6576,2,0.00,0xEE,0,0
8011,16.1,15.0,-1.1,3917,0,-1.4,6510,34.0,9,50.0,0,1,6581,2,0.00,0xEE,0,0
8026,15.9,15.0,-0.9,3923,0,-1.9,6510,34.0,9,50.0,0,1,6593,2,0.00,0xEE,0,0
8041,15.7,15.0,-0.7,3934,0,-2.8,6511,34.4,9,49.0,0,1,6611,2,0.00,0xEE,0,0
8073,15.7,15.0,-0.7,3942,0,-3.4,6448,34.1,9,49.0,0,1,6624,2,0.00,0xEE,0,0
8089,15.6,15.0,-0.6,3952,0,-3.9,6451,34.2,9,49.0,0,1,6634,2,0.00,0xEE,0,0
8105,15.4,15.0,-0.4,3959,0,-4.5,6451,34.3,0,49.0,0,1,6648,2,0.00,0xEE,0,0
8135,15.4,15.0,-0.4,3967,0,-4.7,6453,34.5,2,49.0,0,1,6653,2,0.00,0xEE,0,0
8151,15.3,15.0,-0.3,3966,0,-4.6,6518,34.2,4,49.0,0,1,6653,2,0.00,0xEE,0,0
8166,15.3,15.0,-0.3,3967,0,-4.6,6520,35.0,6,49.0,0,1,6653,2,0.00,0xEE,0,0
8259,15.3,15.0,-0.3,3972,0,-4.6,6531,35.0,90,49.0,0,1,6653,2,0.00,0xEE,0,0
8275,14.6,15.0,0.4,3984,0,-4.8,6471,35.7,1,49.0,0,1,6671,2,0.00,0xEE,0,0
8291,14.1,15.0,0.9,4002,0,-6.1,6475,36.4,3,49.0,0,1,6700,2,0.00,0xEE,0,0
8321,13.8,15.0,1.2,4024,0,-7.6,6478,35.9,5,49.0,0,1,6732,2,0.00,0xEE,0,0
8337,13.7,15.0,1.3,4036,0,-8.6,6544,35.9,7,49.0,0,1,6751,2,0.00,0xEE,0,0
8352,13.7,15.0,1.3,4040,0,-9.0,6548,36.0,9,49.0,0,1,6759,2,0.00,0xEE,0,0
8368,13.7,15.0,1.3,4042,0,-8.9,6553,36.0,9,49.0,0,1,6758,2,0.00,0xEE,0,0
8399,13.7,15.0,1.3,4041,0,-8.5,6496,36.5,9,49.0,0,1,6752,2,0.00,0xEE,0,0
8415,13.5,15.0,1.5,4041,0,-8.2,6500,36.4,9,49.0,0,1,6749,2,0.00,0xEE,0,0
8430,13.3,15.0,1.7,4041,0,-7.9,6504,37.1,9,49.0,0,1,6747,2,0.00,0xEE,0,0
8446,12.6,15.0,2.4,4048,0,-8.9,6574,37.6,0,49.0,0,1,6775,2,0.00,0xEE,0,0
8477,12.3,15.0,2.7,4071,0,-9.9,6580,37.5,2,49.0,0,1,6797,2,0.00,0xEE,0,0
8492,12.1,15.0,2.9,4079,0,-10.5,6584,37.5,4,49.0,0,1,6810,2,0.00,0xEE,0,0
8507,12.1,15.0,2.9,4086,0,-10.6,6528,37.8,6,49.0,0,1,6814,2,0.00,0xEE,0,0
8538,12.0,15.0,3.0,4088,1,-10.4,6533,38.0,8,49.0,0,1,6813,2,0.00,0xEE,0,0
8568,11.8,15.0,3.2,4086,1,-10.2,6606,38.6,9,49.0,0,1,6812,2,0.00,0xEE,0,0
8568,11.4,15.0,3.6,4092,1,-10.4,6610,38.7,9,49.0,0,1,6821,2,0.00,0xEE,0,0
8599,11.1,15.0,3.9,4099,1,-10.8,6618,38.5,9,49.0,0,1,6832,2,0.00,0xEE,0,0
8614,11.0,15.0,4.0,4100,1,-11.0,6561,38.3,9,49.0,0,1,6839,2,0.00,0xEE,0,0
8630,11.0,15.0,4.0,4098,1,-9.6,6567,38.8,0,49.0,0,1,6815,2,0.00,0xEE,0,0
8645,10.9,15.0,4.1,4079,1,-8.6,6638,39.5,1,49.0,0,1,6799,2,0.00,0xEE,0,0
8676,10.7,15.0,4.3,4073,1,-8.0,6645,39.1,3,49.0,0,1,6791,2,0.00,0xEE,0,0
8753,10.7,15.0,4.3,4075,1,-8.0,6603,39.1,87,49.0,0,1,6791,2,0.00,0xEE,0,0
8784,10.4,15.0,4.6,4076,1,-7.6,6607,39.8,9,49.0,0,1,6788,2,0.00,0xEE,0,0
8800,9.8,15.0,5.2,4068,1,-6.3,6610,40.3,1,49.0,0,1,6772,2,0.00,0xEE,0,0
8815,9.6,15.0,5.4,4068,1,-6.2,6680,40.2,3,49.0,0,1,6774,2,0.00,0xEE,0,0
8831,9.4,15.0,5.6,4070,1,-6.3,6684,40.9,5,49.0,0,1,6777,2,0.00,0xEE,0,0
8862,9.2,15.0,5.8,4074,1,-6.3,6623,40.1,6,49.0,0,1,6780,2,0.00,0xEE,0,0
8879,9.1,15.0,5.9,4077,1,-6.4,6626,40.5,8,49.0,0,1,6782,2,0.00,0xEE,0,0
8894,9.1,15.0,5.9,4075,1,-6.2,6696,40.6,9,49.0,0,1,6780,2,0.00,0xEE,0,0
8909,8.9,15.0,6.1,4074,1,-6.1,6697,40.7,9,49.0,0,1,6781,2,0.00,0xEE,0,0
8940,8.9,15.0,6.1,4071,1,-5.8,6702,40.5,9,49.0,0,1,6776,2,0.00,0xEE,0,0
8955,8.8,15.0,6.2,4070,1,-5.5,6641,41.5,9,49.0,0,1,6771,2,0.00,0xEE,0,0
8971,8.6,15.0,6.4,4069,1,-5.0,6644,40.8,0,49.0,0,1,6764,2,0.00,0xEE,0,0
9002,8.6,15.0,6.4,4064,1,-4.7,6712,41.2,2,49.0,0,1,6761,2,0.00,0xEE,0,0
9018,8.5,15.0,6.5,4062,1,-4.5,6715,41.2,4,49.0,0,1,6759,2,0.00,0xEE,0,0
9033,8.3,15.0,6.7,4063,1,-4.4,6653,41.6,6,49.0,0,1,6758,2,0.00,0xEE,0,0
9065,8.1,15.0,6.9,4070,1,-4.7,6656,42.0,8,46.8,0,1,6766,2,0.00,0xEE,0,0
9080,8.0,15.0,7.0,4073,1,-5.0,6721,41.5,9,46.8,0,1,6774,2,0.00,0xEE,0,0
9095,7.7,15.0,7.3,4082,1,-5.7,6726,42.0,9,46.8,0,1,6790,2,0.00,0xEE,0,0
9111,7.6,15.0,7.4,4091,1,-6.3,6663,41.9,9,46.8,0,1,6802,2,0.00,0xEE,0,0
9142,7.5,15.0,7.5,4098,1,-6.6,6668,41.5,9,46.8,0,1,6810,2,0.00,0xEE,0,0
9158,7.6,15.0,7.4,4097,1,-6.4,6735,41.8,9,46.8,0,1,6806,2,0.00,0xEE,0,0
9173,7.7,15.0,7.3,4074,1,-4.6,6738,41.9,1,46.8,0,1,6770,2,0.00,0xEE,0,0
9266,7.7,15.0,7.3,4074,1,-4.6,6684,41.9,85,46.8,0,1,6770,2,0.00,0xEE,0,0
9281,7.8,15.0,7.2,4071,1,-4.1,6685,41.6,9,46.8,0,1,6762,2,0.00,0xEE,0,0
9296,7.7,15.0,7.3,4054,1,-2.6,6752,41.9,9,46.8,0,1,6737,2,0.00,0xEE,0,0
9328,7.6,15.0,7.4,4038,1,-0.3,6753,41.6,0,46.8,0,1,6696,2,0.00,0xEE,0,0
9343,7.6,15.0,7.4,4019,1,0.6,6690,42.2,2,46.8,0,1,6680,2,0.00,0xEE,0,0
9358,7.6,15.0,7.4,4014,1,1.2,6688,41.9,4,46.8,0,1,6670,2,0.00,0xEE,0,0
9374,7.6,15.0,7.4,4009,1,1.5,6753,41.9,6,46.8,0,1,6665,2,0.00,0xEE,0,0
9405,7.5,15.0,7.5,4007,1,1.6,6753,41.6,8,46.8,0,1,6664,2,0.00,0xEE,0,0
9421,7.6,15.0,7.4,4007,1,1.7,6687,41.8,9,46.8,0,1,6662,2,0.00,0xEE,0,0
9436,7.6,15.0,7.4,4008,1,1.8,6685,42.0,9,46.8,0,1,6661,2,0.00,0xEE,0,0
9468,7.6,15.0,7.4,4005,1,1.8,6749,41.4,9,46.8,0,1,6660,2,0.00,0xEE,0,0
9484,7.8,15.0,7.2,3999,1,2.1,6749,41.3,9,46.8,0,1,6653,2,0.00,0xEE,0,0
9499,7.9,15.0,7.1,3992,1,2.6,6681,41.6,9,46.8,0,1,6643,2,0.00,0xEE,0,0
9514,8.0,15.0,7.0,3985,1,3.5,6680,42.1,1,46.8,0,1,6626,2,0.00,0xEE,0,0
9545,8.0,15.0,7.0,3988,1,3.4,6741,41.5,3,46.8,0,1,6628,2,0.00,0xEE,0,0
9560,7.9,15.0,7.1,3992,1,2.9,6740,41.6,5,46.8,0,1,6639,2,0.00,0xEE,0,0
9576,7.9,15.0,7.1,3995,1,2.4,6737,41.2,7,46.8,0,1,6647,2,0.00,0xEE,0,0
9607,8.0,15.0,7.0,3998,1,2.1,6671,41.3,9,46.8,0,1,6652,2,0.00,0xEE,0,0
9623,8.1,15.0,6.9,3999,1,2.0,6669,41.5,9,46.8,0,1,6653,2,0.00,0xEE,0,0
9638,8.1,15.0,6.9,3997,1,2.0,6732,40.9,9,46.8,0,1,6652,2,0.00,0xEE,0,0
9654,8.2,15.0,6.8,3996,1,2.0,6730,41.2,9,46.8,0,1,6653,2,0.00,0xEE,0,0
9683,8.3,15.0,6.7,3995,1,2.2,6663,40.7,9,46.8,0,1,6647,2,0.00,0xEE,0,0
9760,8.3,15.0,6.7,3995,1,2.4,6721,41.2,73,46.8,0,1,6644,2,0.00,0xEE,0,0
9791,8.5,15.0,6.5,3992,1,2.4,6720,40.4,8,46.8,0,1,6642,2,0.00,0xEE,0,0
9806,8.7,15.0,6.3,3987,1,2.6,6718,40.5,9,46.8,0,1,6636,2,0.00,0xEE,0,0
9821,8.9,15.0,6.1,3978,1,3.4,6651,40.4,9,46.8,0,1,6619,2,0.00,0xEE,0,0
9852,9.0,15.0,6.0,3972,1,4.4,6715,40.3,0,46.8,0,1,6600,2,0.00,0xEE,0,0
9868,9.0,15.0,6.0,3965,1,4.4,6714,40.6,1,46.8,0,1,6601,2,0.00,0xEE,0,0
9883,9.1,15.0,5.9,3963,1,4.4,6712,40.2,3,46.8,0,1,6601,2,0.00,0xEE,0,0
9898,9.1,15.0,5.9,3966,1,4.2,6645,40.3,5,46.8,0,1,6604,2,0.00,0xEE,0,0
9943,9.2,15.0,5.8,3967,1,4.1,6644,40.0,7,46.8,0,1,6605,2,0.00,0xEE,0,0
9943,9.3,15.0,5.7,3965,1,4.1,6706,39.8,9,46.8,0,1,6604,2,0.00,0xEE,0,0
9959,9.4,15.0,5.6,3962,1,4.1,6705,40.1,9,46.8,0,1,6602,2,0.00,0xEE,0,0
9991,9.5,15.0,5.5,3961,1,4.1,6638,40.0,9,46.8,0,1,6602,2,0.00,0xEE,0,0
10007,9.5,15.0,5.5,3966,1,3.8,6635,40.2,9,46.8,0,1,6607,2,0.00,0xEE,0,0
10022,9.4,15.0,5.6,3973,1,3.3,6635,40.1,9,46.8,0,1,6617,2,0.00,0xEE,0,0
10052,9.5,15.0,5.5,3979,1,2.2,6697,39.4,1,46.8,0,1,6636,2,0.00,0xEE,0,0
10068,9.6,15.0,5.4,3981,1,2.2,6696,39.7,3,47.6,0,1,6636,2,0.00,0xEE,0,0
10083,9.8,15.0,5.2,3980,1,2.3,6631,39.8,4,47.6,0,1,6632,2,0.00,0xEE,0,0
10099,9.8,15.0,5.2,3981,1,2.3,6629,39.8,6,47.6,0,1,6632,2,0.00,0xEE,0,0
10130,9.7,15.0,5.3,3982,1,2.1,6693,39.9,8,47.6,0,1,6636,2,0.00,0xEE,0,0
10145,9.7,15.0,5.3,3985,1,1.8,6691,39.7,9,47.6,0,1,6642,2,0.00,0xEE,0,0
10160,9.7,15.0,5.3,3987,1,1.5,6691,39.3,9,47.6,0,1,6647,2,0.00,0xEE,0,0
10191,9.9,15.0,5.1,3987,1,1.6,6626,39.4,9,47.6,0,1,6645,2,0.00,0xEE,0,0
10267,10.0,15.0,5.0,3983,1,1.9,6687,39.6,73,47.6,0,1,6638,2,0.00,0xEE,0,0
10283,10.1,15.0,4.9,3983,1,1.9,6687,39.4,8,47.6,0,1,6636,2,0.00,0xEE,0,0
10315,10.1,15.0,4.9,3982,1,1.9,6687,38.9,9,47.6,0,1,6637,2,0.00,0xEE,0,0
10330,10.1,15.0,4.9,3985,1,1.8,6622,39.7,9,47.6,0,1,6639,2,0.00,0xEE,0,0
10346,10.1,15.0,4.9,3989,1,1.5,6622,39.5,9,47.6,0,1,6644,2,0.00,0xEE,0,0
10362,10.0,15.0,5.0,3992,1,1.1,6684,38.7,9,47.6,0,1,6652,2,0.00,0xEE,0,0
10394,10.1,15.0,4.9,3995,1,0.6,6684,39.8,1,47.6,0,1,6662,2,0.00,0xEE,0,0
10409,10.1,15.0,4.9,4000,1,0.4,6621,39.4,3,47.6,0,1,6664,2,0.00,0xEE,0,0
10425,10.1,15.0,4.9,4003,1,0.3,6619,39.4,5,47.6,0,1,6666,2,0.00,0xEE,0,0
10456,10.1,15.0,4.9,4005,1,0.2,6684,40.2,6,47.6,0,1,6669,2,0.00,0xEE,0,0
10471,10.1,15.0,4.9,4005,1,0.1,6684,39.3,8,47.6,0,1,6671,2,0.00,0xEE,0,0
10487,10.1,15.0,4.9,4004,1,0.0,6685,39.4,9,47.6,0,1,6672,2,0.00,0xEE,0,0
10503,10.1,15.0,4.9,4007,1,-0.1,6621,39.5,9,47.6,0,1,6674,2,0.00,0xEE,0,0
10534,10.1,15.0,4.9,4010,1,-0.2,6621,39.9,9,47.6,0,1,6677,2,0.00,0xEE,0,0
10550,10.0,15.0,5.0,4010,1,-0.4,6685,39.5,9,47.6,0,1,6681,2,0.00,0xEE,0,0
10565,10.0,15.0,5.0,4012,1,-0.7,6687,39.3,0,47.6,0,1,6686,2,0.00,0xEE,0,0
10597,10.1,15.0,4.9,4010,1,-0.6,6625,39.5,2,47.6,0,1,6684,2,0.00,0xEE,0,0
10612,10.1,15.0,4.9,4011,1,-0.5,6626,39.8,4,47.6,0,1,6683,2,0.00,0xEE,0,0
10627,10.0,15.0,5.0,4015,1,-0.7,6626,39.7,5,47.6,0,1,6687,2,0.00,0xEE,0,0
10643,9.8,15.0,5.2,4020,1,-1.1,6693,40.3,7,47.6,0,1,6697,2,0.00,0xEE,0,0
10675,9.7,15.0,5.3,4028,1,-1.8,6691,40.0,9,47.6,0,1,6712,2,0.00,0xEE,0,0
10690,9.6,15.0,5.4,4039,1,-2.6,6628,39.7,9,47.6,0,1,6727,2,0.00,0xEE,0,0
10767,9.5,15.0,5.5,4049,1,-3.2,6700,40.5,73,47.6,0,1,6740,2,0.00,0xEE,0,0
10798,9.6,15.0,5.4,4040,1,-2.5,6702,39.3,7,47.6,0,1,6727,2,0.00,0xEE,0,0
10813,9.9,15.0,5.1,4024,1,-1.3,6703,39.1,9,47.6,0,1,6702,2,0.00,0xEE,0,0
10828,10.0,15.0,5.0,4009,1,0.1,6641,39.9,9,47.6,0,1,6674,2,0.00,0xEE,0,0
10859,10.2,15.0,4.8,3992,1,1.7,6644,39.3,9,47.6,0,1,6643,2,0.00,0xEE,0,0
10875,10.0,15.0,5.0,3983,1,2.5,6708,39.8,9,47.6,0,1,6632,2,0.00,0xEE,0,0
10891,9.9,15.0,5.1,3981,1,2.6,6706,39.7,9,47.6,0,1,6631,2,0.00,0xEE,0,0
10906,9.8,15.0,5.2,3984,1,2.0,6641,39.9,0,47.6,0,1,6645,2,0.00,0xEE,0,0
10937,9.8,15.0,5.2,3993,1,1.6,6641,39.3,2,47.6,0,1,6651,2,0.00,0xEE,0,0
10953,9.8,15.0,5.2,3998,1,1.2,6641,39.7,4,47.6,0,1,6658,2,0.00,0xEE,0,0
10968,9.8,15.0,5.2,4001,1,0.9,6705,39.9,6,47.6,0,1,6664,2,0.00,0xEE,0,0
10998,9.8,15.0,5.2,4003,1,0.6,6705,39.3,7,47.6,0,1,6670,2,0.00,0xEE,0,0
11013,9.8,15.0,5.2,4008,1,0.3,6640,39.7,9,47.6,0,1,6676,2,0.00,0xEE,0,0
11028,9.8,15.0,5.2,4012,1,0.0,6641,40.0,9,47.6,0,1,6680,2,0.00,0xEE,0,0
11059,9.8,15.0,5.2,4013,1,-0.2,6705,39.4,9,47.6,0,1,6684,2,0.00,0xEE,0,0
11075,9.7,15.0,5.3,4016,1,-0.5,6706,39.9,9,48.6,0,1,6691,2,0.00,0xEE,0,0
11090,9.7,15.0,5.3,4020,1,-0.7,6641,39.7,9,48.6,0,1,6695,2,0.00,0xEE,0,0
11106,9.7,15.0,5.3,4028,1,-1.3,6643,40.0,1,48.6,0,1,6706,2,0.00,0xEE,0,0
11137,9.6,15.0,5.4,4034,1,-1.6,6644,40.3,3,48.6,0,1,6714,2,0.00,0xEE,0,0
11153,9.5,15.0,5.5,4036,1,-1.9,6708,39.7,5,48.6,0,1,6720,2,0.00,0xEE,0,0
11169,9.6,15.0,5.4,4035,1,-2.0,6709,39.8,7,48.6,0,1,6720,2,0.00,0xEE,0,0
11200,9.6,15.0,5.4,4034,1,-1.7,6645,39.8,8,48.6,0,1,6715,2,0.00,0xEE,0,0
11276,9.7,15.0,5.3,4031,1,-1.3,6715,39.9,73,48.6,0,1,6707,2,0.00,0xEE,0,0
11291,9.7,15.0,5.3,4023,1,-0.7,6717,40.1,4,48.6,0,1,6697,2,0.00,0xEE,0,0
11322,9.6,15.0,5.4,4019,1,-0.5,6717,40.3,6,48.6,0,1,6696,2,0.00,0xEE,0,0
11338,9.5,15.0,5.5,4023,1,-0.6,6653,39.6,8,48.6,0,1,6699,2,0.00,0xEE,0,0
11353,9.3,15.0,5.7,4030,1,-1.0,6654,40.5,9,48.6,0,1,6708,2,0.00,0xEE,0,0
11384,9.3,15.0,5.7,4030,1,-1.2,6720,40.0,9,48.6,0,1,6711,2,0.00,0xEE,0,0
11400,9.4,15.0,5.6,4029,1,-1.2,6720,39.6,9,48.6,0,1,6711,2,0.00,0xEE,0,0
11415,9.6,15.0,5.4,4024,1,-0.7,6657,39.8,9,48.6,0,1,6700,2,0.00,0xEE,0,0
11431,9.6,15.0,5.4,4019,1,-0.1,6656,39.9,9,48.6,0,1,6689,2,0.00,0xEE,0,0
11463,9.7,15.0,5.3,4005,1,1.0,6723,39.9,1,48.6,0,1,6669,2,0.00,0xEE,0,0
11478,9.6,15.0,5.4,4002,1,1.2,6723,40.0,3,48.6,0,1,6666,2,0.00,0xEE,0,0
11493,9.6,15.0,5.4,4005,1,1.1,6659,40.0,5,48.6,0,1,6669,2,0.00,0xEE,0,0
11524,9.5,15.0,5.5,4009,1,0.9,6657,39.9,7,48.6,0,1,6673,2,0.00,0xEE,0,0
11540,9.5,15.0,5.5,4013,1,0.6,6721,40.3,9,48.6,0,1,6678,2,0.00,0xEE,0,0
11556,9.4,15.0,5.6,4018,1,0.1,6721,40.4,9,48.6,0,1,6689,2,0.00,0xEE,0,0
11572,9.2,15.0,5.8,4026,1,-0.7,6720,40.4,9,48.6,0,1,6705,2,0.00,0xEE,0,0
11603,9.1,15.0,5.9,4039,1,-1.6,6654,39.7,9,48.6,0,1,6723,2,0.00,0xEE,0,0
11618,9.2,15.0,5.8,4043,1,-2.0,6657,40.0,9,48.6,0,1,6729,2,0.00,0xEE,0,0
11633,9.6,15.0,5.4,4037,1,-1.0,6721,40.0,0,48.6,0,1,6708,2,0.00,0xEE,0,0
11665,9.6,15.0,5.4,4019,1,-0.3,6721,39.8,2,48.6,0,1,6694,2,0.00,0xEE,0,0
11680,9.6,15.0,5.4,4014,1,0.3,6657,39.5,4,48.6,0,1,6683,2,0.00,0xEE,0,0
11695,9.8,15.0,5.2,4006,1,1.2,6657,39.6,6,48.6,0,1,6666,2,0.00,0xEE,0,0
11774,9.8,15.0,5.2,4005,1,1.2,6718,39.6,89,48.6,0,1,6666,2,0.00,0xEE,0,0
11804,9.9,15.0,5.1,4003,1,1.8,6718,39.4,1,48.6,0,1,6654,2,0.00,0xEE,0,0
11820,9.9,15.0,5.1,3993,1,2.1,6653,40.0,2,48.6,0,1,6650,2,0.00,0xEE,0,0
11836,9.8,15.0,5.2,3995,1,2.1,6653,39.7,4,48.6,0,1,6650,2,0.00,0xEE,0,0
11866,9.8,15.0,5.2,3999,1,1.8,6717,39.8,6,48.6,0,1,6656,2,0.00,0xEE,0,0
11896,9.8,15.0,5.2,4001,1,1.5,6715,39.3,8,48.6,0,1,6662,2,0.00,0xEE,0,0
11896,9.8,15.0,5.2,4001,1,1.4,6715,39.5,9,48.6,0,1,6664,2,0.00,0xEE,0,0
11912,10.0,15.0,5.0,4000,1,1.5,6650,39.4,9,48.6,0,1,6659,2,0.00,0xEE,0,0
11944,10.1,15.0,4.9,3997,1,1.8,6650,39.3,9,48.6,0,1,6653,2,0.00,0xEE,0,0
11959,10.1,15.0,4.9,3991,1,2.2,6712,39.3,9,48.6,0,1,6646,2,0.00,0xEE,0,0
11975,10.2,15.0,4.8,3985,1,2.6,6712,39.2,0,48.6,0,1,6638,2,0.00,0xEE,0,0
12021,10.2,15.0,4.8,3983,1,2.5,6645,39.4,1,48.6,0,1,6640,2,0.00,0xEE,0,0
12021,10.2,15.0,4.8,3988,1,2.3,6645,39.3,3,48.6,0,1,6644,2,0.00,0xEE,0,0
12037,10.1,15.0,4.9,3994,1,1.9,6709,39.8,5,48.6,0,1,6651,2,0.00,0xEE,0,0
12053,10.1,15.0,4.9,3999,1,1.4,6708,39.6,7,48.6,0,1,6662,2,0.00,0xEE,0,0
12083,9.9,15.0,5.1,4009,1,0.4,6644,39.8,9,48.7,0,1,6681,2,0.00,0xEE,0,0
12099,9.8,15.0,5.2,4023,1,-0.6,6643,39.7,9,48.7,0,1,6701,2,0.00,0xEE,0,0
12115,9.8,15.0,5.2,4034,1,-1.5,6643,38.8,9,48.7,0,1,6718,2,0.00,0xEE,0,0
12145,9.9,15.0,5.1,4035,1,-1.8,6708,39.4,9,48.7,0,1,6721,2,0.00,0xEE,0,0
12161,10.1,15.0,4.9,4029,1,-1.4,6708,39.1,9,48.7,0,1,6712,2,0.00,0xEE,0,0
12175,10.3,15.0,4.7,4020,1,0.2,6644,39.1,0,48.7,0,1,6681,2,0.00,0xEE,0,0
12206,10.3,15.0,4.7,4004,1,0.9,6645,39.1,2,48.7,0,1,6669,2,0.00,0xEE,0,0
12267,10.3,15.0,4.7,4004,1,0.9,6644,39.1,72,48.7,0,1,6669,2,0.00,0xEE,0,0
12298,10.4,15.0,4.6,4001,1,1.4,6644,39.0,2,48.7,0,1,6660,2,0.00,0xEE,0,0
12314,10.5,15.0,4.5,3998,1,1.7,6709,39.0,4,48.7,0,1,6654,2,0.00,0xEE,0,0
12329,10.5,15.0,4.5,3993,1,2.0,6709,39.0,6,48.7,0,1,6649,2,0.00,0xEE,0,0
12344,10.5,15.0,4.5,3989,1,2.1,6644,38.8,8,48.7,0,1,6645,2,0.00,0xEE,0,0
12375,10.6,15.0,4.4,3988,1,2.4,6643,38.7,9,48.7,0,1,6640,2,0.00,0xEE,0,0
12391,10.7,15.0,4.3,3986,1,2.6,6706,38.9,9,48.7,0,1,6635,2,0.00,0xEE,0,0
12406,10.8,15.0,4.2,3980,1,2.9,6706,38.3,9,48.7,0,1,6629,2,0.00,0xEE,0,0
12438,10.9,15.0,4.1,3974,1,3.3,6705,38.5,9,48.7,0,1,6621,2,0.00,0xEE,0,0
12453,11.0,15.0,4.0,3970,1,3.7,6638,39.0,9,48.7,0,1,6613,2,0.00,0xEE,0,0
12469,10.8,15.0,4.2,3972,1,3.0,6637,38.9,1,48.7,0,1,6627,2,0.00,0xEE,0,0
12484,10.6,15.0,4.4,3992,1,2.1,6699,38.9,3,48.7,0,1,6646,2,0.00,0xEE,0,0
12515,10.6,15.0,4.4,3999,1,1.2,6699,38.6,5,48.7,0,1,6661,2,0.00,0xEE,0,0
12530,10.7,15.0,4.3,4003,1,0.7,6632,38.3,7,48.7,0,1,6669,2,0.00,0xEE,0,0
12546,10.9,15.0,4.1,4002,1,0.8,6631,38.3,9,48.7,0,1,6665,2,0.00,0xEE,0,0
12577,11.1,15.0,3.9,3996,1,1.4,6696,38.2,9,48.7,0,1,6653,2,0.00,0xEE,0,0
12592,11.3,15.0,3.7,3986,1,2.1,6694,37.5,9,48.7,0,1,6639,2,0.00,0xEE,0,0
12608,11.3,15.0,3.7,3979,1,2.6,6693,38.4,9,48.7,0,1,6628,2,0.00,0xEE,0,0
12623,11.3,15.0,3.7,3978,1,2.9,6628,38.4,9,48.7,0,1,6625,2,0.00,0xEE,0,0
12654,11.1,15.0,3.9,3981,1,2.3,6628,38.2,0,48.7,0,1,6637,2,0.00,0xEE,0,0
12671,11.2,15.0,3.8,3990,1,2.0,6690,38.2,2,48.7,0,1,6641,2,0.00,0xEE,0,0
12686,11.3,15.0,3.7,3989,1,1.9,6688,37.6,4,48.7,0,1,6643,2,0.00,0xEE,0,0
12780,11.3,15.0,3.7,3988,1,1.8,6621,38.2,79,48.7,0,1,6643,2,0.00,0xEE,0,0
12810,11.6,15.0,3.4,3988,1,1.8,6621,37.5,8,48.7,0,1,6641,2,0.00,0xEE,0,0
12826,11.6,15.0,3.4,3987,1,1.8,6684,38.3,9,48.7,0,1,6642,2,0.00,0xEE,0,0
12842,11.8,15.0,3.2,3979,1,2.3,6684,37.4,9,48.7,0,1,6630,2,0.00,0xEE,0,0
12857,11.8,15.0,3.2,3977,1,2.5,6619,37.7,9,48.7,0,1,6627,2,0.00,0xEE,0,0
12888,11.9,15.0,3.1,3972,1,2.9,6619,38.3,9,48.7,0,1,6617,2,0.00,0xEE,0,0
12904,11.8,15.0,3.2,3978,1,2.6,6618,38.0,1,48.7,0,1,6625,2,0.00,0xEE,0,0
12920,11.8,15.0,3.2,3979,1,2.3,6680,37.5,3,48.7,0,1,6629,2,0.00,0xEE,0,0
12950,11.9,15.0,3.1,3979,1,2.2,6678,37.5,5,48.7,0,1,6631,2,0.00,0xEE,0,0
12966,12.1,15.0,2.9,3978,0,2.4,6612,37.2,7,48.7,0,1,6626,2,0.00,0xEE,0,0
12981,12.2,15.0,2.8,3975,0,2.7,6613,36.9,9,48.7,0,1,6619,2,0.00,0xEE,0,0
12997,12.3,15.0,2.7,3971,0,3.1,6675,37.1,9,48.7,0,1,6609,2,0.00,0xEE,0,0
13028,12.5,15.0,2.5,3961,0,3.8,6672,37.0,9,48.7,0,1,6596,2,0.00,0xEE,0,0
13043,12.6,15.0,2.4,3954,0,4.3,6672,36.9,9,48.7,0,1,6586,2,0.00,0xEE,0,0
13059,12.6,15.0,2.4,3952,0,4.5,6606,37.2,9,48.7,0,1,6581,2,0.00,0xEE,0,0
13090,12.4,15.0,2.6,3955,0,3.8,6605,37.4,0,47.9,0,1,6596,2,0.00,0xEE,0,0
13105,12.4,15.0,2.6,3969,0,3.0,6668,36.9,2,47.9,0,1,6611,2,0.00,0xEE,0,0
13121,12.4,15.0,2.6,3976,0,2.2,6666,37.2,4,47.9,0,1,6626,2,0.00,0xEE,0,0
13137,12.4,15.0,2.6,3983,0,1.5,6600,37.3,6,47.9,0,1,6639,2,0.00,0xEE,0,0
13169,12.4,15.0,2.6,3992,0,0.8,6599,37.0,8,47.9,0,1,6651,2,0.00,0xEE,0,0
13185,12.4,15.0,2.6,3998,0,0.4,6599,36.8,9,47.9,0,1,6658,2,0.00,0xEE,0,0
13201,12.5,15.0,2.5,3998,0,0.2,6663,37.0,9,47.9,0,1,6660,2,0.00,0xEE,0,0
13293,12.7,15.0,2.3,3996,0,0.4,6599,36.5,73,47.9,0,1,6655,2,0.00,0xEE,0,0
13309,12.7,15.0,2.3,3996,0,0.5,6599,36.8,8,47.9,0,1,6653,2,0.00,0xEE,0,0
13325,12.9,15.0,2.1,3990,0,1.1,6599,36.3,9,47.9,0,1,6641,2,0.00,0xEE,0,0
13340,13.1,15.0,1.9,3978,0,1.9,6663,36.2,9,47.9,0,1,6623,2,0.00,0xEE,0,0
13372,13.3,15.0,1.7,3963,0,3.0,6663,36.1,9,47.9,0,1,6601,2,0.00,0xEE,0,0
13387,13.4,15.0,1.6,3951,0,4.0,6662,36.4,9,47.9,0,1,6582,2,0.00,0xEE,0,0
13402,13.3,15.0,1.7,3948,0,4.5,6599,36.4,9,47.9,0,1,6574,2,0.00,0xEE,0,0
13433,13.2,15.0,1.8,3950,0,4.1,6597,36.6,0,47.9,0,1,6583,2,0.00,0xEE,0,0
13449,13.2,15.0,1.8,3959,0,3.6,6659,36.2,2,47.9,0,1,6592,2,0.00,0xEE,0,0
13465,13.2,15.0,1.8,3965,0,2.9,6659,36.5,4,47.9,0,1,6605,2,0.00,0xEE,0,0
13480,13.2,15.0,1.8,3969,0,2.4,6593,36.2,6,47.9,0,1,6613,2,0.00,0xEE,0,0
13512,13.2,15.0,1.8,3977,0,1.8,6591,36.5,8,47.9,0,1,6625,2,0.00,0xEE,0,0
13526,13.3,15.0,1.7,3983,0,1.4,6591,36.3,9,47.9,0,1,6632,2,0.00,0xEE,0,0
13542,13.2,15.0,1.8,3987,0,0.9,6656,36.2,9,47.9,0,1,6641,2,0.00,0xEE,0,0
13573,13.3,15.0,1.7,3988,0,0.7,6656,36.2,9,47.9,0,1,6643,2,0.00,0xEE,0,0
13589,13.4,15.0,1.6,3990,0,0.6,6593,36.4,9,47.9,0,1,6644,2,0.00,0xEE,0,0
13604,13.3,15.0,1.7,3992,0,0.4,6593,36.4,0,47.9,0,1,6649,2,0.00,0xEE,0,0
13634,13.4,15.0,1.6,3996,0,0.4,6593,36.0,2,47.9,0,1,6649,2,0.00,0xEE,0,0
13650,13.5,15.0,1.5,3991,0,0.5,6657,36.0,4,47.9,0,1,6645,2,0.00,0xEE,0,0
13666,13.6,15.0,1.4,3984,0,0.9,6659,36.4,6,47.9,0,1,6636,2,0.00,0xEE,0,0
13681,13.5,15.0,1.5,3986,0,1.0,6596,36.3,7,47.9,0,1,6636,2,0.00,0xEE,0,0
13712,13.4,15.0,1.6,3992,0,0.6,6596,36.4,9,47.9,0,1,6645,2,0.00,0xEE,0,0
13774,13.3,15.0,1.7,3999,0,0.0,6597,36.3,60,47.9,0,1,6656,2,0.00,0xEE,0,0
13805,13.2,15.0,1.8,4002,0,-0.1,6599,36.4,9,47.9,0,1,6660,2,0.00,0xEE,0,0
13821,13.3,15.0,1.7,4005,0,-0.5,6663,36.3,9,47.9,0,1,6666,2,0.00,0xEE,0,0
13837,13.3,15.0,1.7,4006,0,-0.7,6665,36.3,9,47.9,0,1,6670,2,0.00,0xEE,0,0
13852,13.3,15.0,1.7,4006,0,-0.8,6602,36.5,9,47.9,0,1,6671,2,0.00,0xEE,0,0
13884,13.3,15.0,1.7,4009,0,-0.9,6602,36.4,9,47.9,0,1,6674,2,0.00,0xEE,0,0
13900,13.2,15.0,1.8,4014,0,-1.3,6603,36.3,1,47.9,0,1,6683,2,0.00,0xEE,0,0
13914,13.1,15.0,1.9,4020,0,-1.5,6669,37.2,3,47.9,0,1,6687,2,0.00,0xEE,0,0
13945,13.2,15.0,1.8,4017,0,-1.4,6669,36.2,5,47.9,0,1,6684,2,0.00,0xEE,0,0
13962,13.3,15.0,1.7,4012,0,-1.1,6607,36.2,7,47.9,0,1,6677,2,0.00,0xEE,0,0
13977,13.4,15.0,1.6,4006,0,-0.5,6609,36.9,9,47.9,0,1,6666,2,0.00,0xEE,0,0
13992,13.2,15.0,1.8,4009,0,-0.5,6610,36.9,9,47.9,0,1,6669,2,0.00,0xEE,0,0
14023,12.9,15.0,2.1,4016,0,-1.1,6677,36.1,9,47.9,0,1,6683,2,0.00,0xEE,0,0
14039,12.8,15.0,2.2,4024,0,-1.9,6677,36.6,9,47.9,0,1,6698,2,0.00,0xEE,0,0
14054,12.9,15.0,2.1,4025,0,-2.2,6615,36.7,9,47.9,0,1,6702,2,0.00,0xEE,0,0
14086,13.0,15.0,2.0,4024,0,-1.9,6616,37.1,0,48.0,0,1,6695,2,0.00,0xEE,0,0
14101,13.0,15.0,2.0,4022,0,-1.7,6681,36.6,2,48.0,0,1,6692,2,0.00,0xEE,0,0
14132,13.0,15.0,2.0,4019,0,-1.4,6684,36.4,4,48.0,0,1,6687,2,0.00,0xEE,0,0
14132,13.1,15.0,1.9,4011,0,-0.9,6619,36.4,6,48.0,0,1,6677,2,0.00,0xEE,0,0
14179,13.1,15.0,1.9,4006,0,-0.2,6619,37.8,8,48.0,0,1,6664,2,0.00,0xEE,0,0
14179,13.1,15.0,1.9,4002,0,0.2,6621,36.7,9,48.0,0,1,6657,2,0.00,0xEE,0,0
14194,12.9,15.0,2.1,4006,0,-0.1,6685,37.1,9,48.0,0,1,6665,2,0.00,0xEE,0,0
14285,12.7,15.0,2.3,4013,0,-0.7,6625,36.9,82,48.0,0,1,6678,2,0.00,0xEE,0,0
14316,12.6,15.0,2.4,4017,0,-0.8,6626,36.7,8,48.0,0,1,6681,2,0.00,0xEE,0,0
14331,12.8,15.0,2.2,4020,0,-1.0,6626,36.6,1,48.0,0,1,6682,2,0.00,0xEE,0,0
14347,12.8,15.0,2.2,4016,0,-0.9,6693,37.1,3,48.0,0,1,6680,2,0.00,0xEE,0,0
14379,12.8,15.0,2.2,4013,0,-0.7,6694,36.9,5,48.0,0,1,6678,2,0.00,0xEE,0,0
14393,12.7,15.0,2.3,4017,0,-0.9,6631,37.0,6,48.0,0,1,6682,2,0.00,0xEE,0,0
14409,12.6,15.0,2.4,4020,0,-1.0,6632,37.0,8,48.0,0,1,6685,2,0.00,0xEE,0,0
14424,12.6,15.0,2.4,4023,0,-1.1,6697,36.7,9,48.0,0,1,6688,2,0.00,0xEE,0,0
14455,12.7,15.0,2.3,4018,0,-1.0,6699,36.7,9,48.0,0,1,6683,2,0.00,0xEE,0,0
14470,12.8,15.0,2.2,4011,0,-0.5,6699,37.1,9,48.0,0,1,6674,2,0.00,0xEE,0,0
14485,12.9,15.0,2.1,4005,0,0.2,6635,36.6,9,48.0,0,1,6661,2,0.00,0xEE,0,0
14517,12.8,15.0,2.2,4004,0,0.5,6635,36.8,0,48.0,0,1,6656,2,0.00,0xEE,0,0
14533,12.7,15.0,2.3,4002,0,0.5,6700,36.8,2,48.0,0,1,6658,2,0.00,0xEE,0,0
14549,12.8,15.0,2.2,3999,0,0.6,6700,37.1,4,48.0,0,1,6655,2,0.00,0xEE,0,0
14564,12.8,15.0,2.2,4000,0,0.7,6635,36.6,6,48.0,0,1,6653,2,0.00,0xEE,0,0
14595,12.8,15.0,2.2,4002,0,0.6,6637,36.9,8,48.0,0,1,6655,2,0.00,0xEE,0,0
14610,12.8,15.0,2.2,4001,0,0.7,6702,36.3,9,48.0,0,1,6653,2,0.00,0xEE,0,0
14626,12.9,15.0,2.1,3996,0,0.9,6700,36.6,9,48.0,0,1,6648,2,0.00,0xEE,0,0
14658,13.0,15.0,2.0,3990,0,1.3,6700,37.0,9,48.0,0,1,6640,2,0.00,0xEE,0,0
14673,13.0,15.0,2.0,3989,0,1.5,6637,36.6,9,48.0,0,1,6636,2,0.00,0xEE,0,0
14689,12.9,15.0,2.1,3993,0,1.3,6635,37.3,9,48.0,0,1,6642,2,0.00,0xEE,0,0
14705,12.5,15.0,2.5,4012,0,-0.4,6700,36.9,1,48.0,0,1,6676,2,0.00,0xEE,0,0
14798,12.5,15.0,2.5,4012,0,-0.4,6700,36.9,85,48.0,0,1,6676,2,0.00,0xEE,0,0
14813,12.6,15.0,2.4,4014,0,-0.5,6635,36.8,9,48.0,0,1,6678,2,0.00,0xEE,0,0
14829,12.7,15.0,2.3,4017,0,-0.7,6635,36.6,9,48.0,0,1,6681,2,0.00,0xEE,0,0
14859,12.9,15.0,2.1,4014,0,-0.2,6700,36.4,0,48.0,0,1,6670,2,0.00,0xEE,0,0
14875,12.8,15.0,2.2,4005,0,0.0,6702,36.9,2,48.0,0,1,6666,2,0.00,0xEE,0,0
14892,12.9,15.0,2.1,4002,0,0.4,6638,36.6,4,48.0,0,1,6659,2,0.00,0xEE,0,0
14923,12.8,15.0,2.2,4004,0,0.4,6638,36.9,6,48.0,0,1,6660,2,0.00,0xEE,0,0
14938,12.9,15.0,2.1,3998,0,0.6,6702,36.3,8,48.0,0,1,6654,2,0.00,0xEE,0,0
14953,13.0,15.0,2.0,3992,0,1.1,6702,35.8,9,48.0,0,1,6645,2,0.00,0xEE,0,0
14969,13.2,15.0,1.8,3980,0,1.9,6702,36.3,9,48.0,0,1,6629,2,0.00,0xEE,0,0
15000,13.4,15.0,1.6,3970,0,2.8,6635,36.1,9,48.0,0,1,6609,2,0.00,0xEE,0,0
15015,13.4,15.0,1.6,3962,0,3.7,6635,36.1,9,48.0,0,1,6593,2,0.00,0xEE,0,0
15031,13.5,15.0,1.5,3953,0,4.3,6699,36.5,9,48.0,0,1,6581,2,0.00,0xEE,0,0
15062,13.3,15.0,1.7,3956,0,4.0,6696,36.5,1,48.0,0,1,6590,2,0.00,0xEE,0,0
15077,13.2,15.0,1.8,3966,0,3.2,6631,36.1,3,48.0,0,1,6604,2,0.00,0xEE,0,0
15092,13.2,15.0,1.8,3975,0,2.5,6628,36.3,5,48.0,0,1,6618,2,0.00,0xEE,0,0
15108,13.3,15.0,1.7,3979,0,1.9,6690,36.4,7,48.0,0,1,6627,2,0.00,0xEE,0,0
15139,13.3,15.0,1.7,3986,0,1.4,6690,36.2,9,48.0,0,1,6637,2,0.00,0xEE,0,0
15155,13.3,15.0,1.7,3990,0,0.9,6690,36.3,9,48.0,0,1,6646,2,0.00,0xEE,0,0
15171,13.3,15.0,1.7,3995,0,0.5,6625,36.1,9,48.0,0,1,6652,2,0.00,0xEE,0,0
15202,13.4,15.0,1.6,3998,0,0.3,6625,36.2,9,48.0,0,1,6655,2,0.00,0xEE,0,0
15218,13.4,15.0,1.6,3997,0,0.3,6688,35.6,9,48.0,0,1,6655,2,0.00,0xEE,0,0
15295,13.5,15.0,1.5,3994,0,0.4,6622,36.0,73,48.0,0,1,6652,2,0.00,0xEE,0,0
15326,13.6,15.0,1.4,3995,0,0.5,6622,36.1,8,48.0,0,1,6650,2,0.00,0xEE,0,0
15342,13.6,15.0,1.4,3993,0,0.7,6622,35.5,9,48.0,0,1,6646,2,0.00,0xEE,0,0
15356,13.8,15.0,1.2,3985,0,1.2,6687,35.6,9,48.0,0,1,6635,2,0.00,0xEE,0,0
15388,14.0,15.0,1.0,3976,0,2.5,6687,35.8,0,48.0,0,1,6608,2,0.00,0xEE,0,0
15403,13.9,15.0,1.1,3966,0,2.8,6621,35.9,2,48.0,0,1,6604,2,0.00,0xEE,0,0
15418,13.9,15.0,1.1,3967,0,2.7,6619,35.7,3,48.0,0,1,6606,2,0.00,0xEE,0,0
15434,13.8,15.0,1.2,3972,0,2.3,6619,36.0,5,48.0,0,1,6614,2,0.00,0xEE,0,0
15466,13.8,15.0,1.2,3974,0,2.0,6683,35.2,7,48.0,0,1,6620,2,0.00,0xEE,0,0
15481,14.0,15.0,1.0,3969,0,2.1,6683,35.2,9,48.0,0,1,6615,2,0.00,0xEE,0,0
15496,14.3,15.0,0.7,3963,0,2.7,6616,36.1,9,48.0,0,1,6601,2,0.00,0xEE,0,0
15512,14.2,15.0,0.8,3964,0,2.8,6615,36.0,9,48.0,0,1,6601,2,0.00,0xEE,0,0
15543,13.9,15.0,1.1,3972,0,2.1,6678,35.4,9,48.0,0,1,6618,2,0.00,0xEE,0,0
15558,13.7,15.0,1.3,3987,0,0.8,6677,35.9,9,48.0,0,1,6644,2,0.00,0xEE,0,0
15573,13.9,15.0,1.1,3993,0,-0.2,6675,35.6,0,48.0,0,1,6659,2,0.00,0xEE,0,0
15603,14.0,15.0,1.0,3996,0,-0.2,6612,36.0,2,48.0,0,1,6656,2,0.00,0xEE,0,0
15619,14.0,15.0,1.0,3998,0,-0.2,6612,35.7,4,48.0,0,1,6657,2,0.00,0xEE,0,0
15635,14.0,15.0,1.0,3998,0,-0.3,6677,35.2,6,48.0,0,1,6659,2,0.00,0xEE,0,0
15666,13.9,15.0,1.1,3999,0,-0.4,6677,36.0,8,48.0,0,1,6663,2,0.00,0xEE,0,0
15681,13.9,15.0,1.1,4003,0,-0.6,6613,35.8,9,48.0,0,1,6666,2,0.00,0xEE,0,0
15696,13.8,15.0,1.2,4008,0,-0.9,6613,35.9,9,48.0,0,1,6672,2,0.00,0xEE,0,0
15712,13.8,15.0,1.2,4012,0,-1.2,6615,35.8,9,48.0,0,1,6678,2,0.00,0xEE,0,0
15804,13.8,15.0,1.2,4010,0,-1.3,6683,35.4,74,48.0,0,1,6681,2,0.00,0xEE,0,0
15820,14.0,15.0,1.0,4007,0,-1.2,6619,35.4,9,48.0,0,1,6676,2,0.00,0xEE,0,0
15851,14.1,15.0,0.9,3998,0,-0.3,6619,35.2,9,48.0,0,1,6659,2,0.00,0xEE,0,0
15882,14.2,15.0,0.8,3987,0,0.7,6684,35.7,9,48.0,0,1,6638,2,0.00,0xEE,0,0
15882,14.3,15.0,0.7,3976,0,1.6,6684,35.3,9,48.0,0,1,6622,2,0.00,0xEE,0,0
15912,14.3,15.0,0.7,3968,0,2.9,6621,35.7,0,48.0,0,1,6598,2,0.00,0xEE,0,0
15927,14.2,15.0,0.8,3961,0,2.8,6618,35.9,1,48.0,0,1,6601,2,0.00,0xEE,0,0
15943,14.1,15.0,0.9,3971,0,2.3,6618,35.2,3,48.0,0,1,6612,2,0.00,0xEE,0,0
15959,14.0,15.0,1.0,3978,0,1.5,6681,35.6,5,48.0,0,1,6628,2,0.00,0xEE,0,0
15990,14.0,15.0,1.0,3984,0,1.0,6680,35.5,7,48.0,0,1,6637,2,0.00,0xEE,0,0
16004,14.1,15.0,0.9,3987,0,0.6,6615,35.9,9,48.0,0,1,6643,2,0.00,0xEE,0,0
16021,14.1,15.0,0.9,3991,0,0.3,6615,35.2,9,48.0,0,1,6648,2,0.00,0xEE,0,0
16052,14.0,15.0,1.0,3999,0,-0.2,6680,35.8,9,48.0,0,1,6658,2,0.00,0xEE,0,0
16068,14.0,15.0,1.0,4002,0,-0.6,6681,35.7,9,48.0,0,1,6666,2,0.00,0xEE,0,0
16084,13.9,15.0,1.1,4008,0,-1.2,6680,35.8,9,47.0,0,1,6678,2,0.00,0xEE,0,0
16100,13.9,15.0,1.1,4013,0,-1.7,6618,35.6,0,47.0,0,1,6685,2,0.00,0xEE,0,0
16130,14.0,15.0,1.0,4012,0,-1.4,6618,35.5,2,47.0,0,1,6679,2,0.00,0xEE,0,0
16146,14.1,15.0,0.9,4008,0,-0.9,6681,35.2,4,47.0,0,1,6671,2,0.00,0xEE,0,0
16161,14.1,15.0,0.9,4000,0,-0.5,6683,35.9,6,47.0,0,1,6661,2,0.00,0xEE,0,0
16191,14.2,15.0,0.8,3993,0,0.1,6616,35.4,8,47.0,0,1,6652,2,0.00,0xEE,0,0
16206,14.2,15.0,0.8,3989,0,0.5,6618,35.4,9,47.0,0,1,6643,2,0.00,0xEE,0,0
16222,14.2,15.0,0.8,3985,0,1.0,6618,35.7,9,47.0,0,1,6634,2,0.00,0xEE,0,0
16315,14.2,15.0,0.8,3981,0,1.1,6680,35.6,73,47.0,0,1,6633,2,0.00,0xEE,0,0
16330,14.0,15.0,1.0,3987,0,0.6,6681,35.4,7,47.0,0,1,6644,2,0.00,0xEE,0,0
16346,14.0,15.0,1.0,3993,0,0.2,6618,35.7,9,47.0,0,1,6651,2,0.00,0xEE,0,0
16362,14.1,15.0,0.9,3996,0,0.0,6619,35.3,9,47.0,0,1,6653,2,0.00,0xEE,0,0
16393,14.1,15.0,0.9,3999,0,-0.2,6684,35.9,9,47.0,0,1,6658,2,0.00,0xEE,0,0
16408,14.2,15.0,0.8,3996,0,-0.1,6685,35.1,9,47.0,0,1,6655,2,0.00,0xEE,0,0
16423,14.0,15.0,1.0,3998,0,-0.4,6622,35.8,9,47.0,0,1,6661,2,0.00,0xEE,0,0
16454,13.9,15.0,1.1,4002,0,-1.1,6622,35.8,0,47.0,0,1,6677,2,0.00,0xEE,0,0
16469,13.9,15.0,1.1,4013,0,-1.4,6687,35.5,2,47.0,0,1,6682,2,0.00,0xEE,0,0
16485,13.9,15.0,1.1,4014,0,-1.7,6688,35.8,4,47.0,0,1,6687,2,0.00,0xEE,0,0
16516,13.9,15.0,1.1,4015,0,-1.8,6688,35.8,6,47.0,0,1,6689,2,0.00,0xEE,0,0
16532,13.8,15.0,1.2,4017,0,-1.9,6628,35.5,8,47.0,0,1,6691,2,0.00,0xEE,0,0
16547,13.9,15.0,1.1,4015,0,-1.6,6628,35.5,9,47.0,0,1,6685,2,0.00,0xEE,0,0
16562,14.0,15.0,1.0,4009,0,-1.1,6693,35.7,9,47.0,0,1,6674,2,0.00,0xEE,0,0
16593,14.1,15.0,0.9,4001,0,-0.5,6694,35.8,9,47.0,0,1,6663,2,0.00,0xEE,0,0
16607,14.0,15.0,1.0,3998,0,-0.2,6631,35.9,9,47.0,0,1,6660,2,0.00,0xEE,0,0
16623,13.8,15.0,1.2,4001,0,-0.4,6632,36.0,9,47.0,0,1,6664,2,0.00,0xEE,0,0
16654,13.8,15.0,1.2,4006,0,-0.8,6632,35.8,1,47.0,0,1,6673,2,0.00,0xEE,0,0
16670,13.8,15.0,1.2,4006,0,-0.8,6696,35.9,3,47.0,0,1,6673,2,0.00,0xEE,0,0
16685,13.8,15.0,1.2,4005,0,-0.8,6697,36.1,5,47.0,0,1,6673,2,0.00,0xEE,0,0
16716,13.7,15.0,1.3,4009,0,-1.0,6632,36.2,7,47.0,0,1,6678,2,0.00,0xEE,0,0
16730,13.6,15.0,1.4,4015,0,-1.4,6634,35.9,9,47.0,0,1,6686,2,0.00,0xEE,0,0
16808,13.5,15.0,1.5,4019,0,-1.9,6702,36.3,74,47.0,0,1,6696,2,0.00,0xEE,0,0
16839,13.4,15.0,1.6,4023,0,-2.0,6640,36.4,5,47.0,0,1,6700,2,0.00,0xEE,0,0
16855,13.4,15.0,1.6,4025,0,-2.0,6640,35.7,7,47.0,0,1,6700,2,0.00,0xEE,0,0
16870,13.4,15.0,1.6,4022,0,-1.8,6641,36.0,9,47.0,0,1,6694,2,0.00,0xEE,0,0
16901,13.7,15.0,1.3,4010,0,-0.9,6706,35.7,9,47.0,0,1,6677,2,0.00,0xEE,0,0
16916,13.8,15.0,1.2,3995,0,0.2,6708,35.7,9,47.0,0,1,6655,2,0.00,0xEE,0,0
16933,13.9,15.0,1.1,3983,0,1.3,6644,36.0,9,47.0,0,1,6633,2,0.00,0xEE,0,0
16948,13.9,15.0,1.1,3977,0,2.0,6644,35.9,9,47.0,0,1,6622,2,0.00,0xEE,0,0
16979,13.8,15.0,1.2,3972,0,2.3,6706,35.8,0,47.0,0,1,6618,2,0.00,0xEE,0,0
16995,13.8,15.0,1.2,3971,0,2.3,6708,36.1,2,47.0,0,1,6617,2,0.00,0xEE,0,0
17011,13.7,15.0,1.3,3976,0,2.0,6641,36.2,4,47.0,0,1,6624,2,0.00,0xEE,0,0
17027,13.6,15.0,1.4,3984,0,1.4,6641,35.8,6,47.0,0,1,6636,2,0.00,0xEE,0,0
17057,13.5,15.0,1.5,3995,0,0.5,6703,36.3,8,47.0,0,1,6654,2,0.00,0xEE,0,0
17072,13.5,15.0,1.5,3999,0,-0.1,6702,35.9,9,47.0,0,1,6663,2,0.00,0xEE,0,0
17088,13.5,15.0,1.5,4005,0,-0.7,6703,36.4,9,49.6,0,1,6675,2,0.00,0xEE,0,0
17119,13.6,15.0,1.4,4008,0,-0.9,6640,35.7,9,49.6,0,1,6678,2,0.00,0xEE,0,0
17135,13.5,15.0,1.5,4014,0,-1.3,6640,36.2,9,49.6,0,1,6686,2,0.00,0xEE,0,0
17150,13.6,15.0,1.4,4010,0,-1.2,6703,35.9,9,49.6,0,1,6682,2,0.00,0xEE,0,0
17181,13.5,15.0,1.5,4012,0,-1.4,6705,36.3,1,49.6,0,1,6688,2,0.00,0xEE,0,0
17196,13.3,15.0,1.7,4019,0,-1.8,6641,36.1,3,49.6,0,1,6696,2,0.00,0xEE,0,0
17211,13.3,15.0,1.7,4022,0,-2.0,6644,36.2,5,49.6,0,1,6700,2,0.00,0xEE,0,0
17226,13.4,15.0,1.6,4019,0,-1.9,6708,36.1,7,49.6,0,1,6698,2,0.00,0xEE,0,0
17305,13.4,15.0,1.6,4017,0,-1.9,6645,36.1,84,49.6,0,1,6698,2,0.00,0xEE,0,0
17335,13.5,15.0,1.5,4017,0,-1.7,6647,36.1,9,49.6,0,1,6694,2,0.00,0xEE,0,0
17367,13.5,15.0,1.5,4010,0,-1.0,6714,35.6,9,49.6,0,1,6681,2,0.00,0xEE,0,0
17367,13.6,15.0,1.4,3999,0,-0.2,6714,35.9,9,49.6,0,1,6665,2,0.00,0xEE,0,0
17413,13.7,15.0,1.3,3988,0,1.4,6650,35.9,1,49.6,0,1,6635,2,0.00,0xEE,0,0
17413,13.7,15.0,1.3,3976,0,1.9,6648,36.0,3,49.6,0,1,6626,2,0.00,0xEE,0,0
17428,13.7,15.0,1.3,3975,0,2.1,6648,36.1,5,49.6,0,1,6623,2,0.00,0xEE,0,0
17460,13.6,15.0,1.4,3974,0,2.0,6712,36.3,7,49.6,0,1,6626,2,0.00,0xEE,0,0
17476,13.5,15.0,1.5,3978,0,1.6,6711,36.4,8,49.6,0,1,6636,2,0.00,0xEE,0,0
17491,13.3,15.0,1.7,3989,0,0.8,6647,36.7,9,49.6,0,1,6651,2,0.00,0xEE,0,0
17522,13.2,15.0,1.8,4001,0,-0.1,6644,36.4,9,49.6,0,1,6669,2,0.00,0xEE,0,0
17539,13.2,15.0,1.8,4012,0,-1.0,6711,36.4,9,49.6,0,1,6685,2,0.00,0xEE,0,0
17554,13.2,15.0,1.8,4017,0,-1.6,6709,35.7,9,49.6,0,1,6696,2,0.00,0xEE,0,0
17570,13.4,15.0,1.6,4020,0,-1.8,6644,35.9,0,49.6,0,1,6697,2,0.00,0xEE,0,0
17586,13.4,15.0,1.6,4018,0,-1.3,6644,36.2,2,49.6,0,1,6689,2,0.00,0xEE,0,0
17617,13.5,15.0,1.5,4007,0,-0.8,6711,36.4,4,49.6,0,1,6678,2,0.00,0xEE,0,0
17632,13.4,15.0,1.6,4004,0,-0.5,6711,35.8,6,49.6,0,1,6675,2,0.00,0xEE,0,0
17647,13.5,15.0,1.5,3998,0,-0.1,6711,36.0,7,49.6,0,1,6667,2,0.00,0xEE,0,0
17678,13.5,15.0,1.5,3993,0,0.4,6648,36.6,9,49.6,0,1,6657,2,0.00,0xEE,0,0
17708,13.6,15.0,1.4,3988,0,0.9,6648,36.0,9,49.6,0,1,6646,2,0.00,0xEE,0,0
17708,13.6,15.0,1.4,3984,0,1.3,6711,36.0,9,49.6,0,1,6639,2,0.00,0xEE,0,0
17723,13.6,15.0,1.4,3980,0,1.6,6711,35.9,9,49.6,0,1,6635,2,0.00,0xEE,0,0
17816,13.6,15.0,1.4,3978,0,1.7,6641,36.5,75,49.6,0,1,6633,2,0.00,0xEE,0,0
17832,13.6,15.0,1.4,3977,0,1.6,6703,36.0,8,49.6,0,1,6634,2,0.00,0xEE,0,0
17863,13.6,15.0,1.4,3980,0,1.2,6703,36.1,9,49.6,0,1,6641,2,0.00,0xEE,0,0
17879,13.6,15.0,1.4,3983,0,0.9,6637,36.0,9,49.6,0,1,6648,2,0.00,0xEE,0,0
17894,13.6,15.0,1.4,3989,0,0.2,6637,36.0,0,49.6,0,1,6660,2,0.00,0xEE,0,0
17909,13.6,15.0,1.4,3996,0,-0.1,6700,35.8,2,49.6,0,1,6665,2,0.00,0xEE,0,0
17940,13.7,15.0,1.3,3993,0,0.0,6700,35.8,4,49.6,0,1,6662,2,0.00,0xEE,0,0
17955,13.8,15.0,1.2,3989,0,0.3,6635,35.6,6,49.6,0,1,6657,2,0.00,0xEE,0,0
17970,13.8,15.0,1.2,3986,0,0.6,6635,35.8,8,49.6,0,1,6650,2,0.00,0xEE,0,0
18001,13.8,15.0,1.2,3985,0,0.9,6635,36.0,9,49.6,0,1,6646,2,0.00,0xEE,0,0
18017,13.8,15.0,1.2,3982,0,1.0,6697,35.6,9,49.6,0,1,6643,2,0.00,0xEE,0,0
18031,13.9,15.0,1.1,3978,0,1.2,6699,35.7,9,49.6,0,1,6640,2,0.00,0xEE,0,0
18062,13.9,15.0,1.1,3975,0,1.3,6634,35.9,9,49.6,0,1,6636,2,0.00,0xEE,0,0
18077,13.9,15.0,1.1,3977,0,1.3,6632,35.9,9,49.6,0,1,6637,2,0.00,0xEE,0,0
18093,13.7,15.0,1.3,3982,0,0.6,6696,35.7,1,46.9,0,1,6651,2,0.00,0xEE,0,0
18125,13.7,15.0,1.3,3991,0,0.1,6694,36.0,3,46.9,0,1,6660,2,0.00,0xEE,0,0
18140,13.8,15.0,1.2,3992,0,-0.1,6694,35.5,5,46.9,0,1,6663,2,0.00,0xEE,0,0
18155,13.8,15.0,1.2,3995,0,-0.2,6629,35.9,7,46.9,0,1,6666,2,0.00,0xEE,0,0
18171,13.9,15.0,1.1,3994,0,-0.1,6629,35.7,9,46.9,0,1,6662,2,0.00,0xEE,0,0
18202,13.8,15.0,1.2,3994,0,-0.1,6693,35.9,9,46.9,0,1,6664,2,0.00,0xEE,0,0
18218,13.8,15.0,1.2,3992,0,-0.1,6694,35.8,9,46.9,0,1,6663,2,0.00,0xEE,0,0
18233,13.8,15.0,1.2,3992,0,-0.1,6631,35.3,9,46.9,0,1,6664,2,0.00,0xEE,0,0
18326,13.9,15.0,1.1,3993,0,0.1,6693,35.6,74,46.9,0,1,6659,2,0.00,0xEE,0,0
18341,14.1,15.0,0.9,3989,0,0.2,6693,35.0,9,46.9,0,1,6654,2,0.00,0xEE,0,0
18357,14.1,15.0,0.9,3981,0,0.9,6691,35.8,9,46.9,0,1,6642,2,0.00,0xEE,0,0
18388,14.1,15.0,0.9,3977,0,1.3,6626,35.6,9,46.9,0,1,6634,2,0.00,0xEE,0,0
18404,14.0,15.0,1.0,3978,0,1.4,6626,35.6,9,46.9,0,1,6634,2,0.00,0xEE,0,0
18419,14.0,15.0,1.0,3977,0,1.3,6690,35.1,0,46.9,0,1,6636,2,0.00,0xEE,0,0
18435,14.0,15.0,1.0,3978,0,1.1,6690,36.0,2,46.9,0,1,6639,2,0.00,0xEE,0,0
18465,14.0,15.0,1.0,3981,0,1.0,6623,35.6,4,46.9,0,1,6642,2,0.00,0xEE,0,0
18481,13.9,15.0,1.1,3988,0,0.5,6623,35.9,6,46.9,0,1,6651,2,0.00,0xEE,0,0
18495,13.9,15.0,1.1,3993,0,0.1,6687,35.6,8,46.9,0,1,6658,2,0.00,0xEE,0,0
18528,13.9,15.0,1.1,3995,0,-0.2,6685,35.6,9,46.9,0,1,6664,2,0.00,0xEE,0,0
18543,14.0,15.0,1.0,3993,0,-0.1,6687,35.6,9,46.9,0,1,6662,2,0.00,0xEE,0,0
18559,14.0,15.0,1.0,3994,0,-0.1,6621,36.3,9,46.9,0,1,6662,2,0.00,0xEE,0,0
18574,14.0,15.0,1.0,3995,0,-0.1,6622,35.4,9,46.9,0,1,6661,2,0.00,0xEE,0,0
18606,14.1,15.0,0.9,3991,0,0.1,6685,35.1,9,46.9,0,1,6657,2,0.00,0xEE,0,0
18620,14.3,15.0,0.7,3978,0,1.1,6684,35.1,1,46.9,0,1,6636,2,0.00,0xEE,0,0
18636,14.3,15.0,0.7,3971,0,1.6,6622,35.4,3,46.9,0,1,6627,2,0.00,0xEE,0,0
18667,14.4,15.0,0.6,3965,0,2.1,6622,35.1,5,46.9,0,1,6616,2,0.00,0xEE,0,0
18683,14.3,15.0,0.7,3967,0,2.2,6619,35.6,7,46.9,0,1,6616,2,0.00,0xEE,0,0
18699,14.3,15.0,0.7,3968,0,2.0,6683,35.6,9,46.9,0,1,6621,2,0.00,0xEE,0,0
18714,14.1,15.0,0.9,3975,0,1.3,6683,34.9,9,46.9,0,1,6635,2,0.00,0xEE,0,0
18746,14.2,15.0,0.8,3980,0,0.9,6618,35.1,9,46.9,0,1,6641,2,0.00,0xEE,0,0
18824,14.4,15.0,0.6,3979,0,1.0,6678,35.2,74,46.9,0,1,6637,2,0.00,0xEE,0,0
18854,14.5,15.0,0.5,3976,0,1.1,6678,35.4,9,46.9,0,1,6635,2,0.00,0xEE,0,0
18870,14.4,15.0,0.6,3978,0,0.9,6680,35.5,9,46.9,0,1,6639,2,0.00,0xEE,0,0
18885,14.3,15.0,0.7,3986,0,0.4,6615,35.5,9,46.9,0,1,6650,2,0.00,0xEE,0,0
18901,14.2,15.0,0.8,3995,0,-0.3,6616,35.5,9,46.9,0,1,6663,2,0.00,0xEE,0,0
18933,14.1,15.0,0.9,4003,0,-0.9,6680,35.6,9,46.9,0,1,6675,2,0.00,0xEE,0,0
18949,14.0,15.0,1.0,4008,0,-2.0,6681,35.7,0,46.9,0,1,6695,2,0.00,0xEE,0,0
18964,14.0,15.0,1.0,4019,0,-2.5,6618,35.5,2,46.9,0,1,6705,2,0.00,0xEE,0,0
18995,13.9,15.0,1.1,4024,0,-2.8,6619,35.7,4,46.9,0,1,6712,2,0.00,0xEE,0,0
19011,14.0,15.0,1.0,4026,0,-2.9,6621,35.6,6,46.9,0,1,6713,2,0.00,0xEE,0,0
19026,14.0,15.0,1.0,4023,0,-2.7,6687,35.3,8,46.9,0,1,6709,2,0.00,0xEE,0,0
19042,14.0,15.0,1.0,4018,0,-2.3,6688,35.6,9,46.9,0,1,6702,2,0.00,0xEE,0,0
19073,14.0,15.0,1.0,4012,0,-1.9,6626,35.7,9,46.9,0,1,6695,2,0.00,0xEE,0,0
19089,14.0,15.0,1.0,4010,0,-1.6,6626,35.9,9,46.9,0,1,6689,2,0.00,0xEE,0,0
19105,14.0,15.0,1.0,4009,0,-1.3,6693,34.9,9,47.5,0,1,6685,2,0.00,0xEE,0,0
19121,13.9,15.0,1.1,4008,0,-1.3,6694,35.9,9,47.5,0,1,6686,2,0.00,0xEE,0,0
19151,13.8,15.0,1.2,4007,0,-1.4,6629,36.1,1,47.5,0,1,6689,2,0.00,0xEE,0,0
19166,13.7,15.0,1.3,4012,0,-1.5,6631,36.0,3,47.5,0,1,6691,2,0.00,0xEE,0,0
19181,13.7,15.0,1.3,4016,0,-1.7,6631,35.5,5,47.5,0,1,6695,2,0.00,0xEE,0,0
19212,13.6,15.0,1.4,4017,0,-1.8,6696,36.0,7,47.5,0,1,6698,2,0.00,0xEE,0,0
19228,13.6,15.0,1.4,4016,0,-1.9,6697,36.0,9,47.5,0,1,6699,2,0.00,0xEE,0,0
19243,13.6,15.0,1.4,4014,0,-1.8,6634,35.9,9,47.5,0,1,6698,2,0.00,0xEE,0,0
19336,13.6,15.0,1.4,4015,0,-1.6,6703,36.1,74,47.5,0,1,6695,2,0.00,0xEE,0,0
19351,13.6,15.0,1.4,4008,0,-1.1,6703,35.6,7,47.5,0,1,6685,2,0.00,0xEE,0,0
19368,13.6,15.0,1.4,4002,0,-0.7,6640,36.3,9,47.5,0,1,6678,2,0.00,0xEE,0,0
19399,13.8,15.0,1.2,3995,0,0.0,6640,35.6,9,47.5,0,1,6663,2,0.00,0xEE,0,0
19414,13.9,15.0,1.1,3986,0,1.0,6640,35.3,9,47.5,0,1,6645,2,0.00,0xEE,0,0
19429,14.0,15.0,1.0,3972,0,2.0,6705,35.8,9,47.5,0,1,6625,2,0.00,0xEE,0,0
19444,14.0,15.0,1.0,3964,0,2.6,6703,35.7,9,47.5,0,1,6614,2,0.00,0xEE,0,0
19476,13.9,15.0,1.1,3963,0,2.9,6637,36.0,0,47.5,0,1,6610,2,0.00,0xEE,0,0
19492,13.8,15.0,1.2,3970,0,2.5,6637,36.3,2,47.5,0,1,6618,2,0.00,0xEE,0,0
19507,13.7,15.0,1.3,3976,0,1.8,6699,35.3,4,47.5,0,1,6632,2,0.00,0xEE,0,0
19538,13.9,15.0,1.1,3977,0,1.5,6699,35.0,6,47.5,0,1,6636,2,0.00,0xEE,0,0
19554,14.1,15.0,0.9,3974,0,1.8,6632,35.8,8,47.5,0,1,6628,2,0.00,0xEE,0,0
19570,14.3,15.0,0.7,3965,0,2.5,6631,35.3,9,47.5,0,1,6612,2,0.00,0xEE,0,0
19585,14.2,15.0,0.8,3965,0,2.5,6631,35.9,9,47.5,0,1,6614,2,0.00,0xEE,0,0
19616,14.1,15.0,0.9,3966,0,2.4,6691,35.4,9,47.5,0,1,6617,2,0.00,0xEE,0,0
19632,14.1,15.0,0.9,3969,0,2.0,6691,35.1,9,47.5,0,1,6624,2,0.00,0xEE,0,0
19648,14.3,15.0,0.7,3966,0,2.2,6625,35.1,9,47.5,0,1,6617,2,0.00,0xEE,0,0
19679,14.5,15.0,0.5,3961,0,2.8,6623,35.3,1,47.5,0,1,6606,2,0.00,0xEE,0,0
19694,14.4,15.0,0.6,3961,0,2.6,6685,35.2,3,47.5,0,1,6609,2,0.00,0xEE,0,0
19710,14.3,15.0,0.7,3964,0,2.2,6685,35.4,5,47.5,0,1,6618,2,0.00,0xEE,0,0
19725,14.3,15.0,0.7,3968,0,1.8,6621,35.3,7,47.5,0,1,6626,2,0.00,0xEE,0,0
19757,14.3,15.0,0.7,3974,0,1.3,6621,35.3,9,47.5,0,1,6634,2,0.00,0xEE,0,0
19835,14.3,15.0,0.7,3979,0,0.9,6681,35.1,74,47.5,0,1,6641,2,0.00,0xEE,0,0
19850,14.5,15.0,0.5,3979,0,0.7,6681,35.3,5,47.5,0,1,6644,2,0.00,0xEE,0,0
19882,14.5,15.0,0.5,3981,0,0.6,6616,35.2,7,47.5,0,1,6645,2,0.00,0xEE,0,0
19897,14.5,15.0,0.5,3985,0,0.4,6615,35.2,9,47.5,0,1,6648,2,0.00,0xEE,0,0
19929,14.4,15.0,0.6,3989,0,0.2,6680,34.9,9,47.5,0,1,6653,2,0.00,0xEE,0,0
19960,14.5,15.0,0.5,3987,0,0.1,6678,35.0,9,47.5,0,1,6653,2,0.00,0xEE,0,0
19960,14.6,15.0,0.4,3984,0,0.3,6678,35.0,9,47.5,0,1,6650,2,0.00,0xEE,0,0
19975,14.7,15.0,0.3,3982,0,0.6,6615,34.6,9,47.5,0,1,6644,2,0.00,0xEE,0,0
20006,14.9,15.0,0.1,3977,0,1.8,6616,34.8,0,47.5,0,1,6618,2,0.00,0xEE,0,0
20021,15.1,15.0,-0.1,3959,0,2.6,6680,34.6,2,47.5,0,1,6602,2,0.00,0xEE,0,0
20037,15.0,15.0,0.0,3952,0,3.0,6680,35.3,4,47.5,0,1,6596,2,0.00,0xEE,0,0
20052,14.9,15.0,0.1,3953,0,2.8,6615,35.0,6,47.5,0,1,6602,2,0.00,0xEE,0,0
20084,14.7,15.0,0.3,3963,0,2.1,6613,35.0,8,47.5,0,1,6615,2,0.00,0xEE,0,0
20100,14.7,15.0,0.3,3973,0,1.3,6613,35.1,9,47.5,0,1,6630,2,0.00,0xEE,0,0
20130,14.6,15.0,0.4,3980,0,0.5,6678,35.1,9,49.5,0,1,6645,2,0.00,0xEE,0,0
20130,14.6,15.0,0.4,3987,0,-0.2,6677,34.4,9,49.5,0,1,6659,2,0.00,0xEE,0,0
20160,14.5,15.0,0.5,3994,0,-0.9,6612,35.3,9,49.5,0,1,6671,2,0.00,0xEE,0,0
20176,14.6,15.0,0.4,3999,0,-1.2,6610,34.9,9,49.5,0,1,6676,2,0.00,0xEE,0,0
20191,14.7,15.0,0.3,4003,0,-1.3,6677,34.3,1,49.5,0,1,6677,2,0.00,0xEE,0,0
20222,14.6,15.0,0.4,4002,0,-1.4,6678,35.1,3,49.5,0,1,6679,2,0.00,0xEE,0,0
20238,14.6,15.0,0.4,4001,0,-1.3,6678,35.1,5,49.5,0,1,6678,2,0.00,0xEE,0,0
20254,14.5,15.0,0.5,4004,0,-1.4,6615,34.9,7,49.5,0,1,6680,2,0.00,0xEE,0,0
20345,14.5,15.0,0.5,4006,0,-1.4,6616,34.9,91,49.5,0,1,6680,2,0.00,0xEE,0,0
20361,14.6,15.0,0.4,3999,0,-0.9,6683,34.8,2,49.5,0,1,6670,2,0.00,0xEE,0,0
20376,14.7,15.0,0.3,3992,0,-0.4,6681,35.0,4,49.5,0,1,6661,2,0.00,0xEE,0,0
20408,14.7,15.0,0.3,3984,0,0.2,6618,34.9,6,49.5,0,1,6649,2,0.00,0xEE,0,0
20424,14.7,15.0,0.3,3980,0,0.7,6618,34.8,8,49.5,0,1,6641,2,0.00,0xEE,0,0
20440,14.8,15.0,0.2,3975,0,1.2,6684,34.6,9,49.5,0,1,6631,2,0.00,0xEE,0,0
20456,14.9,15.0,0.1,3966,0,1.8,6684,34.5,9,49.5,0,1,6619,2,0.00,0xEE,0,0
20487,15.0,15.0,0.0,3957,0,2.5,6618,35.1,9,49.5,0,1,6606,2,0.00,0xEE,0,0
20503,15.0,15.0,-0.0,3953,0,3.0,6616,34.7,9,49.5,0,1,6597,2,0.00,0xEE,0,0
20518,14.9,15.0,0.1,3955,0,2.9,6616,34.9,9,49.5,0,1,6598,2,0.00,0xEE,0,0
20534,14.8,15.0,0.2,3959,0,1.9,6680,34.7,1,49.5,0,1,6619,2,0.00,0xEE,0,0
20564,14.8,15.0,0.2,3973,0,1.3,6680,34.9,3,49.5,0,1,6630,2,0.00,0xEE,0,0
20579,14.8,15.0,0.2,3976,0,0.8,6615,34.8,5,49.5,0,1,6638,2,0.00,0xEE,0,0
20594,14.8,15.0,0.2,3982,0,0.4,6615,35.1,7,49.5,0,1,6645,2,0.00,0xEE,0,0
20625,14.8,15.0,0.2,3987,0,0.1,6680,34.9,9,49.5,0,1,6652,2,0.00,0xEE,0,0
20641,14.8,15.0,0.2,3990,0,-0.3,6680,34.9,9,49.5,0,1,6659,2,0.00,0xEE,0,0
20656,14.8,15.0,0.2,3991,0,-0.6,6681,34.7,9,49.5,0,1,6664,2,0.00,0xEE,0,0
20687,14.8,15.0,0.2,3995,0,-0.8,6618,35.0,9,49.5,0,1,6667,2,0.00,0xEE,0,0
20702,14.7,15.0,0.3,3999,0,-1.0,6618,35.0,9,49.5,0,1,6671,2,0.00,0xEE,0,0
20718,14.7,15.0,0.3,4002,0,-1.2,6683,34.8,0,49.5,0,1,6675,2,0.00,0xEE,0,0
20733,14.8,15.0,0.2,3996,0,-1.0,6683,35.3,2,49.5,0,1,6670,2,0.00,0xEE,0,0
20764,14.7,15.0,0.3,3996,0,-1.0,6619,35.3,4,49.5,0,1,6672,2,0.00,0xEE,0,0
20841,14.7,15.0,0.3,3998,0,-1.0,6621,35.3,88,49.5,0,1,6672,2,0.00,0xEE,0,0
20872,14.3,15.0,0.7,3999,0,-1.6,6685,35.3,0,49.5,0,1,6687,2,0.00,0xEE,0,0
20888,14.4,15.0,0.6,4007,0,-1.8,6687,34.8,1,49.5,0,1,6689,2,0.00,0xEE,0,0
20904,14.5,15.0,0.5,4004,0,-1.6,6622,35.0,3,49.5,0,1,6685,2,0.00,0xEE,0,0
20920,14.6,15.0,0.4,4000,0,-1.1,6622,35.3,5,49.5,0,1,6674,2,0.00,0xEE,0,0
20951,14.5,15.0,0.5,3999,0,-0.8,6625,35.4,7,49.5,0,1,6670,2,0.00,0xEE,0,0
20967,14.4,15.0,0.6,3998,0,-0.8,6688,35.3,9,49.5,0,1,6671,2,0.00,0xEE,0,0
20983,14.3,15.0,0.7,4000,0,-1.0,6688,35.3,9,49.5,0,1,6676,2,0.00,0xEE,0,0
20998,14.3,15.0,0.7,4000,0,-1.1,6625,35.5,9,49.5,0,1,6679,2,0.00,0xEE,0,0
21030,14.3,15.0,0.7,4005,0,-1.3,6626,35.5,9,49.5,0,1,6683,2,0.00,0xEE,0,0
21046,14.2,15.0,0.8,4011,0,-1.6,6690,35.3,9,49.5,0,1,6689,2,0.00,0xEE,0,0
21061,14.1,15.0,0.9,4014,0,-2.1,6691,35.6,0,49.5,0,1,6698,2,0.00,0xEE,0,0
21091,14.1,15.0,0.9,4014,0,-2.1,6693,34.9,2,49.5,0,1,6699,2,0.00,0xEE,0,0
21107,14.3,15.0,0.7,4008,0,-1.5,6629,34.9,4,49.5,0,1,6685,2,0.00,0xEE,0,0
21122,14.5,15.0,0.5,3996,0,-0.4,6631,35.5,6,46.7,0,1,6663,2,0.00,0xEE,0,0
21138,14.6,15.0,0.4,3985,0,0.6,6697,35.3,8,46.7,0,1,6644,2,0.00,0xEE,0,0
21168,14.4,15.0,0.6,3981,0,0.9,6697,35.9,9,46.7,0,1,6641,2,0.00,0xEE,0,0
21183,14.3,15.0,0.7,3982,0,0.8,6632,35.3,9,46.7,0,1,6645,2,0.00,0xEE,0,0
21199,14.2,15.0,0.8,3988,0,0.4,6632,35.5,9,46.7,0,1,6652,2,0.00,0xEE,0,0
21229,14.3,15.0,0.7,3990,0,0.3,6697,35.2,9,46.7,0,1,6654,2,0.00,0xEE,0,0
21245,14.2,15.0,0.8,3992,0,0.0,6697,35.6,9,46.7,0,1,6659,2,0.00,0xEE,0,0
21260,14.3,15.0,0.7,3989,0,0.0,6697,35.4,1,46.7,0,1,6659,2,0.00,0xEE,0,0
21351,14.3,15.0,0.7,3992,0,0.0,6634,35.4,85,46.7,0,1,6659,2,0.00,0xEE,0,0
21367,14.3,15.0,0.7,3992,0,0.0,6699,35.7,9,46.7,0,1,6659,2,0.00,0xEE,0,0
21383,14.1,15.0,0.9,3996,0,-0.4,6699,36.0,9,46.7,0,1,6668,2,0.00,0xEE,0,0
21414,13.9,15.0,1.1,4002,0,-1.8,6697,35.9,0,46.7,0,1,6697,2,0.00,0xEE,0,0
21430,13.8,15.0,1.2,4022,0,-2.5,6634,36.0,2,46.7,0,1,6711,2,0.00,0xEE,0,0
21444,13.7,15.0,1.3,4031,0,-3.2,6635,35.6,4,46.7,0,1,6724,2,0.00,0xEE,0,0
21475,13.8,15.0,1.2,4033,0,-3.3,6700,35.6,6,46.7,0,1,6724,2,0.00,0xEE,0,0
21490,13.9,15.0,1.1,4027,0,-2.9,6700,35.7,8,46.7,0,1,6717,2,0.00,0xEE,0,0
21505,14.0,15.0,1.0,4018,0,-2.3,6638,35.5,9,46.7,0,1,6703,2,0.00,0xEE,0,0
21521,14.0,15.0,1.0,4014,0,-1.7,6640,35.8,9,46.7,0,1,6693,2,0.00,0xEE,0,0
21568,14.0,15.0,1.0,4009,0,-1.1,6705,35.6,9,46.7,0,1,6684,2,0.00,0xEE,0,0
21568,13.9,15.0,1.1,4005,0,-0.8,6705,36.0,9,46.7,0,1,6679,2,0.00,0xEE,0,0
21584,13.8,15.0,1.2,4004,0,-0.8,6706,36.0,9,46.7,0,1,6680,2,0.00,0xEE,0,0
21616,13.7,15.0,1.3,4009,0,-1.3,6643,35.5,1,46.7,0,1,6691,2,0.00,0xEE,0,0
21631,13.7,15.0,1.3,4013,0,-1.4,6643,35.9,3,46.7,0,1,6692,2,0.00,0xEE,0,0
21647,13.7,15.0,1.3,4010,0,-1.3,6709,36.4,5,46.7,0,1,6689,2,0.00,0xEE,0,0
21678,13.7,15.0,1.3,4010,0,-1.3,6708,36.1,7,46.7,0,1,6690,2,0.00,0xEE,0,0
21693,13.6,15.0,1.4,4011,0,-1.4,6645,35.7,9,46.7,0,1,6694,2,0.00,0xEE,0,0
21708,13.5,15.0,1.5,4014,0,-1.5,6645,36.0,9,46.7,0,1,6696,2,0.00,0xEE,0,0
21723,13.6,15.0,1.4,4014,0,-1.4,6709,36.2,9,46.7,0,1,6694,2,0.00,0xEE,0,0
21754,13.6,15.0,1.4,4010,0,-1.2,6711,35.7,9,46.7,0,1,6690,2,0.00,0xEE,0,0
21769,13.7,15.0,1.3,4003,0,-0.7,6647,35.6,9,46.7,0,1,6680,2,0.00,0xEE,0,0
21861,13.8,15.0,1.2,3997,0,-0.0,6645,36.2,74,46.7,0,1,6667,2,0.00,0xEE,0,0
21877,13.9,15.0,1.1,3993,0,0.1,6711,35.7,9,46.7,0,1,6662,2,0.00,0xEE,0,0
21892,13.9,15.0,1.1,3986,0,0.7,6709,35.8,9,46.7,0,1,6652,2,0.00,0xEE,0,0
21908,13.9,15.0,1.1,3984,0,1.0,6645,35.9,9,46.7,0,1,6647,2,0.00,0xEE,0,0
21939,13.8,15.0,1.2,3985,0,1.1,6644,36.1,0,46.7,0,1,6646,2,0.00,0xEE,0,0
21955,13.8,15.0,1.2,3985,0,1.0,6708,35.8,2,46.7,0,1,6648,2,0.00,0xEE,0,0
21970,13.8,15.0,1.2,3985,0,0.9,6708,35.8,4,46.7,0,1,6650,2,0.00,0xEE,0,0
22000,13.8,15.0,1.2,3987,0,0.8,6643,35.5,6,46.7,0,1,6651,2,0.00,0xEE,0,0
22017,13.8,15.0,1.2,3989,0,0.8,6643,35.8,8,46.7,0,1,6653,2,0.00,0xEE,0,0
22032,13.8,15.0,1.2,3991,0,0.6,6705,36.4,9,46.7,0,1,6655,2,0.00,0xEE,0,0
22048,13.8,15.0,1.2,3992,0,0.4,6705,35.9,9,46.7,0,1,6659,2,0.00,0xEE,0,0
22080,13.8,15.0,1.2,3993,0,0.2,6705,35.5,9,46.7,0,1,6664,2,0.00,0xEE,0,0
22094,13.8,15.0,1.2,3996,0,0.0,6640,35.7,9,46.7,0,1,6666,2,0.00,0xEE,0,0
22111,13.9,15.0,1.1,3996,0,0.1,6640,36.0,9,46.7,0,1,6664,2,0.00,0xEE,0,0
22141,13.9,15.0,1.1,3991,0,0.4,6703,35.8,1,47.5,0,1,6659,2,0.00,0xEE,0,0
22156,13.9,15.0,1.1,3988,0,0.5,6703,35.6,3,47.5,0,1,6656,2,0.00,0xEE,0,0
22171,13.9,15.0,1.1,3990,0,0.5,6638,36.0,5,47.5,0,1,6657,2,0.00,0xEE,0,0
22201,14.0,15.0,1.0,3989,0,0.6,6638,35.6,7,47.5,0,1,6654,2,0.00,0xEE,0,0
22216,14.0,15.0,1.0,3990,0,0.7,6703,35.3,9,47.5,0,1,6652,2,0.00,0xEE,0,0
22232,14.1,15.0,0.9,3984,0,1.0,6700,35.5,9,47.5,0,1,6646,2,0.00,0xEE,0,0
22247,14.1,15.0,0.9,3979,0,1.3,6700,35.6,9,47.5,0,1,6641,2,0.00,0xEE,0,0
22280,14.1,15.0,0.9,3979,0,1.4,6637,36.0,9,47.5,0,1,6638,2,0.00,0xEE,0,0
22356,14.1,15.0,0.9,3981,0,1.4,6694,35.6,74,47.5,0,1,6639,2,0.00,0xEE,0,0
22387,14.0,15.0,1.0,3981,0,1.3,6694,35.3,9,47.5,0,1,6641,2,0.00,0xEE,0,0
22403,14.0,15.0,1.0,3984,0,0.9,6628,36.2,9,47.5,0,1,6648,2,0.00,0xEE,0,0
22419,14.1,15.0,0.9,3986,0,0.8,6628,35.3,9,47.5,0,1,6649,2,0.00,0xEE,0,0
22434,14.2,15.0,0.8,3985,0,0.9,6691,35.3,9,47.5,0,1,6645,2,0.00,0xEE,0,0
22464,14.3,15.0,0.7,3979,0,1.5,6690,35.3,0,47.5,0,1,6635,2,0.00,0xEE,0,0
22480,14.3,15.0,0.7,3977,0,1.4,6688,35.5,2,47.5,0,1,6637,2,0.00,0xEE,0,0
22496,14.2,15.0,0.8,3983,0,1.1,6623,35.5,4,47.5,0,1,6643,2,0.00,0xEE,0,0
22526,14.1,15.0,0.9,3989,0,0.6,6622,35.3,6,47.5,0,1,6653,2,0.00,0xEE,0,0
22541,14.2,15.0,0.8,3993,0,0.3,6685,35.3,8,47.5,0,1,6656,2,0.00,0xEE,0,0
22556,14.3,15.0,0.7,3991,0,0.3,6685,35.6,9,47.5,0,1,6656,2,0.00,0xEE,0,0
22573,14.3,15.0,0.7,3988,0,0.4,6621,35.3,9,47.5,0,1,6653,2,0.00,0xEE,0,0
22603,14.3,15.0,0.7,3989,0,0.4,6621,35.4,9,47.5,0,1,6653,2,0.00,0xEE,0,0
22619,14.3,15.0,0.7,3990,0,0.4,6619,34.8,9,47.5,0,1,6654,2,0.00,0xEE,0,0
22634,14.5,15.0,0.5,3983,0,0.8,6683,34.7,9,47.5,0,1,6645,2,0.00,0xEE,0,0
22665,14.9,15.0,0.1,3972,0,2.7,6683,34.4,1,47.5,0,1,6606,2,0.00,0xEE,0,0
22681,14.9,15.0,0.1,3950,0,3.4,6618,35.1,3,47.5,0,1,6593,2,0.00,0xEE,0,0
22696,14.9,15.0,0.1,3946,0,3.9,6618,34.7,5,47.5,0,1,6584,2,0.00,0xEE,0,0
22726,14.8,15.0,0.2,3950,0,3.7,6680,35.3,7,47.5,0,1,6588,2,0.00,0xEE,0,0
22742,14.8,15.0,0.2,3950,0,3.5,6678,34.5,9,47.5,0,1,6592,2,0.00,0xEE,0,0
22757,14.6,15.0,0.4,3960,0,2.7,6675,35.4,9,47.5,0,1,6610,2,0.00,0xEE,0,0
22772,14.8,15.0,0.2,3965,0,2.2,6610,34.7,9,47.5,0,1,6617,2,0.00,0xEE,0,0
22867,14.7,15.0,0.3,3973,0,1.6,6669,34.8,73,47.5,0,1,6628,2,0.00,0xEE,0,0
22883,14.9,15.0,0.1,3972,0,1.5,6668,34.4,8,47.5,0,1,6626,2,0.00,0xEE,0,0
22898,15.0,15.0,0.0,3973,0,1.3,6666,34.6,9,47.5,0,1,6630,2,0.00,0xEE,0,0
22928,15.0,15.0,-0.0,3972,0,1.2,6602,35.1,9,47.5,0,1,6630,2,0.00,0xEE,0,0
22943,15.1,15.0,-0.1,3974,0,1.2,6600,34.4,9,47.5,0,1,6630,2,0.00,0xEE,0,0
22958,15.1,15.0,-0.1,3974,0,1.3,6665,34.4,9,47.5,0,1,6628,2,0.00,0xEE,0,0
22990,15.2,15.0,-0.2,3970,0,1.5,6663,34.4,9,47.5,0,1,6624,2,0.00,0xEE,0,0
23005,15.3,15.0,-0.3,3966,0,2.0,6665,34.2,1,47.5,0,1,6613,2,0.00,0xEE,0,0
23021,15.4,15.0,-0.4,3961,0,2.3,6599,34.5,3,47.5,0,1,6607,2,0.00,0xEE,0,0
23037,15.5,15.0,-0.5,3959,0,2.6,6597,33.9,5,47.5,0,1,6601,2,0.00,0xEE,0,0
23069,15.4,15.0,-0.4,3961,0,2.5,6660,34.4,7,47.5,0,1,6603,2,0.00,0xEE,0,0
23084,15.5,15.0,-0.5,3958,0,2.6,6659,33.9,9,47.5,0,1,6600,2,0.00,0xEE,0,0
23100,15.4,15.0,-0.4,3958,0,2.4,6594,35.1,9,47.5,0,1,6605,2,0.00,0xEE,0,0
23116,15.4,15.0,-0.4,3965,0,1.9,6593,34.6,9,47.5,0,1,6615,2,0.00,0xEE,0,0
23147,15.1,15.0,-0.1,3980,0,0.8,6591,34.5,9,47.6,0,1,6637,2,0.00,0xEE,0,0
23162,15.1,15.0,-0.1,3991,0,-0.3,6654,34.7,9,47.6,0,1,6657,2,0.00,0xEE,0,0
23177,15.0,15.0,0.0,4003,0,-2.0,6654,34.9,0,47.6,0,1,6689,2,0.00,0xEE,0,0
23209,15.0,15.0,0.0,4017,0,-2.6,6591,34.3,2,47.6,0,1,6700,2,0.00,0xEE,0,0
23224,15.0,15.0,0.0,4022,0,-2.9,6593,34.6,4,47.6,0,1,6704,2,0.00,0xEE,0,0
23239,15.1,15.0,-0.1,4020,0,-2.6,6593,34.3,6,47.6,0,1,6698,2,0.00,0xEE,0,0
23269,15.3,15.0,-0.3,4010,0,-1.9,6660,33.8,8,47.6,0,1,6684,2,0.00,0xEE,0,0
23285,15.4,15.0,-0.4,3998,0,-1.0,6660,34.4,9,47.6,0,1,6666,2,0.00,0xEE,0,0
23363,15.3,15.0,-0.3,3994,0,-0.3,6600,34.6,74,47.6,0,1,6654,2,0.00,0xEE,0,0
23394,15.4,15.0,-0.4,3986,0,0.5,6665,34.0,6,47.6,0,1,6639,2,0.00,0xEE,0,0
23409,15.5,15.0,-0.5,3974,0,1.4,6666,34.6,8,47.6,0,1,6621,2,0.00,0xEE,0,0
23425,15.7,15.0,-0.7,3961,0,2.4,6666,34.0,9,47.6,0,1,6602,2,0.00,0xEE,0,0
23441,15.7,15.0,-0.7,3954,0,3.0,6602,34.0,9,47.6,0,1,6590,2,0.00,0xEE,0,0
23473,15.7,15.0,-0.7,3951,0,3.4,6600,34.4,9,47.6,0,1,6584,2,0.00,0xEE,0,0
23488,15.5,15.0,-0.5,3952,0,3.2,6663,34.6,9,47.6,0,1,6589,2,0.00,0xEE,0,0
23503,15.4,15.0,-0.4,3959,0,2.5,6663,34.2,9,47.6,0,1,6603,2,0.00,0xEE,0,0
23534,15.4,15.0,-0.4,3973,0,1.1,6662,34.5,1,47.6,0,1,6628,2,0.00,0xEE,0,0
23549,15.4,15.0,-0.4,3983,0,0.5,6596,34.5,3,47.6,0,1,6640,2,0.00,0xEE,0,0
23565,15.3,15.0,-0.3,3994,0,-0.3,6596,34.3,5,47.6,0,1,6655,2,0.00,0xEE,0,0
23581,15.2,15.0,-0.2,4003,0,-1.1,6660,35.0,7,47.6,0,1,6671,2,0.00,0xEE,0,0
23611,15.2,15.0,-0.2,4006,0,-1.6,6662,34.3,9,47.6,0,1,6679,2,0.00,0xEE,0,0
23627,15.1,15.0,-0.1,4012,0,-2.1,6599,34.8,9,47.6,0,1,6690,2,0.00,0xEE,0,0
23643,15.2,15.0,-0.2,4016,0,-2.4,6599,34.4,9,47.6,0,1,6694,2,0.00,0xEE,0,0
23674,15.1,15.0,-0.1,4020,0,-2.5,6602,34.2,9,47.6,0,1,6697,2,0.00,0xEE,0,0
23690,15.3,15.0,-0.3,4014,0,-2.2,6666,34.5,9,47.6,0,1,6689,2,0.00,0xEE,0,0
23706,15.2,15.0,-0.2,4009,0,-1.5,6668,34.9,0,47.6,0,1,6677,2,0.00,0xEE,0,0
23721,15.1,15.0,-0.1,4010,0,-1.6,6606,35.5,2,47.6,0,1,6681,2,0.00,0xEE,0,0
23752,14.9,15.0,0.1,4017,0,-2.0,6607,34.2,4,47.6,0,1,6691,2,0.00,0xEE,0,0
23768,14.9,15.0,0.1,4021,0,-2.3,6674,34.5,6,47.6,0,1,6695,2,0.00,0xEE,0,0
23784,15.0,15.0,-0.0,4016,0,-2.0,6675,34.6,8,47.6,0,1,6689,2,0.00,0xEE,0,0
23877,15.2,15.0,-0.2,4006,0,-1.4,6615,34.3,74,47.6,0,1,6675,2,0.00,0xEE,0,0
23892,15.2,15.0,-0.2,3997,0,-0.4,6615,34.3,4,47.6,0,1,6657,2,0.00,0xEE,0,0
23907,15.1,15.0,-0.1,3993,0,0.1,6680,34.7,6,47.6,0,1,6649,2,0.00,0xEE,0,0
23938,15.1,15.0,-0.1,3988,0,0.4,6680,34.8,8,47.6,0,1,6644,2,0.00,0xEE,0,0
23954,14.9,15.0,0.1,3991,0,0.2,6616,35.1,9,47.6,0,1,6650,2,0.00,0xEE,0,0
23969,14.9,15.0,0.1,3996,0,-0.1,6615,34.9,9,47.6,0,1,6657,2,0.00,0xEE,0,0
24001,14.8,15.0,0.2,4003,0,-0.6,6616,34.6,9,47.6,0,1,6665,2,0.00,0xEE,0,0
24017,14.8,15.0,0.2,4004,0,-0.8,6681,34.7,9,47.6,0,1,6669,2,0.00,0xEE,0,0
24032,14.9,15.0,0.1,4002,0,-0.8,6681,34.9,9,47.6,0,1,6668,2,0.00,0xEE,0,0
24049,14.8,15.0,0.2,4002,0,-0.9,6616,35.0,1,47.6,0,1,6672,2,0.00,0xEE,0,0
24080,14.7,15.0,0.3,4011,0,-1.3,6619,34.3,3,47.6,0,1,6679,2,0.00,0xEE,0,0
24095,14.8,15.0,0.2,4010,0,-1.1,6684,34.5,5,47.6,0,1,6675,2,0.00,0xEE,0,0
24110,15.0,15.0,0.0,4001,0,-0.6,6684,34.9,7,47.6,0,1,6663,2,0.00,0xEE,0,0
24141,15.0,15.0,-0.0,3993,0,0.0,6685,34.9,9,47.6,0,1,6652,2,0.00,0xEE,0,0
24157,14.9,15.0,0.1,3994,0,0.1,6621,34.7,9,49.5,0,1,6651,2,0.00,0xEE,0,0
24173,14.8,15.0,0.2,3999,0,-0.1,6622,35.2,9,49.5,0,1,6658,2,0.00,0xEE,0,0
24188,14.8,15.0,0.2,4000,0,-0.1,6687,34.7,9,49.5,0,1,6657,2,0.00,0xEE,0,0
24218,14.9,15.0,0.1,3996,0,0.0,6687,34.5,9,49.5,0,1,6654,2,0.00,0xEE,0,0
24234,15.1,15.0,-0.1,3989,0,1.0,6623,34.6,0,49.5,0,1,6633,2,0.00,0xEE,0,0
24250,15.2,15.0,-0.2,3977,0,1.6,6623,34.4,2,49.5,0,1,6623,2,0.00,0xEE,0,0
24282,15.1,15.0,-0.1,3976,0,1.8,6623,34.8,4,49.5,0,1,6618,2,0.00,0xEE,0,0
24296,15.1,15.0,-0.1,3972,0,1.9,6685,34.5,6,49.5,0,1,6616,2,0.00,0xEE,0,0
24372,15.1,15.0,-0.1,3970,0,1.9,6619,34.5,83,49.5,0,1,6616,2,0.00,0xEE,0,0
24388,15.1,15.0,-0.1,3973,0,1.9,6619,34.6,9,49.5,0,1,6618,2,0.00,0xEE,0,0
24404,15.1,15.0,-0.1,3975,0,1.5,6681,34.4,9,49.5,0,1,6624,2,0.00,0xEE,0,0
24435,15.2,15.0,-0.2,3976,0,1.2,6681,34.4,9,49.5,0,1,6629,2,0.00,0xEE,0,0
24451,15.2,15.0,-0.2,3979,0,1.0,6615,34.6,0,49.5,0,1,6633,2,0.00,0xEE,0,0
24467,15.2,15.0,-0.2,3986,0,0.6,6612,34.7,2,49.5,0,1,6639,2,0.00,0xEE,0,0
24498,15.1,15.0,-0.1,3994,0,0.1,6678,34.8,4,49.5,0,1,6651,2,0.00,0xEE,0,0
24513,15.0,15.0,0.0,4000,0,-0.6,6675,34.2,6,49.5,0,1,6663,2,0.00,0xEE,0,0
24529,15.0,15.0,-0.0,4003,0,-0.9,6677,34.5,8,49.5,0,1,6669,2,0.00,0xEE,0,0
24545,15.1,15.0,-0.1,4005,0,-1.0,6612,34.6,9,49.5,0,1,6670,2,0.00,0xEE,0,0
24576,15.1,15.0,-0.1,4005,0,-1.0,6613,34.7,9,49.5,0,1,6668,2,0.00,0xEE,0,0
24592,15.1,15.0,-0.1,4004,0,-0.9,6677,34.3,9,49.5,0,1,6668,2,0.00,0xEE,0,0
24607,15.2,15.0,-0.2,3999,0,-0.7,6680,34.3,9,49.5,0,1,6663,2,0.00,0xEE,0,0
24623,15.3,15.0,-0.3,3995,0,-0.2,6615,34.4,9,49.5,0,1,6654,2,0.00,0xEE,0,0
24654,15.3,15.0,-0.3,3984,0,0.7,6616,34.4,1,49.5,0,1,6637,2,0.00,0xEE,0,0
24670,15.3,15.0,-0.3,3983,0,0.8,6616,34.4,3,49.5,0,1,6634,2,0.00,0xEE,0,0
24686,15.3,15.0,-0.3,3981,0,0.9,6680,34.7,5,49.5,0,1,6633,2,0.00,0xEE,0,0
24716,15.3,15.0,-0.3,3980,0,1.0,6678,34.2,7,49.5,0,1,6632,2,0.00,0xEE,0,0
24732,15.3,15.0,-0.3,3980,0,1.0,6613,34.3,9,49.5,0,1,6631,2,0.00,0xEE,0,0
24746,15.3,15.0,-0.3,3980,0,1.1,6613,34.4,9,49.5,0,1,6629,2,0.00,0xEE,0,0
24779,15.3,15.0,-0.3,3979,0,1.1,6677,34.7,9,49.5,0,1,6629,2,0.00,0xEE,0,0
24794,15.3,15.0,-0.3,3979,0,1.0,6675,33.9,9,49.5,0,1,6631,2,0.00,0xEE,0,0
24871,15.2,15.0,-0.2,3988,0,0.6,6613,34.6,75,49.5,0,1,6640,2,0.00,0xEE,0,0
24903,15.2,15.0,-0.2,3989,0,0.5,6612,34.3,8,49.5,0,1,6641,2,0.00,0xEE,0,0
24919,15.2,15.0,-0.2,3993,0,-0.0,6680,34.6,9,49.5,0,1,6651,2,0.00,0xEE,0,0
24935,15.2,15.0,-0.2,3995,0,-0.4,6680,34.7,9,49.5,0,1,6658,2,0.00,0xEE,0,0
24950,15.1,15.0,-0.1,4003,0,-1.0,6616,34.6,9,49.5,0,1,6669,2,0.00,0xEE,0,0
24981,15.0,15.0,-0.0,4012,0,-1.7,6618,34.4,1,49.5,0,1,6684,2,0.00,0xEE,0,0
24997,15.0,15.0,0.0,4015,0,-2.1,6681,34.8,3,49.5,0,1,6690,2,0.00,0xEE,0,0
25013,15.1,15.0,-0.1,4012,0,-2.0,6683,34.3,5,49.5,0,1,6687,2,0.00,0xEE,0,0
25043,15.1,15.0,-0.1,4008,0,-1.7,6621,34.5,7,49.5,0,1,6682,2,0.00,0xEE,0,0
25059,15.2,15.0,-0.2,4004,0,-1.2,6621,34.8,9,49.5,0,1,6671,2,0.00,0xEE,0,0
25074,15.1,15.0,-0.1,4004,0,-1.0,6622,34.9,9,49.5,0,1,6670,2,0.00,0xEE,0,0
25089,14.9,15.0,0.1,4006,0,-1.2,6688,35.1,9,49.5,0,1,6675,2,0.00,0xEE,0,0
25121,14.7,15.0,0.3,4012,0,-1.8,6688,35.2,9,49.5,0,1,6688,2,0.00,0xEE,0,0
25136,14.6,15.0,0.4,4022,0,-2.4,6625,34.8,9,49.5,0,1,6701,2,0.00,0xEE,0,0
25152,14.8,15.0,0.2,4026,0,-2.4,6626,34.6,0,46.9,0,1,6698,2,0.00,0xEE,0,0
25184,15.0,15.0,0.0,4010,0,-1.6,6693,35.1,2,46.9,0,1,6681,2,0.00,0xEE,0,0
25199,15.0,15.0,0.0,4002,0,-1.0,6694,34.9,4,46.9,0,1,6670,2,0.00,0xEE,0,0
25215,14.9,15.0,0.1,3999,0,-0.7,6693,34.5,6,46.9,0,1,6666,2,0.00,0xEE,0,0
25231,14.8,15.0,0.2,4001,0,-0.6,6631,35.3,8,46.9,0,1,6667,2,0.00,0xEE,0,0
25261,14.6,15.0,0.4,4007,0,-0.9,6631,35.3,9,46.9,0,1,6674,2,0.00,0xEE,0,0
25277,14.5,15.0,0.5,4012,0,-1.5,6696,34.7,9,46.9,0,1,6685,2,0.00,0xEE,0,0
25292,14.5,15.0,0.5,4015,0,-1.8,6696,34.9,9,46.9,0,1,6692,2,0.00,0xEE,0,0
25386,14.6,15.0,0.4,4014,0,-1.7,6635,35.0,74,46.9,0,1,6687,2,0.00,0xEE,0,0
25402,14.7,15.0,0.3,4012,0,-1.5,6699,35.3,9,46.9,0,1,6683,2,0.00,0xEE,0,0
25418,14.7,15.0,0.3,4005,0,-0.9,6700,34.8,9,46.9,0,1,6673,2,0.00,0xEE,0,0
25449,14.7,15.0,0.3,3998,0,-0.4,6702,34.9,9,46.9,0,1,6664,2,0.00,0xEE,0,0
25464,14.7,15.0,0.3,3994,0,0.1,6637,35.3,9,46.9,0,1,6654,2,0.00,0xEE,0,0
25480,14.8,15.0,0.2,3990,0,0.6,6637,34.6,9,46.9,0,1,6645,2,0.00,0xEE,0,0
25496,14.5,15.0,0.5,3989,0,0.3,6700,35.3,1,46.9,0,1,6654,2,0.00,0xEE,0,0
25527,14.3,15.0,0.7,4000,0,-0.4,6700,35.1,3,46.9,0,1,6668,2,0.00,0xEE,0,0
25542,14.4,15.0,0.6,4002,0,-0.7,6637,34.8,5,46.9,0,1,6673,2,0.00,0xEE,0,0
25558,14.5,15.0,0.5,4004,0,-0.8,6635,35.4,7,46.9,0,1,6673,2,0.00,0xEE,0,0
25589,14.5,15.0,0.5,4004,0,-0.7,6702,35.2,9,46.9,0,1,6671,2,0.00,0xEE,0,0
25605,14.5,15.0,0.5,4003,0,-0.7,6702,34.5,9,46.9,0,1,6671,2,0.00,0xEE,0,0
25620,14.6,15.0,0.4,3998,0,-0.4,6700,34.8,9,46.9,0,1,6664,2,0.00,0xEE,0,0
25637,14.7,15.0,0.3,3992,0,0.2,6637,35.1,9,46.9,0,1,6652,2,0.00,0xEE,0,0
25667,14.8,15.0,0.2,3984,0,1.0,6637,34.9,9,46.9,0,1,6637,2,0.00,0xEE,0,0
25684,14.7,15.0,0.3,3979,0,1.5,6700,34.9,0,46.9,0,1,6630,2,0.00,0xEE,0,0
25699,14.7,15.0,0.3,3976,0,1.5,6700,34.8,2,46.9,0,1,6629,2,0.00,0xEE,0,0
25714,14.8,15.0,0.2,3973,0,1.6,6635,34.6,4,46.9,0,1,6626,2,0.00,0xEE,0,0
25744,14.8,15.0,0.2,3973,0,1.7,6634,34.9,6,46.9,0,1,6624,2,0.00,0xEE,0,0
25760,14.8,15.0,0.2,3974,0,1.7,6697,35.0,8,46.9,0,1,6624,2,0.00,0xEE,0,0
25776,14.8,15.0,0.2,3975,0,1.6,6696,34.6,9,46.9,0,1,6627,2,0.00,0xEE,0,0
25807,14.8,15.0,0.2,3975,0,1.4,6696,34.7,9,46.9,0,1,6629,2,0.00,0xEE,0,0
25885,14.9,15.0,0.1,3976,0,1.4,6626,34.8,73,46.9,0,1,6628,2,0.00,0xEE,0,0
25900,14.9,15.0,0.1,3980,0,1.0,6688,34.3,7,46.9,0,1,6635,2,0.00,0xEE,0,0
25931,14.8,15.0,0.2,3985,0,0.6,6687,34.9,8,46.9,0,1,6645,2,0.00,0xEE,0,0
25947,14.8,15.0,0.2,3990,0,0.0,6687,35.0,9,46.9,0,1,6655,2,0.00,0xEE,0,0
25963,14.8,15.0,0.2,3997,0,-0.4,6623,34.8,9,46.9,0,1,6664,2,0.00,0xEE,0,0
25978,14.8,15.0,0.2,4001,0,-0.7,6623,34.6,9,46.9,0,1,6669,2,0.00,0xEE,0,0
26009,14.9,15.0,0.1,4002,0,-0.8,6687,34.7,9,46.9,0,1,6668,2,0.00,0xEE,0,0
26025,15.0,15.0,-0.0,3995,0,-0.1,6688,34.1,0,46.9,0,1,6653,2,0.00,0xEE,0,0
26041,15.1,15.0,-0.1,3990,0,0.4,6623,34.6,2,46.9,0,1,6645,2,0.00,0xEE,0,0
26072,15.2,15.0,-0.2,3979,0,1.0,6623,34.2,3,46.9,0,1,6632,2,0.00,0xEE,0,0
26088,15.3,15.0,-0.3,3971,0,1.8,6688,34.3,5,46.9,0,1,6617,2,0.00,0xEE,0,0
26103,15.4,15.0,-0.4,3960,0,2.5,6688,34.5,7,46.9,0,1,6602,2,0.00,0xEE,0,0
26118,15.4,15.0,-0.4,3954,0,2.9,6687,34.1,9,46.9,0,1,6596,2,0.00,0xEE,0,0
26149,15.3,15.0,-0.3,3956,0,2.9,6623,34.6,9,46.9,0,1,6596,2,0.00,0xEE,0,0
26164,15.4,15.0,-0.4,3956,0,3.0,6622,33.9,9,48.6,0,1,6595,2,0.00,0xEE,0,0
26180,15.5,15.0,-0.5,3954,0,3.2,6684,33.8,9,48.6,0,1,6590,2,0.00,0xEE,0,0
26212,15.7,15.0,-0.7,3944,0,3.7,6681,34.2,9,48.6,0,1,6578,2,0.00,0xEE,0,0
26227,15.5,15.0,-0.5,3940,0,3.4,6616,34.4,1,48.6,0,1,6586,2,0.00,0xEE,0,0
26242,15.3,15.0,-0.3,3960,0,2.4,6613,34.3,2,48.6,0,1,6606,2,0.00,0xEE,0,0
26273,15.3,15.0,-0.3,3972,0,1.4,6612,34.1,4,48.6,0,1,6625,2,0.00,0xEE,0,0
26303,15.3,15.0,-0.3,3979,0,0.6,6675,34.5,6,48.6,0,1,6638,2,0.00,0xEE,0,0
26303,15.4,15.0,-0.4,3981,0,0.2,6674,33.9,8,48.6,0,1,6644,2,0.00,0xEE,0,0
26397,15.4,15.0,-0.4,3991,0,-0.3,6609,35.0,74,48.6,0,1,6654,2,0.00,0xEE,0,0
26411,15.3,15.0,-0.3,3996,0,-0.7,6675,34.6,4,48.6,0,1,6662,2,0.00,0xEE,0,0
26427,15.4,15.0,-0.4,3995,0,-0.8,6675,34.3,6,48.6,0,1,6663,2,0.00,0xEE,0,0
26458,15.3,15.0,-0.3,3999,0,-1.2,6677,34.0,8,48.6,0,1,6672,2,0.00,0xEE,0,0
26474,15.5,15.0,-0.5,3996,0,-1.0,6613,34.0,9,48.6,0,1,6664,2,0.00,0xEE,0,0
26490,15.6,15.0,-0.6,3991,0,-0.5,6615,33.6,9,48.6,0,1,6654,2,0.00,0xEE,0,0
26505,15.8,15.0,-0.8,3979,0,0.4,6681,33.8,9,48.6,0,1,6636,2,0.00,0xEE,0,0
26536,15.9,15.0,-0.9,3965,0,1.4,6680,33.6,9,48.6,0,1,6616,2,0.00,0xEE,0,0
26552,16.0,15.0,-1.0,3953,0,3.0,6615,33.9,0,48.6,0,1,6588,2,0.00,0xEE,0,0
26567,15.9,15.0,-0.9,3947,0,3.0,6615,34.1,1,48.6,0,1,6587,2,0.00,0xEE,0,0
26598,15.8,15.0,-0.8,3953,0,2.7,6612,34.6,3,48.6,0,1,6595,2,0.00,0xEE,0,0
26613,15.5,15.0,-0.5,3963,0,1.8,6675,34.4,5,48.6,0,1,6614,2,0.00,0xEE,0,0
26628,15.4,15.0,-0.4,3976,0,0.5,6674,33.8,7,48.6,0,1,6639,2,0.00,0xEE,0,0
26644,15.4,15.0,-0.4,3989,0,-0.5,6609,34.1,9,48.6,0,1,6657,2,0.00,0xEE,0,0
26675,15.5,15.0,-0.5,3996,0,-1.1,6609,34.2,9,48.6,0,1,6666,2,0.00,0xEE,0,0
26690,15.6,15.0,-0.6,3998,0,-1.2,6672,33.8,9,48.6,0,1,6667,2,0.00,0xEE,0,0
26706,15.6,15.0,-0.6,3996,0,-1.1,6674,34.0,9,48.6,0,1,6665,2,0.00,0xEE,0,0
26738,15.7,15.0,-0.7,3993,0,-1.0,6674,34.0,9,48.6,0,1,6662,2,0.00,0xEE,0,0
26753,15.7,15.0,-0.7,3991,0,-0.4,6610,34.3,0,48.6,0,1,6652,2,0.00,0xEE,0,0
26768,15.8,15.0,-0.8,3984,0,-0.0,6610,33.8,2,48.6,0,1,6644,2,0.00,0xEE,0,0
26784,15.8,15.0,-0.8,3978,0,0.4,6675,33.9,4,48.6,0,1,6636,2,0.00,0xEE,0,0
26815,15.8,15.0,-0.8,3972,0,0.8,6675,34.2,6,48.6,0,1,6628,2,0.00,0xEE,0,0
26892,15.8,15.0,-0.8,3973,0,0.8,6610,34.2,90,48.6,0,1,6628,2,0.00,0xEE,0,0
26922,15.7,15.0,-0.7,3979,0,0.4,6609,34.6,2,48.6,0,1,6637,2,0.00,0xEE,0,0
26937,15.6,15.0,-0.6,3982,0,0.0,6672,34.0,4,48.6,0,1,6644,2,0.00,0xEE,0,0
26952,15.5,15.0,-0.5,3991,0,-0.6,6672,34.4,5,48.6,0,1,6657,2,0.00,0xEE,0,0
26968,15.4,15.0,-0.4,3996,0,-1.2,6674,34.3,7,48.6,0,1,6668,2,0.00,0xEE,0,0
27000,15.3,15.0,-0.3,4007,0,-1.9,6607,34.4,9,48.6,0,1,6683,2,0.00,0xEE,0,0
27016,15.3,15.0,-0.3,4013,0,-2.3,6609,34.2,9,48.6,0,1,6690,2,0.00,0xEE,0,0
27031,15.3,15.0,-0.3,4015,0,-2.6,6675,34.5,9,48.6,0,1,6696,2,0.00,0xEE,0,0
27063,15.3,15.0,-0.3,4014,0,-2.7,6677,34.3,9,48.6,0,1,6696,2,0.00,0xEE,0,0
27078,15.3,15.0,-0.3,4013,0,-2.6,6616,34.4,9,48.6,0,1,6696,2,0.00,0xEE,0,0
27094,15.3,15.0,-0.3,4012,0,-2.3,6618,33.5,0,48.6,0,1,6690,2,0.00,0xEE,0,0
27109,15.5,15.0,-0.5,4003,0,-1.6,6618,33.8,2,48.6,0,1,6674,2,0.00,0xEE,0,0
27140,15.7,15.0,-0.7,3987,0,-0.4,6683,33.9,4,48.6,0,1,6650,2,0.00,0xEE,0,0
27156,15.9,15.0,-0.9,3969,0,1.1,6684,34.2,6,48.6,0,1,6623,2,0.00,0xEE,0,0
27172,15.7,15.0,-0.7,3964,0,1.8,6619,34.3,8,47.6,0,1,6611,2,0.00,0xEE,0,0
27187,15.6,15.0,-0.6,3964,0,1.9,6621,34.0,9,47.6,0,1,6610,2,0.00,0xEE,0,0
27217,15.4,15.0,-0.4,3966,0,1.6,6684,34.3,9,47.6,0,1,6617,2,0.00,0xEE,0,0
27232,15.4,15.0,-0.4,3969,0,1.3,6683,34.2,9,47.6,0,1,6623,2,0.00,0xEE,0,0
27248,15.4,15.0,-0.4,3971,0,1.0,6681,34.2,9,47.6,0,1,6629,2,0.00,0xEE,0,0
27279,15.5,15.0,-0.5,3975,0,0.7,6616,34.6,9,47.6,0,1,6633,2,0.00,0xEE,0,0
27295,15.5,15.0,-0.5,3981,0,0.3,6616,34.2,1,47.6,0,1,6641,2,0.00,0xEE,0,0
27310,15.5,15.0,-0.5,3982,0,0.1,6681,34.6,3,47.6,0,1,6644,2,0.00,0xEE,0,0
27404,15.5,15.0,-0.5,3982,0,0.1,6677,34.6,87,47.6,0,1,6644,2,0.00,0xEE,0,0
27420,15.3,15.0,-0.3,3986,0,0.0,6613,34.8,9,47.6,0,1,6647,2,0.00,0xEE,0,0
27435,14.9,15.0,0.1,3998,0,-2.1,6613,34.6,0,47.6,0,1,6691,2,0.00,0xEE,0,0
27466,14.9,15.0,0.1,4021,0,-3.0,6678,34.1,2,47.6,0,1,6706,2,0.00,0xEE,0,0
27481,15.0,15.0,0.0,4023,0,-3.4,6678,34.6,4,47.6,0,1,6712,2,0.00,0xEE,0,0
27497,15.1,15.0,-0.1,4022,0,-3.3,6615,35.0,6,47.6,0,1,6711,2,0.00,0xEE,0,0
27512,15.1,15.0,-0.1,4021,0,-3.1,6616,34.5,8,47.6,0,1,6707,2,0.00,0xEE,0,0
27543,15.1,15.0,-0.1,4019,0,-2.7,6618,34.1,9,47.6,0,1,6699,2,0.00,0xEE,0,0
27558,15.2,15.0,-0.2,4010,0,-2.1,6685,34.4,9,47.6,0,1,6687,2,0.00,0xEE,0,0
27574,15.2,15.0,-0.2,4000,0,-1.3,6687,34.6,9,47.6,0,1,6672,2,0.00,0xEE,0,0
27604,15.3,15.0,-0.3,3993,0,-0.5,6623,34.4,9,47.6,0,1,6658,2,0.00,0xEE,0,0
27619,15.2,15.0,-0.2,3990,0,-0.1,6623,34.6,9,47.6,0,1,6650,2,0.00,0xEE,0,0
27635,15.1,15.0,-0.1,3984,0,0.4,6687,34.1,1,47.6,0,1,6643,2,0.00,0xEE,0,0
27665,15.3,15.0,-0.3,3977,0,0.8,6687,34.2,3,47.6,0,1,6634,2,0.00,0xEE,0,0
27681,15.4,15.0,-0.4,3969,0,1.4,6688,34.6,5,47.6,0,1,6622,2,0.00,0xEE,0,0
27696,15.4,15.0,-0.4,3966,0,1.9,6623,34.4,7,47.6,0,1,6613,2,0.00,0xEE,0,0
27711,15.3,15.0,-0.3,3966,0,2.0,6622,34.2,9,47.6,0,1,6612,2,0.00,0xEE,0,0
27743,15.3,15.0,-0.3,3967,0,1.8,6685,34.6,9,47.6,0,1,6616,2,0.00,0xEE,0,0
27759,15.2,15.0,-0.2,3970,0,1.4,6685,34.6,9,47.6,0,1,6624,2,0.00,0xEE,0,0
27775,15.1,15.0,-0.1,3978,0,0.8,6619,34.2,9,47.6,0,1,6635,2,0.00,0xEE,0,0
27806,15.1,15.0,-0.1,3987,0,0.1,6618,34.6,9,47.6,0,1,6648,2,0.00,0xEE,0,0
27821,15.1,15.0,-0.1,3994,0,-0.8,6684,35.1,0,47.6,0,1,6665,2,0.00,0xEE,0,0
27900,15.1,15.0,-0.1,3995,0,-0.8,6684,35.1,84,47.6,0,1,6665,2,0.00,0xEE,0,0
27930,15.0,15.0,0.0,3996,0,-0.9,6621,34.9,8,47.6,0,1,6668,2,0.00,0xEE,0,0
27946,14.8,15.0,0.2,4006,0,-1.6,6621,35.2,9,47.6,0,1,6683,2,0.00,0xEE,0,0
27961,14.7,15.0,0.3,4017,0,-2.3,6621,34.8,9,47.6,0,1,6697,2,0.00,0xEE,0,0
27976,14.8,15.0,0.2,4018,0,-2.6,6687,35.1,1,47.6,0,1,6701,2,0.00,0xEE,0,0
28007,14.9,15.0,0.1,4012,0,-2.3,6688,34.0,3,47.6,0,1,6694,2,0.00,0xEE,0,0
28023,14.8,15.0,0.2,4013,0,-2.1,6626,35.1,5,47.6,0,1,6692,2,0.00,0xEE,0,0
28053,14.8,15.0,0.2,4012,0,-1.9,6626,34.8,7,47.6,0,1,6688,2,0.00,0xEE,0,0
28068,14.7,15.0,0.3,4013,0,-2.0,6690,35.2,9,47.6,0,1,6691,2,0.00,0xEE,0,0
28084,14.8,15.0,0.2,4008,0,-1.7,6691,34.5,9,47.6,0,1,6684,2,0.00,0xEE,0,0
28099,14.8,15.0,0.2,4003,0,-1.3,6628,34.8,9,47.6,0,1,6679,2,0.00,0xEE,0,0
28130,14.9,15.0,0.1,3998,0,-0.7,6629,35.0,9,47.6,0,1,6667,2,0.00,0xEE,0,0
28146,14.9,15.0,0.1,3994,0,-0.2,6629,34.6,9,47.6,0,1,6658,2,0.00,0xEE,0,0
28162,14.9,15.0,0.1,3989,0,0.5,6693,34.6,0,47.6,0,1,6644,2,0.00,0xEE,0,0
28178,14.9,15.0,0.1,3980,0,0.8,6693,35.1,2,47.6,0,1,6640,2,0.00,0xEE,0,0
28208,14.9,15.0,0.1,3980,0,0.9,6628,34.9,4,47.6,0,1,6637,2,0.00,0xEE,0,0
28224,14.8,15.0,0.2,3984,0,0.7,6629,34.6,6,47.6,0,1,6642,2,0.00,0xEE,0,0
28240,14.8,15.0,0.2,3984,0,0.5,6691,34.9,8,47.6,0,1,6645,2,0.00,0xEE,0,0
28255,14.8,15.0,0.2,3985,0,0.4,6691,35.1,9,47.6,0,1,6648,2,0.00,0xEE,0,0
28287,14.7,15.0,0.3,3988,0,0.0,6691,35.1,9,47.6,0,1,6655,2,0.00,0xEE,0,0
28302,14.6,15.0,0.4,3995,0,-0.4,6626,34.8,9,47.6,0,1,6664,2,0.00,0xEE,0,0
28318,14.5,15.0,0.5,4003,0,-0.9,6626,35.3,9,47.6,0,1,6673,2,0.00,0xEE,0,0
28410,14.5,15.0,0.5,4008,0,-1.3,6693,35.2,74,47.6,0,1,6682,2,0.00,0xEE,0,0
28425,14.5,15.0,0.5,4008,0,-1.4,6629,35.2,9,47.6,0,1,6683,2,0.00,0xEE,0,0
28440,14.4,15.0,0.6,4011,0,-1.5,6629,34.8,9,47.6,0,1,6686,2,0.00,0xEE,0,0
28471,14.6,15.0,0.4,4008,0,-1.2,6694,34.5,9,47.6,0,1,6679,2,0.00,0xEE,0,0
28487,14.7,15.0,0.3,3998,0,-0.6,6694,34.9,9,47.6,0,1,6665,2,0.00,0xEE,0,0
28502,14.8,15.0,0.2,3986,0,0.9,6696,35.1,1,47.6,0,1,6637,2,0.00,0xEE,0,0
28533,14.8,15.0,0.2,3979,0,1.2,6632,35.0,3,47.6,0,1,6633,2,0.00,0xEE,0,0
28549,14.7,15.0,0.3,3980,0,1.2,6632,34.6,5,47.6,0,1,6634,2,0.00,0xEE,0,0
28564,14.8,15.0,0.2,3978,0,1.4,6696,34.6,7,47.6,0,1,6629,2,0.00,0xEE,0,0
28595,14.9,15.0,0.1,3971,0,1.8,6694,35.5,9,47.6,0,1,6620,2,0.00,0xEE,0,0
28611,15.1,15.0,-0.1,3962,0,2.4,6629,34.6,9,47.6,0,1,6608,2,0.00,0xEE,0,0
28627,15.0,15.0,0.0,3963,0,2.5,6629,34.9,9,47.6,0,1,6607,2,0.00,0xEE,0,0
28643,14.9,15.0,0.1,3968,0,2.2,6691,35.2,9,47.6,0,1,6614,2,0.00,0xEE,0,0
28674,14.8,15.0,0.2,3973,0,1.6,6690,34.8,9,47.6,0,1,6626,2,0.00,0xEE,0,0
28690,14.7,15.0,0.3,3980,0,0.3,6625,34.8,0,47.6,0,1,6650,2,0.00,0xEE,0,0
28705,14.8,15.0,0.2,3991,0,-0.1,6625,34.6,2,47.6,0,1,6656,2,0.00,0xEE,0,0
28735,14.9,15.0,0.1,3992,0,-0.1,6623,35.0,4,47.6,0,1,6656,2,0.00,0xEE,0,0
28750,14.9,15.0,0.1,3994,0,-0.1,6688,34.8,6,47.6,0,1,6656,2,0.00,0xEE,0,0
28766,14.9,15.0,0.1,3992,0,-0.1,6687,34.5,7,47.6,0,1,6656,2,0.00,0xEE,0,0
28782,14.9,15.0,0.1,3990,0,-0.1,6622,35.1,9,47.6,0,1,6656,2,0.00,0xEE,0,0
28814,14.8,15.0,0.2,3995,0,-0.4,6622,35.2,9,47.6,0,1,6662,2,0.00,0xEE,0,0
28829,14.6,15.0,0.4,4003,0,-0.9,6623,35.7,9,47.6,0,1,6673,2,0.00,0xEE,0,0
28906,14.5,15.0,0.5,4009,0,-1.6,6691,34.6,74,47.6,0,1,6688,2,0.00,0xEE,0,0
28938,14.5,15.0,0.5,4011,0,-1.7,6626,35.0,9,47.6,0,1,6688,2,0.00,0xEE,0,0
28954,14.7,15.0,0.3,4006,0,-1.2,6626,34.4,9,47.6,0,1,6677,2,0.00,0xEE,0,0
28969,14.8,15.0,0.2,3997,0,-0.6,6691,35.0,9,47.6,0,1,6665,2,0.00,0xEE,0,0
29000,14.8,15.0,0.2,3990,0,-0.0,6691,35.1,9,47.6,0,1,6655,2,0.00,0xEE,0,0
29015,14.7,15.0,0.3,3989,0,0.0,6629,34.7,9,47.6,0,1,6656,2,0.00,0xEE,0,0
29031,14.9,15.0,0.1,3981,0,0.9,6629,34.6,1,47.6,0,1,6638,2,0.00,0xEE,0,0
29046,15.0,15.0,0.0,3973,0,1.6,6628,34.6,3,47.6,0,1,6624,2,0.00,0xEE,0,0
29077,15.0,15.0,-0.0,3965,0,2.1,6691,34.3,5,47.6,0,1,6614,2,0.00,0xEE,0,0
29093,15.1,15.0,-0.1,3957,0,2.7,6690,34.4,7,47.6,0,1,6601,2,0.00,0xEE,0,0
29107,15.2,15.0,-0.2,3952,0,3.2,6623,34.9,8,47.6,0,1,6591,2,0.00,0xEE,0,0
29138,15.1,15.0,-0.1,3954,0,3.2,6623,34.9,9,47.6,0,1,6593,2,0.00,0xEE,0,0
29153,14.9,15.0,0.1,3959,0,2.6,6685,34.7,9,47.6,0,1,6605,2,0.00,0xEE,0,0
29169,14.8,15.0,0.2,3968,0,1.8,6683,34.1,9,47.0,0,1,6622,2,0.00,0xEE,0,0
29199,15.0,15.0,-0.0,3968,0,1.5,6684,34.3,9,47.0,0,1,6625,2,0.00,0xEE,0,0
29214,15.5,15.0,-0.5,3964,0,2.7,6616,34.0,0,47.0,0,1,6596,2,0.00,0xEE,0,0
29229,15.7,15.0,-0.7,3947,0,3.5,6616,34.0,2,47.0,0,1,6581,2,0.00,0xEE,0,0
29260,15.7,15.0,-0.7,3939,0,4.1,6680,34.0,4,47.0,0,1,6571,2,0.00,0xEE,0,0
29276,15.7,15.0,-0.7,3934,0,4.3,6678,34.1,5,47.0,0,1,6567,2,0.00,0xEE,0,0
29291,15.7,15.0,-0.7,3936,0,4.3,6612,33.8,7,47.0,0,1,6567,2,0.00,0xEE,0,0
29307,15.7,15.0,-0.7,3940,0,3.9,6610,34.4,9,47.0,0,1,6573,2,0.00,0xEE,0,0
29338,15.7,15.0,-0.7,3946,0,3.5,6607,34.0,9,47.0,0,1,6582,2,0.00,0xEE,0,0
29417,15.7,15.0,-0.7,3947,0,2.9,6665,34.0,74,47.0,0,1,6591,2,0.00,0xEE,0,0
29432,15.7,15.0,-0.7,3958,0,1.8,6599,34.2,7,47.0,0,1,6611,2,0.00,0xEE,0,0
29463,15.7,15.0,-0.7,3970,0,0.9,6597,34.1,9,47.0,0,1,6628,2,0.00,0xEE,0,0
29480,15.6,15.0,-0.6,3982,0,0.0,6660,33.8,9,47.0,0,1,6644,2,0.00,0xEE,0,0
29495,15.6,15.0,-0.6,3988,0,-0.6,6660,34.0,9,47.0,0,1,6656,2,0.00,0xEE,0,0
29510,15.7,15.0,-0.7,3991,0,-1.1,6662,34.2,9,47.0,0,1,6663,2,0.00,0xEE,0,0
29542,15.7,15.0,-0.7,3995,0,-1.3,6596,33.7,9,47.0,0,1,6667,2,0.00,0xEE,0,0
29557,15.8,15.0,-0.8,3993,0,-0.9,6597,33.9,1,47.0,0,1,6658,2,0.00,0xEE,0,0
29573,15.9,15.0,-0.9,3986,0,-0.5,6662,33.5,3,47.0,0,1,6649,2,0.00,0xEE,0,0
29605,15.9,15.0,-0.9,3981,0,-0.2,6662,34.0,5,47.0,0,1,6644,2,0.00,0xEE,0,0
29620,15.9,15.0,-0.9,3977,0,0.1,6665,33.8,6,47.0,0,1,6640,2,0.00,0xEE,0,0
29636,15.8,15.0,-0.8,3979,0,0.1,6600,34.0,8,47.0,0,1,6640,2,0.00,0xEE,0,0
29651,15.8,15.0,-0.8,3982,0,0.0,6600,34.2,9,47.0,0,1,6642,2,0.00,0xEE,0,0
29682,15.7,15.0,-0.7,3986,0,-0.2,6665,33.7,9,47.0,0,1,6647,2,0.00,0xEE,0,0
29697,15.8,15.0,-0.8,3983,0,-0.1,6663,33.6,9,47.0,0,1,6644,2,0.00,0xEE,0,0
29713,15.9,15.0,-0.9,3978,0,0.2,6600,33.9,9,47.0,0,1,6637,2,0.00,0xEE,0,0
29744,15.9,15.0,-0.9,3975,0,0.9,6599,33.8,0,47.0,0,1,6625,2,0.00,0xEE,0,0
29759,15.9,15.0,-0.9,3972,0,0.9,6599,33.8,2,47.0,0,1,6624,2,0.00,0xEE,0,0
29775,15.9,15.0,-0.9,3970,0,0.9,6663,33.6,3,47.0,0,1,6624,2,0.00,0xEE,0,0
29790,15.9,15.0,-0.9,3970,0,0.9,6662,33.8,5,47.0,0,1,6625,2,0.00,0xEE,0,0
29821,16.0,15.0,-1.0,3967,0,0.9,6599,33.4,7,47.0,0,1,6623,2,0.00,0xEE,0,0
29838,16.0,15.0,-1.0,3967,0,1.1,6599,33.7,9,47.0,0,1,6620,2,0.00,0xEE,0,0
29929,16.0,15.0,-1.0,3967,0,1.2,6660,34.3,74,47.0,0,1,6618,2,0.00,0xEE,0,0
29944,16.0,15.0,-1.0,3969,0,0.8,6660,33.8,5,47.0,0,1,6625,2,0.00,0xEE,0,0
29976,16.0,15.0,-1.0,3974,0,0.5,6596,33.7,7,47.0,0,1,6631,2,0.00,0xEE,0,0
29976,15.9,15.0,-0.9,3980,0,0.1,6596,34.5,9,47.0,0,1,6638,2,0.00,0xEE,0,0
