t_ms,H_cm,T_cm,E_cm,P,M,D_cms,RPM,RAW_cm,age_ms,F,PRE,CAS,RS,CM,FH,TID,TIN,TST
9,2.8,15.0,2.4,0,0,-1.8,0,46.6,4,42.0,0,1,6662,2,0.00,0xEE,0,0
13,2.7,15.0,2.4,0,0,-1.8,0,46.6,70,42.0,0,1,6662,2,0.00,0xEE,0,0
13,2.5,15.0,2.4,0,0,-1.8,0,47.0,5,42.0,0,1,6662,2,0.00,0xEE,0,0
13,2.9,15.0,2.4,0,0,-1.8,0,46.5,194,42.0,0,1,6662,2,0.00,0xEE,0,0
13,2.7,15.0,2.4,0,0,-1.8,0,46.6,2,42.0,0,1,6662,2,0.00,0xEE,0,0
13,2.6,15.0,2.4,0,0,-1.8,0,46.7,10,42.0,0,1,6662,2,0.00,0xEE,0,0
13,2.8,15.0,2.4,0,0,-1.8,0,46.6,72,42.0,0,1,6662,2,0.00,0xEE,0,0
14,2.7,15.0,2.4,0,0,-1.8,0,46.8,8,42.0,0,1,6662,2,0.00,0xEE,0,0
14,2.7,15.0,2.4,0,0,-1.8,0,46.5,73,42.0,0,1,6662,2,0.00,0xEE,0,0
14,2.4,15.0,2.4,0,0,-1.8,0,46.7,8,33.9,0,1,6662,2,0.00,0xEE,0,0
14,2.6,15.0,2.4,0,0,-1.8,0,46.7,74,33.9,0,1,6662,2,0.00,0xEE,0,0
14,2.6,15.0,2.4,0,0,-1.8,0,46.6,9,33.9,0,1,6662,2,0.00,0xEE,0,0
14,2.6,15.0,2.4,0,0,-1.8,0,46.6,75,33.9,0,1,6662,2,0.00,0xEE,0,0
14,3.0,15.0,2.4,0,0,-1.8,0,46.3,10,33.9,0,1,6662,2,0.00,0xEE,0,0
14,2.7,15.0,2.4,0,0,-1.8,0,46.9,76,33.9,0,1,6662,2,0.00,0xEE,0,0
14,2.7,15.0,2.4,0,0,-1.8,0,47.1,11,33.9,0,1,6662,2,0.00,0xEE,0,0
14,2.9,15.0,2.4,0,0,-1.8,0,46.5,77,33.9,0,1,6662,2,0.00,0xEE,0,0
14,2.6,15.0,2.4,0,0,-1.8,0,47.0,13,33.9,0,1,6662,2,0.00,0xEE,0,0
14,2.8,15.0,2.4,0,0,-1.8,0,46.5,60,33.9,0,1,6662,2,0.00,0xEE,0,0
14,2.3,15.0,2.4,0,0,-1.8,0,46.5,13,42.0,0,1,6662,2,0.00,0xEE,0,0
14,2.6,15.0,2.4,0,0,-1.8,0,46.8,63,42.0,0,1,6662,2,0.00,0xEE,0,0
14,2.7,15.0,2.4,0,0,-1.8,0,46.6,18,42.0,0,1,6662,2,0.00,0xEE,0,0
14,2.8,15.0,2.4,0,0,-1.8,0,46.4,2,42.0,0,1,6662,2,0.00,0xEE,0,0
14,2.8,15.0,2.4,0,0,-1.8,0,46.9,4,42.0,0,1,6662,2,0.00,0xEE,0,0
14,2.7,15.0,2.4,0,0,-1.8,0,46.7,6,42.0,0,1,6662,2,0.00,0xEE,0,0
14,2.6,15.0,2.4,0,0,-1.8,0,46.5,8,42.0,0,1,6662,2,0.00,0xEE,0,0
14,2.6,15.0,2.4,0,0,-1.8,0,47.1,10,42.0,0,1,6662,2,0.00,0xEE,0,0
14,2.6,15.0,2.4,0,0,-1.8,0,46.3,10,42.0,0,1,6662,2,0.00,0xEE,0,0
14,2.7,15.0,2.4,1800,0,-1.8,0,46.6,10,42.0,0,1,6662,2,0.00,0xEE,0,0
14,2.7,15.0,2.4,1800,0,-1.8,0,46.9,9,42.0,0,1,6662,2,0.00,0xEE,0,0
14,2.7,15.0,2.4,1800,0,-1.8,0,46.4,9,42.0,0,1,6662,2,0.00,0xEE,0,0
14,2.7,15.0,2.4,1800,0,-1.8,0,46.4,1,42.0,0,1,6662,2,0.00,0xEE,0,0
14,2.7,15.0,2.4,1800,0,-1.8,0,46.3,3,42.0,0,1,6662,2,0.00,0xEE,0,0
14,2.9,15.0,2.4,1800,0,-1.8,0,46.8,5,42.0,0,1,6662,2,0.00,0xEE,0,0
14,2.7,15.0,2.4,1800,0,-1.8,0,46.8,7,42.0,0,1,6662,2,0.00,0xEE,0,0
15,2.6,15.0,2.4,1800,0,-1.8,0,46.6,9,42.0,0,1,6662,2,0.00,0xEE,0,0
15,2.5,15.0,2.4,1800,0,-1.8,0,46.6,9,42.0,0,1,6662,2,0.00,0xEE,0,0
15,2.6,15.0,2.4,1800,0,-1.8,0,46.8,9,42.0,0,1,6662,2,0.00,0xEE,0,0
15,2.7,15.0,2.4,1800,0,-1.8,0,46.5,9,42.0,0,1,6662,2,0.00,0xEE,0,0
15,2.6,15.0,2.4,1800,0,-1.8,0,46.8,9,42.0,0,1,6662,2,0.00,0xEE,0,0
15,2.5,15.0,2.4,1800,0,-1.8,0,46.8,201,42.0,0,1,6662,2,0.00,0xEE,0,0
15,2.5,15.0,2.4,1800,0,-1.8,0,46.8,9,42.0,0,1,6662,2,0.00,0xEE,0,0
15,2.5,15.0,2.4,1800,0,-1.8,0,46.0,9,42.0,0,1,6662,2,0.00,0xEE,0,0
15,2.6,15.0,2.4,1800,0,-1.8,0,46.4,9,42.0,0,1,6662,2,0.00,0xEE,0,0
15,2.8,15.0,2.4,1800,0,-1.8,0,46.6,0,42.0,0,1,6662,2,0.00,0xEE,0,0
15,2.7,15.0,2.4,1800,0,-1.8,0,45.9,2,42.0,0,1,6662,2,0.00,0xEE,0,0
15,2.7,15.0,2.4,1800,0,-1.8,0,46.6,4,42.0,0,1,6662,2,0.00,0xEE,0,0
15,2.7,15.0,2.4,1800,0,-1.8,0,47.0,6,42.0,0,1,6662,2,0.00,0xEE,0,0
15,2.7,15.0,2.4,1800,0,-1.8,0,46.6,8,42.0,0,1,6662,2,0.00,0xEE,0,0
15,2.6,15.0,2.4,1800,0,-1.8,0,46.9,9,41.0,0,1,6662,2,0.00,0xEE,0,0
15,2.6,15.0,2.4,1800,0,-1.8,0,46.4,9,41.0,0,1,6662,2,0.00,0xEE,0,0
15,2.5,15.0,2.4,1800,0,-1.8,0,46.7,9,41.0,0,1,6662,2,0.00,0xEE,0,0
15,2.7,15.0,2.4,1800,0,-1.8,0,46.5,9,41.0,0,1,6662,2,0.00,0xEE,0,0
15,2.7,15.0,2.4,1800,0,-1.8,0,46.4,9,41.0,0,1,6662,2,0.00,0xEE,0,0
15,2.7,15.0,2.4,1800,0,-1.8,0,47.0,1,41.0,0,1,6662,2,0.00,0xEE,0,0
15,2.7,15.0,2.4,1800,0,-1.8,0,46.3,3,41.0,0,1,6662,2,0.00,0xEE,0,0
15,2.7,15.0,2.4,1800,0,-1.8,0,46.3,73,41.0,0,1,6662,2,0.00,0xEE,0,0
15,2.7,15.0,2.4,1800,0,-1.8,0,46.4,3,41.0,0,1,6662,2,0.00,0xEE,0,0
15,2.6,15.0,2.4,1800,0,-1.8,0,46.8,5,41.0,0,1,6662,2,0.00,0xEE,0,0
15,2.6,15.0,2.4,1800,0,-1.8,0,46.7,7,41.0,0,1,6662,2,0.00,0xEE,0,0
15,2.5,15.0,2.4,1800,0,-1.8,0,46.9,8,41.0,0,1,6662,2,0.00,0xEE,0,0
15,2.5,15.0,2.4,1800,0,-1.8,0,46.9,9,41.0,0,1,6662,2,0.00,0xEE,0,0
15,2.4,15.0,2.4,1800,0,-1.8,0,47.0,9,41.0,0,1,6662,2,0.00,0xEE,0,0
15,2.4,15.0,2.4,1800,0,-1.8,0,46.6,9,41.0,0,1,6662,2,0.00,0xEE,0,0
15,2.5,15.0,2.4,1800,0,-1.8,0,46.4,9,41.0,0,1,6662,2,0.00,0xEE,0,0
15,2.6,15.0,2.4,1800,0,-1.8,0,46.7,0,41.0,0,1,6662,2,0.00,0xEE,0,0
15,2.6,15.0,2.4,1800,0,-1.8,0,46.3,2,41.0,0,1,6662,2,0.00,0xEE,0,0
15,2.7,15.0,2.4,1800,0,-1.8,0,46.4,4,41.0,0,1,6662,2,0.00,0xEE,0,0
15,2.8,15.0,2.4,1800,0,-1.8,0,46.6,6,41.0,0,1,6662,2,0.00,0xEE,0,0
15,2.8,15.0,2.4,1800,0,-1.8,0,46.5,8,41.0,0,1,6662,2,0.00,0xEE,0,0
15,2.8,15.0,2.4,1800,0,-1.8,0,46.3,9,41.0,0,1,6662,2,0.00,0xEE,0,0
15,2.8,15.0,2.4,1800,0,-1.8,0,46.4,9,41.0,0,1,6662,2,0.00,0xEE,0,0
15,2.8,15.0,2.4,1800,0,-1.8,0,46.5,9,41.0,0,1,6662,2,0.00,0xEE,0,0
15,2.8,15.0,2.4,1800,0,-1.8,0,46.9,9,41.0,0,1,6662,2,0.00,0xEE,0,0
15,2.8,15.0,2.4,1800,0,-1.8,0,46.6,9,41.0,0,1,6662,2,0.00,0xEE,0,0
15,2.8,15.0,2.4,1800,0,-1.8,0,46.3,1,41.0,0,1,6662,2,0.00,0xEE,0,0
15,2.9,15.0,2.4,1800,0,-1.8,0,46.7,3,41.0,0,1,6662,2,0.00,0xEE,0,0
15,2.9,15.0,2.4,1800,0,-1.8,0,46.6,5,41.0,0,1,6662,2,0.00,0xEE,0,0
15,2.8,15.0,2.4,1800,0,-1.8,0,46.5,58,41.0,0,1,6662,2,0.00,0xEE,0,0
15,2.7,15.0,2.4,1800,0,-1.8,0,46.6,6,41.0,0,1,6662,2,0.00,0xEE,0,0
15,2.7,15.0,2.4,1800,0,-1.8,0,46.6,8,41.0,0,1,6662,2,0.00,0xEE,0,0
15,2.7,15.0,2.4,1800,0,-1.8,0,46.9,9,41.0,0,1,6662,2,0.00,0xEE,0,0
15,2.6,15.0,2.4,1800,0,-1.8,0,47.1,9,41.0,0,1,6662,2,0.00,0xEE,0,0
15,2.5,15.0,2.4,1800,0,-1.8,0,46.6,9,41.0,0,1,6662,2,0.00,0xEE,0,0
15,2.5,15.0,2.4,1800,0,-1.8,0,46.3,9,41.0,0,1,6662,2,0.00,0xEE,0,0
15,2.6,15.0,2.4,1800,0,-1.8,0,46.9,9,41.0,0,1,6662,2,0.00,0xEE,0,0
15,2.7,15.0,2.4,1800,0,-1.8,0,46.7,1,41.0,0,1,6662,2,0.00,0xEE,0,0
15,2.9,15.0,2.4,1800,0,-1.8,0,46.2,3,41.0,0,1,6662,2,0.00,0xEE,0,0
15,2.8,15.0,2.4,1800,0,-1.8,0,46.6,5,41.0,0,1,6662,2,0.00,0xEE,0,0
15,2.8,15.0,2.4,1800,0,-1.8,0,46.9,7,41.0,0,1,6662,2,0.00,0xEE,0,0
15,2.6,15.0,2.4,1800,0,-1.8,0,46.9,9,41.0,0,1,6662,2,0.00,0xEE,0,0
15,2.5,15.0,2.4,1800,0,-1.8,0,46.5,9,41.0,0,1,6662,2,0.00,0xEE,0,0
15,2.4,15.0,2.4,1800,0,-1.8,0,46.8,9,41.0,0,1,6662,2,0.00,0xEE,0,0
15,2.5,15.0,2.4,1800,0,-1.8,0,46.6,9,41.0,0,1,6662,2,0.00,0xEE,0,0
15,2.6,15.0,2.4,1800,0,-1.8,0,46.2,9,50.0,0,1,6662,2,0.00,0xEE,0,0
15,2.6,15.0,2.4,1800,0,-1.8,0,46.8,0,50.0,0,1,6662,2,0.00,0xEE,0,0
15,2.6,15.0,2.4,1800,0,-1.8,0,46.8,2,50.0,0,1,6662,2,0.00,0xEE,0,0
15,2.5,15.0,2.4,1800,0,-1.8,0,46.6,4,50.0,0,1,6662,2,0.00,0xEE,0,0
15,2.5,15.0,2.4,1800,0,-1.8,0,46.6,6,50.0,0,1,6662,2,0.00,0xEE,0,0
15,2.6,15.0,2.4,1800,0,-1.8,0,47.1,8,50.0,0,1,6662,2,0.00,0xEE,0,0
15,2.7,15.0,2.4,1800,0,-1.8,0,46.2,9,50.0,0,1,6662,2,0.00,0xEE,0,0
16,2.5,15.0,2.4,1800,0,-1.8,0,47.0,60,50.0,0,1,6662,2,0.00,0xEE,0,0
16,2.6,15.0,2.4,1800,0,-1.8,0,46.4,9,50.0,0,1,6662,2,0.00,0xEE,0,0
16,2.6,15.0,2.4,1800,0,-1.8,0,46.7,9,50.0,0,1,6662,2,0.00,0xEE,0,0
16,2.7,15.0,2.4,1800,0,-1.8,0,47.2,9,50.0,0,1,6662,2,0.00,0xEE,0,0
16,2.6,15.0,2.4,1800,0,-1.8,0,46.6,9,50.0,0,1,6662,2,0.00,0xEE,0,0
16,2.6,15.0,2.4,1800,0,-1.8,0,46.3,0,50.0,0,1,6662,2,0.00,0xEE,0,0
16,2.7,15.0,2.4,1800,0,-1.8,0,46.7,2,50.0,0,1,6662,2,0.00,0xEE,0,0
16,2.7,15.0,2.4,1800,0,-1.8,0,46.4,4,50.0,0,1,6662,2,0.00,0xEE,0,0
16,2.7,15.0,2.4,1800,0,-1.8,0,47.0,6,50.0,0,1,6662,2,0.00,0xEE,0,0
16,2.7,15.0,2.4,1800,0,-1.8,0,46.7,8,50.0,0,1,6662,2,0.00,0xEE,0,0
16,2.6,15.0,2.4,1800,0,-1.8,0,46.7,9,50.0,0,1,6662,2,0.00,0xEE,0,0
16,2.6,15.0,2.4,1800,0,-1.8,0,46.6,9,50.0,0,1,6662,2,0.00,0xEE,0,0
16,2.6,15.0,2.4,1800,0,-1.8,0,46.8,9,50.0,0,1,6662,2,0.00,0xEE,0,0
16,2.6,15.0,2.4,1800,0,-1.8,0,46.2,9,50.0,0,1,6662,2,0.00,0xEE,0,0
16,2.7,15.0,2.4,1800,0,-1.8,0,46.5,9,50.0,0,1,6662,2,0.00,0xEE,0,0
16,2.8,15.0,2.4,1800,0,-1.8,0,46.7,1,50.0,0,1,6662,2,0.00,0xEE,0,0
16,2.8,15.0,2.4,1800,0,-1.8,0,46.4,3,50.0,0,1,6662,2,0.00,0xEE,0,0
16,2.8,15.0,2.4,1800,0,-1.8,0,46.2,5,50.0,0,1,6662,2,0.00,0xEE,0,0
16,2.9,15.0,2.4,1800,0,-1.8,0,46.8,6,50.0,0,1,6662,2,0.00,0xEE,0,0
16,2.8,15.0,2.4,1800,0,-1.8,0,46.7,8,50.0,0,1,6662,2,0.00,0xEE,0,0
16,2.7,15.0,2.4,1800,0,-1.8,0,46.2,9,50.0,0,1,6662,2,0.00,0xEE,0,0
16,2.6,15.0,2.4,1800,0,-1.8,0,46.8,9,50.0,0,1,6662,2,0.00,0xEE,0,0
16,2.6,15.0,2.4,1800,0,-1.8,0,46.5,69,50.0,0,1,6662,2,0.00,0xEE,0,0
16,2.8,15.0,2.4,1800,0,-1.8,0,46.6,4,50.0,0,1,6662,2,0.00,0xEE,0,0
16,2.7,15.0,2.4,1800,0,-1.8,0,47.0,5,50.0,0,1,6662,2,0.00,0xEE,0,0
16,2.7,15.0,2.4,1800,0,-1.8,0,46.2,7,50.0,0,1,6662,2,0.00,0xEE,0,0
16,2.7,15.0,2.4,1800,0,-1.8,0,46.6,9,50.0,0,1,6662,2,0.00,0xEE,0,0
16,2.7,15.0,2.4,1800,0,-1.8,0,46.8,9,50.0,0,1,6662,2,0.00,0xEE,0,0
16,2.7,15.0,2.4,1800,0,-1.8,0,46.4,9,50.0,0,1,6662,2,0.00,0xEE,0,0
16,2.7,15.0,2.4,1800,0,-1.8,0,46.4,9,50.0,0,1,6662,2,0.00,0xEE,0,0
16,2.8,15.0,2.4,1800,0,-1.8,0,46.7,9,50.0,0,1,6662,2,0.00,0xEE,0,0
16,2.8,15.0,2.4,1800,0,-1.8,0,46.5,1,50.0,0,1,6662,2,0.00,0xEE,0,0
16,2.8,15.0,2.4,1800,0,-1.8,0,47.0,3,50.0,0,1,6662,2,0.00,0xEE,0,0
16,2.7,15.0,2.4,1800,0,-1.8,0,46.6,4,50.0,0,1,6662,2,0.00,0xEE,0,0
16,2.7,15.0,2.4,1800,0,-1.8,0,46.7,6,50.0,0,1,6662,2,0.00,0xEE,0,0
16,2.6,15.0,2.4,1800,0,-1.8,0,46.5,8,50.0,0,1,6662,2,0.00,0xEE,0,0
16,2.6,15.0,2.4,1800,0,-1.8,0,46.8,9,50.0,0,1,6662,2,0.00,0xEE,0,0
28,2.6,15.0,2.4,1800,0,-1.8,0,46.9,9,50.0,0,1,6662,2,0.00,0xEE,0,0
28,2.5,15.0,12.5,4000,1,0.0,0,46.7,9,49.5,0,1,7200,2,0.00,0xEE,0,0
59,2.4,15.0,12.6,4100,1,0.0,0,46.9,9,49.5,0,1,7200,2,0.00,0xEE,0,0
75,2.5,15.0,12.5,4100,1,0.0,0,46.0,0,49.5,0,1,7200,2,0.00,0xEE,0,0
91,2.7,15.0,12.3,4100,1,0.0,0,46.2,2,49.5,0,1,7200,2,0.00,0xEE,0,0
122,2.9,15.0,12.1,4100,1,0.0,0,46.6,3,49.5,0,1,7200,2,0.00,0xEE,0,0
137,2.9,15.0,12.1,4100,1,0.0,0,46.8,5,49.5,0,1,7200,2,0.00,0xEE,0,0
355,2.7,15.0,12.3,4100,1,0.0,0,47.0,203,49.5,0,1,7200,2,0.00,0xEE,0,0
369,2.5,15.0,12.5,4100,1,0.0,0,46.1,6,49.5,0,1,7200,2,0.00,0xEE,0,0
385,2.6,15.0,12.4,4100,1,0.0,0,46.5,8,49.5,0,1,7200,2,0.00,0xEE,0,0
416,2.9,15.0,12.1,4100,1,0.0,0,45.8,9,49.5,0,1,7200,2,0.00,0xEE,0,0
432,2.9,15.0,12.1,4100,1,0.0,0,46.6,9,49.5,0,1,7200,2,0.00,0xEE,0,0
446,3.0,15.0,12.0,4100,1,0.0,0,46.2,9,49.5,0,1,7200,2,0.00,0xEE,0,0
478,2.9,15.0,12.1,4100,1,0.0,0,46.3,9,49.5,0,1,7200,2,0.00,0xEE,0,0
494,3.0,15.0,12.0,4100,1,0.0,0,47.0,9,49.5,0,1,7200,2,0.00,0xEE,0,0
509,2.7,15.0,12.3,4100,1,0.0,0,46.7,1,49.5,0,1,7200,2,0.00,0xEE,0,0
525,2.6,15.0,12.4,4100,1,0.0,0,47.1,3,49.5,0,1,7200,2,0.00,0xEE,0,0
556,2.6,15.0,12.4,4100,1,0.0,0,46.6,5,49.5,0,1,7200,2,0.00,0xEE,0,0
572,2.6,15.0,12.4,4100,1,0.0,0,46.5,7,49.5,0,1,7200,2,0.00,0xEE,0,0
587,2.6,15.0,12.4,4100,1,0.0,0,46.9,9,49.5,0,1,7200,2,0.00,0xEE,0,0
618,2.7,15.0,12.3,4100,1,0.0,0,46.5,9,49.5,0,1,7200,2,0.00,0xEE,0,0
633,2.7,15.0,12.3,4100,1,0.0,0,46.7,9,49.5,0,1,7200,2,0.00,0xEE,0,0
649,2.6,15.0,12.4,4100,1,0.0,0,46.9,9,49.5,0,1,7200,2,0.00,0xEE,0,0
726,2.6,15.0,12.4,4100,1,0.0,0,46.3,60,49.5,0,1,7200,2,0.00,0xEE,0,0
742,2.6,15.0,12.4,4100,1,0.0,0,46.6,9,49.5,0,1,7200,2,0.00,0xEE,0,0
757,2.6,15.0,12.4,4100,1,0.0,0,46.6,9,49.5,0,1,7200,2,0.00,0xEE,0,0
787,2.6,15.0,12.4,4100,1,0.0,0,46.7,1,49.5,0,1,7200,2,0.00,0xEE,0,0
803,2.6,15.0,12.4,4100,1,0.0,0,46.6,3,49.5,0,1,7200,2,0.00,0xEE,0,0
819,2.6,15.0,12.4,4100,1,0.0,0,46.7,5,49.5,0,1,7200,2,0.00,0xEE,0,0
850,2.6,15.0,12.4,4100,1,0.0,0,46.7,7,49.5,0,1,7200,2,0.00,0xEE,0,0
866,2.6,15.0,12.4,4100,1,0.0,0,46.5,8,49.5,0,1,7200,2,0.00,0xEE,0,0
881,2.6,15.0,12.4,4100,1,0.0,0,46.7,9,49.5,0,1,7200,2,0.00,0xEE,0,0
897,2.6,15.0,12.4,4100,1,0.0,0,46.9,9,49.5,0,1,7200,2,0.00,0xEE,0,0
928,2.6,15.0,12.4,4100,1,0.0,0,46.4,9,49.5,0,1,7200,2,0.00,0xEE,0,0
944,2.5,15.0,12.5,4100,1,0.0,0,46.8,9,49.5,0,1,7200,2,0.00,0xEE,0,0
959,2.5,15.0,12.5,4100,1,0.0,0,46.7,0,49.5,0,1,7200,2,0.00,0xEE,0,0
975,2.6,15.0,12.4,4100,1,0.0,0,46.5,2,49.5,0,1,7200,2,0.00,0xEE,0,0
1006,2.6,15.0,12.4,4100,1,0.0,0,46.3,4,49.5,0,1,7200,2,0.00,0xEE,0,0
1021,2.7,15.0,12.3,4100,1,0.0,0,46.6,6,49.5,0,1,7200,2,0.00,0xEE,0,0
1037,2.7,15.0,12.3,4100,1,0.0,0,46.9,7,41.8,0,1,7200,2,0.00,0xEE,0,0
1067,2.7,15.0,12.3,4100,1,0.0,0,46.5,9,41.8,0,1,7200,2,0.00,0xEE,0,0
1084,2.7,15.0,12.3,4100,1,0.0,0,46.5,9,41.8,0,1,7200,2,0.00,0xEE,0,0
1099,2.7,15.0,12.3,4100,1,0.0,0,46.9,9,41.8,0,1,7200,2,0.00,0xEE,0,0
1115,2.7,15.0,12.3,4100,1,0.0,0,46.8,9,41.8,0,1,7200,2,0.00,0xEE,0,0
1147,2.6,15.0,12.4,4100,1,0.0,0,46.2,9,41.8,0,1,7200,2,0.00,0xEE,0,0
1223,2.6,15.0,12.4,4100,1,0.0,0,46.4,61,41.8,0,1,7200,2,0.00,0xEE,0,0
1239,2.7,15.0,12.3,4100,1,0.0,0,46.7,9,41.8,0,1,7200,2,0.00,0xEE,0,0
1269,2.7,15.0,12.3,4100,1,0.0,0,46.9,9,41.8,0,1,7200,2,0.00,0xEE,0,0
1285,2.6,15.0,12.4,4100,1,0.0,0,46.0,9,41.8,0,1,7200,2,0.00,0xEE,0,0
1301,2.5,15.0,12.5,4100,1,0.0,0,46.8,9,41.8,0,1,7200,2,0.00,0xEE,0,0
1317,2.6,15.0,12.4,4100,1,0.0,0,46.6,9,41.8,0,1,7200,2,0.00,0xEE,0,0
1347,2.7,15.0,12.3,4100,1,0.0,0,46.7,0,41.8,0,1,7200,2,0.00,0xEE,0,0
1363,2.7,15.0,12.3,4100,1,0.0,0,46.6,2,41.8,0,1,7200,2,0.00,0xEE,0,0
1378,2.6,15.0,12.4,4100,1,0.0,0,46.8,3,41.8,0,1,7200,2,0.00,0xEE,0,0
1410,2.6,15.0,12.4,4100,1,0.0,0,47.0,5,41.8,0,1,7200,2,0.00,0xEE,0,0
1424,2.5,15.0,12.5,4100,1,0.0,0,46.6,7,41.8,0,1,7200,2,0.00,0xEE,0,0
1440,2.4,15.0,12.6,4100,1,0.0,0,47.1,9,41.8,0,1,7200,2,0.00,0xEE,0,0
1456,2.5,15.0,12.5,4100,1,0.0,0,46.4,9,41.8,0,1,7200,2,0.00,0xEE,0,0
1487,2.6,15.0,12.4,4100,1,0.0,0,46.5,9,41.8,0,1,7200,2,0.00,0xEE,0,0
1503,2.7,15.0,12.3,4100,1,0.0,0,47.0,9,41.8,0,1,7200,2,0.00,0xEE,0,0
1519,2.8,15.0,12.2,4100,1,0.0,0,46.5,9,41.8,0,1,7200,2,0.00,0xEE,0,0
1550,2.6,15.0,12.4,4100,1,0.0,0,46.3,0,41.8,0,1,7200,2,0.00,0xEE,0,0
1565,2.6,15.0,12.4,4100,1,0.0,0,46.7,2,41.8,0,1,7200,2,0.00,0xEE,0,0
1579,2.8,15.0,12.2,4100,1,0.0,0,46.3,4,41.8,0,1,7200,2,0.00,0xEE,0,0
1595,2.8,15.0,12.2,4100,1,0.0,0,46.3,6,41.8,0,1,7200,2,0.00,0xEE,0,0
1626,3.0,15.0,12.0,4100,1,0.0,0,46.9,8,41.8,0,1,7200,2,0.00,0xEE,0,0
1641,2.9,15.0,12.1,4100,1,0.0,0,46.5,9,41.8,0,1,7200,2,0.00,0xEE,0,0
1736,2.7,15.0,12.3,4000,1,0.0,1382,46.9,82,41.8,0,1,7200,2,0.00,0xEE,0,0
1751,2.5,15.0,12.5,4100,1,0.0,2126,46.8,8,41.8,0,1,7200,2,0.00,0xEE,0,0
1783,2.4,15.0,12.6,4100,1,0.0,2585,46.7,9,41.8,0,1,7200,2,0.00,0xEE,0,0
1799,2.6,15.0,12.4,4100,1,0.0,2737,46.6,0,41.8,0,1,7200,2,0.00,0xEE,0,0
1814,2.6,15.0,12.4,4100,1,0.0,3037,46.6,2,41.8,0,1,7200,2,0.00,0xEE,0,0
1829,2.7,15.0,12.3,4100,1,0.0,3420,46.9,4,41.8,0,1,7200,2,0.00,0xEE,0,0
1860,2.7,15.0,12.3,4100,1,0.0,3609,46.4,6,41.8,0,1,7200,2,0.00,0xEE,0,0
1878,2.7,15.0,12.3,4100,1,0.0,3810,46.6,8,41.8,0,1,7200,2,0.00,0xEE,0,0
1907,2.7,15.0,12.3,4100,1,0.0,3945,46.6,9,41.8,0,1,7200,2,0.00,0xEE,0,0
1923,2.7,15.0,12.3,4100,1,0.0,4162,46.6,9,41.8,0,1,7200,2,0.00,0xEE,0,0
1938,2.7,15.0,12.3,4100,1,0.0,4273,46.8,9,41.8,0,1,7200,2,0.00,0xEE,0,0
1957,2.6,15.0,12.4,4100,1,0.0,4447,47.2,9,41.8,0,1,7200,2,0.00,0xEE,0,0
1970,2.5,15.0,12.5,4100,1,0.0,4520,46.6,9,41.8,0,1,7200,2,0.00,0xEE,0,0
2001,2.6,15.0,12.4,4100,1,0.0,4669,46.6,1,41.8,0,1,7200,2,0.00,0xEE,0,0
2017,2.6,15.0,12.4,4100,1,0.0,4715,46.6,3,41.8,0,1,7200,2,0.00,0xEE,0,0
2033,2.7,15.0,12.3,4100,1,0.0,4844,47.2,5,49.0,0,1,7200,2,0.00,0xEE,0,0
2048,2.6,15.0,12.4,4100,1,0.0,4871,46.9,7,49.0,0,1,7200,2,0.00,0xEE,0,0
2079,2.5,15.0,12.5,4100,1,0.0,4957,46.9,9,49.0,0,1,7200,2,0.00,0xEE,0,0
2095,2.4,15.0,12.6,4100,1,0.0,5067,46.5,9,49.0,0,1,7200,2,0.00,0xEE,0,0
2111,2.5,15.0,12.5,4100,1,0.0,5140,46.5,9,49.0,0,1,7200,2,0.00,0xEE,0,0
2142,2.6,15.0,12.4,4100,1,0.0,5140,47.0,9,49.0,0,1,7200,2,0.00,0xEE,0,0
2158,2.7,15.0,12.3,4100,1,0.0,5240,46.8,9,49.0,0,1,7200,2,0.00,0xEE,0,0
2236,2.5,15.0,12.5,4100,1,0.0,5457,47.1,73,49.0,0,1,7200,2,0.00,0xEE,0,0
2267,2.3,15.0,12.7,4100,1,0.0,5438,47.0,8,49.0,0,1,7200,2,0.00,0xEE,0,0
2283,2.2,15.0,12.8,4100,1,0.0,5481,47.2,9,49.0,0,1,7200,2,0.00,0xEE,0,0
2299,2.2,15.0,12.8,4100,1,0.0,5567,46.6,9,49.0,0,1,7200,2,0.00,0xEE,0,0
2314,2.4,15.0,12.6,4100,1,0.0,5608,46.6,9,49.0,0,1,7200,2,0.00,0xEE,0,0
2345,2.7,15.0,12.3,4100,1,0.0,5646,46.4,1,49.0,0,1,7200,2,0.00,0xEE,0,0
2361,2.6,15.0,12.4,4100,1,0.0,5682,46.7,3,49.0,0,1,7200,2,0.00,0xEE,0,0
2376,2.6,15.0,12.4,4100,1,0.0,5652,47.0,5,49.0,0,1,7200,2,0.00,0xEE,0,0
2407,2.6,15.0,12.4,4100,1,0.0,5687,46.7,7,49.0,0,1,7200,2,0.00,0xEE,0,0
2423,2.6,15.0,12.4,4100,1,0.0,5719,46.7,9,49.0,0,1,7200,2,0.00,0xEE,0,0
2438,2.6,15.0,12.4,4100,1,0.0,5749,46.9,9,49.0,0,1,7200,2,0.00,0xEE,0,0
2454,2.6,15.0,12.4,4100,1,0.0,5779,46.6,9,49.0,0,1,7200,2,0.00,0xEE,0,0
2486,2.6,15.0,12.4,4100,1,0.0,5808,46.6,9,49.0,0,1,7200,2,0.00,0xEE,0,0
2501,2.6,15.0,12.4,4100,1,0.0,5834,46.6,9,49.0,0,1,7200,2,0.00,0xEE,0,0
2517,2.6,15.0,12.4,4100,1,0.0,5911,46.8,0,49.0,0,1,7200,2,0.00,0xEE,0,0
2533,2.5,15.0,12.5,4100,1,0.0,5935,46.7,2,49.0,0,1,7200,2,0.00,0xEE,0,0
2564,2.5,15.0,12.5,4100,1,0.0,5960,46.7,4,49.0,0,1,7200,2,0.00,0xEE,0,0
2579,2.5,15.0,12.5,4100,1,0.0,5984,46.4,6,49.0,0,1,7200,2,0.00,0xEE,0,0
2594,2.6,15.0,12.4,4100,1,0.0,6007,46.6,8,49.0,0,1,7200,2,0.00,0xEE,0,0
2625,2.6,15.0,12.4,4100,1,0.0,6030,46.8,9,49.0,0,1,7200,2,0.00,0xEE,0,0
2657,2.7,15.0,12.3,4100,1,0.0,6050,46.1,9,49.0,0,1,7200,2,0.00,0xEE,0,0
2657,2.7,15.0,12.3,4100,1,0.0,6071,46.6,9,49.0,0,1,7200,2,0.00,0xEE,0,0
2735,2.7,15.0,12.3,4100,1,0.0,6082,46.6,60,49.0,0,1,7200,2,0.00,0xEE,0,0
2765,2.7,15.0,12.3,4100,1,0.0,6100,46.6,8,49.0,0,1,7200,2,0.00,0xEE,0,0
2765,2.7,15.0,12.3,4100,1,0.0,6117,46.7,9,49.0,0,1,7200,2,0.00,0xEE,0,0
2796,2.5,15.0,12.5,4100,1,0.0,6133,47.1,0,49.0,0,1,7200,2,0.00,0xEE,0,0
2811,2.4,15.0,12.6,4100,1,0.0,6150,46.8,2,49.0,0,1,7200,2,0.00,0xEE,0,0
2827,2.2,15.0,12.8,4100,1,0.0,6165,47.1,3,49.0,0,1,7200,2,0.00,0xEE,0,0
2859,2.2,15.0,12.8,4100,1,0.0,6179,47.1,5,49.0,0,1,7200,2,0.00,0xEE,0,0
2873,2.2,15.0,12.8,4100,1,0.0,6259,46.3,7,49.0,0,1,7200,2,0.00,0xEE,0,0
2888,2.4,15.0,12.6,4100,1,0.0,6273,46.2,9,49.0,0,1,7200,2,0.00,0xEE,0,0
2904,2.7,15.0,12.3,4100,1,0.0,6287,47.2,9,49.0,0,1,7200,2,0.00,0xEE,0,0
2934,2.8,15.0,12.2,4100,1,0.0,6298,46.9,9,49.0,0,1,7200,2,0.00,0xEE,0,0
2950,2.5,15.0,12.5,4100,1,0.0,6313,47.1,9,49.0,0,1,7200,2,0.00,0xEE,0,0
2966,2.2,15.0,12.8,4100,1,0.0,6326,47.1,9,49.0,0,1,7200,2,0.00,0xEE,0,0
2996,2.3,15.0,12.7,4100,1,0.0,6278,46.8,1,49.0,0,1,7200,2,0.00,0xEE,0,0
3012,2.4,15.0,12.6,4100,1,0.0,6290,47.0,3,49.0,0,1,7200,2,0.00,0xEE,0,0
3028,2.5,15.0,12.5,4100,1,0.0,6301,46.6,4,49.0,0,1,7200,2,0.00,0xEE,0,0
3043,2.5,15.0,12.5,4100,1,0.0,6311,46.8,6,47.6,0,1,7200,2,0.00,0xEE,0,0
3074,2.5,15.0,12.5,4100,1,0.0,6387,46.5,8,47.6,0,1,7200,2,0.00,0xEE,0,0
3090,2.5,15.0,12.5,4100,1,0.0,6396,46.8,9,47.6,0,1,7200,2,0.00,0xEE,0,0
3105,2.5,15.0,12.5,4100,1,0.0,6407,46.8,9,47.6,0,1,7200,2,0.00,0xEE,0,0
3135,2.5,15.0,12.5,4100,1,0.0,6417,47.1,9,47.6,0,1,7200,2,0.00,0xEE,0,0
3150,2.4,15.0,12.6,4100,1,0.0,6366,47.0,9,47.6,0,1,7200,2,0.00,0xEE,0,0
3227,2.3,15.0,12.7,4100,1,0.0,6466,46.8,60,47.6,0,1,7200,2,0.00,0xEE,0,0
3257,2.3,15.0,12.7,4100,1,0.0,6475,46.7,8,47.6,0,1,7200,2,0.00,0xEE,0,0
3274,2.4,15.0,12.6,4100,1,0.0,6483,47.0,9,47.6,0,1,7200,2,0.00,0xEE,0,0
3288,2.4,15.0,12.6,4100,1,0.0,6429,46.9,9,47.6,0,1,7200,2,0.00,0xEE,0,0
3304,2.4,15.0,12.6,4100,1,0.0,6436,47.0,9,47.6,0,1,7200,2,0.00,0xEE,0,0
3335,2.3,15.0,12.7,4100,1,0.0,6444,47.3,9,47.6,0,1,7200,2,0.00,0xEE,0,0
3350,2.2,15.0,12.8,4100,1,0.0,6451,47.1,9,47.6,0,1,7200,2,0.00,0xEE,0,0
3366,2.1,15.0,12.9,4100,1,0.0,6524,46.6,0,47.6,0,1,7200,2,0.00,0xEE,0,0
3397,2.1,15.0,12.9,4100,1,0.0,6531,47.1,2,47.6,0,1,7200,2,0.00,0xEE,0,0
3413,2.3,15.0,12.7,4100,1,0.0,6537,46.8,4,47.6,0,1,7200,2,0.00,0xEE,0,0
3428,2.4,15.0,12.6,4100,1,0.0,6482,46.8,6,47.6,0,1,7200,2,0.00,0xEE,0,0
3443,2.5,15.0,12.5,4100,1,0.0,6487,46.8,8,47.6,0,1,7200,2,0.00,0xEE,0,0
3474,2.5,15.0,12.5,4100,1,0.0,6560,47.0,9,47.6,0,1,7200,2,0.00,0xEE,0,0
3490,2.5,15.0,12.5,4100,1,0.0,6565,46.8,9,47.6,0,1,7200,2,0.00,0xEE,0,0
3506,2.4,15.0,12.6,4100,1,0.0,6573,46.9,9,47.6,0,1,7200,2,0.00,0xEE,0,0
3538,2.4,15.0,12.6,4100,1,0.0,6516,46.6,9,47.6,0,1,7200,2,0.00,0xEE,0,0
3554,2.5,15.0,12.5,4100,1,0.0,6520,46.7,9,47.6,0,1,7200,2,0.00,0xEE,0,0
3569,2.6,15.0,12.4,4100,1,0.0,6527,46.7,1,47.6,0,1,7200,2,0.00,0xEE,0,0
3584,2.6,15.0,12.4,4100,1,0.0,6597,46.2,3,47.6,0,1,7200,2,0.00,0xEE,0,0
3616,2.7,15.0,12.3,4100,1,0.0,6605,46.3,5,47.6,0,1,7200,2,0.00,0xEE,0,0
3631,2.8,15.0,12.2,4100,1,0.0,6607,47.0,7,47.6,0,1,7200,2,0.00,0xEE,0,0
3646,2.9,15.0,12.1,4100,1,0.0,6550,46.6,9,47.6,0,1,7200,2,0.00,0xEE,0,0
3724,2.7,15.0,12.3,4100,1,0.0,6634,46.7,69,47.6,0,1,7200,2,0.00,0xEE,0,0
3755,2.4,15.0,12.6,4100,1,0.0,6574,47.3,0,47.6,0,1,7200,2,0.00,0xEE,0,0
3770,2.3,15.0,12.7,4100,1,0.0,6578,46.4,2,47.6,0,1,7200,2,0.00,0xEE,0,0
3786,2.1,15.0,12.9,4100,1,0.0,6648,47.3,4,47.6,0,1,7200,2,0.00,0xEE,0,0
3817,2.3,15.0,12.7,4100,1,0.0,6653,46.5,6,47.6,0,1,7200,2,0.00,0xEE,0,0
3832,2.2,15.0,12.8,4100,1,0.0,6656,47.4,8,47.6,0,1,7200,2,0.00,0xEE,0,0
3847,2.4,15.0,12.6,4100,1,0.0,6596,46.9,9,47.6,0,1,7200,2,0.00,0xEE,0,0
3877,2.2,15.0,12.8,4100,1,0.0,6600,46.5,9,47.6,0,1,7200,2,0.00,0xEE,0,0
3893,2.5,15.0,12.5,4100,1,0.0,6669,46.6,9,47.6,0,1,7200,2,0.00,0xEE,0,0
3909,2.6,15.0,12.4,4100,1,0.0,6674,46.2,9,47.6,0,1,7200,2,0.00,0xEE,0,0
3923,2.7,15.0,12.3,4100,1,0.0,6613,46.5,9,47.6,0,1,7200,2,0.00,0xEE,0,0
3954,2.7,15.0,12.3,4100,1,0.0,6616,47.2,1,47.6,0,1,7200,2,0.00,0xEE,0,0
3970,2.6,15.0,12.4,4100,1,0.0,6619,46.9,3,47.6,0,1,7200,2,0.00,0xEE,0,0
3986,2.4,15.0,12.6,4100,1,0.0,6687,47.1,5,47.6,0,1,7200,2,0.00,0xEE,0,0
4017,2.3,15.0,12.7,4100,1,0.0,6691,46.9,7,47.6,0,1,7200,2,0.00,0xEE,0,0
4032,2.3,15.0,12.7,4100,1,0.0,6631,46.6,9,47.6,0,1,7200,2,0.00,0xEE,0,0
4047,2.4,15.0,12.6,4100,1,0.0,6634,46.7,9,50.0,0,1,7200,2,0.00,0xEE,0,0
4063,2.5,15.0,12.5,4100,1,0.0,6703,46.6,9,50.0,0,1,7200,2,0.00,0xEE,0,0
4095,2.6,15.0,12.4,4100,1,0.0,6706,46.7,9,50.0,0,1,7200,2,0.00,0xEE,0,0
4110,2.6,15.0,12.4,4100,1,0.0,6644,46.5,9,50.0,0,1,7200,2,0.00,0xEE,0,0
4126,2.7,15.0,12.3,4100,1,0.0,6647,46.5,0,50.0,0,1,7200,2,0.00,0xEE,0,0
4159,2.7,15.0,12.3,4100,1,0.0,6648,46.7,2,50.0,0,1,7200,2,0.00,0xEE,0,0
4236,2.7,15.0,12.3,4100,1,0.0,6662,47.5,64,50.0,0,1,7200,2,0.00,0xEE,0,0
4251,2.6,15.0,12.4,4100,1,0.0,6730,46.8,9,50.0,0,1,7200,2,0.00,0xEE,0,0
4267,2.5,15.0,12.5,4100,1,0.0,6732,46.7,9,50.0,0,1,7200,2,0.00,0xEE,0,0
4297,2.5,15.0,12.5,4100,1,0.0,6669,46.9,9,50.0,0,1,7200,2,0.00,0xEE,0,0
4313,2.5,15.0,12.5,4100,1,0.0,6671,46.4,9,50.0,0,1,7200,2,0.00,0xEE,0,0
4328,2.5,15.0,12.5,4100,1,0.0,6740,46.7,1,50.0,0,1,7200,2,0.00,0xEE,0,0
4344,2.5,15.0,12.5,4100,1,0.0,6743,46.7,3,50.0,0,1,7200,2,0.00,0xEE,0,0
4376,2.6,15.0,12.4,4100,1,0.0,6678,46.6,5,50.0,0,1,7200,2,0.00,0xEE,0,0
4405,2.6,15.0,12.4,4100,1,0.0,6680,46.5,7,50.0,0,1,7200,2,0.00,0xEE,0,0
4405,2.6,15.0,12.4,4100,1,0.0,6749,46.8,9,50.0,0,1,7200,2,0.00,0xEE,0,0
4437,2.6,15.0,12.4,4100,1,0.0,6752,47.3,9,50.0,0,1,7200,2,0.00,0xEE,0,0
4452,2.4,15.0,12.6,4100,1,0.0,6688,47.2,9,50.0,0,1,7200,2,0.00,0xEE,0,0
4467,2.2,15.0,12.8,4100,1,0.0,6690,46.6,9,50.0,0,1,7200,2,0.00,0xEE,0,0
4484,2.3,15.0,12.7,4100,1,0.0,6691,46.5,9,50.0,0,1,7200,2,0.00,0xEE,0,0
4515,2.7,15.0,12.3,4100,1,0.0,6759,46.8,0,50.0,0,1,7200,2,0.00,0xEE,0,0
4530,2.9,15.0,12.1,4100,1,0.0,6761,45.9,2,50.0,0,1,7200,2,0.00,0xEE,0,0
4546,2.9,15.0,12.1,4100,1,0.0,6697,46.5,4,50.0,0,1,7200,2,0.00,0xEE,0,0
4577,2.9,15.0,12.1,4100,1,0.0,6699,46.8,6,50.0,0,1,7200,2,0.00,0xEE,0,0
4594,2.8,15.0,12.2,4100,1,0.0,6767,45.7,8,50.0,0,1,7200,2,0.00,0xEE,0,0
4625,2.9,15.0,12.1,4100,1,0.0,6768,46.2,9,50.0,0,1,7200,2,0.00,0xEE,0,0
4625,3.0,15.0,12.0,4100,1,0.0,6703,46.7,9,50.0,0,1,7200,2,0.00,0xEE,0,0
4656,3.0,15.0,12.0,4100,1,0.0,6705,46.5,9,50.0,0,1,7200,2,0.00,0xEE,0,0
4734,2.8,15.0,12.2,4100,1,0.0,6709,46.6,69,50.0,0,1,7200,2,0.00,0xEE,0,0
4749,2.7,15.0,12.3,4100,1,0.0,6778,46.4,5,50.0,0,1,7200,2,0.00,0xEE,0,0
4765,2.8,15.0,12.2,4100,1,0.0,6779,46.2,7,50.0,0,1,7200,2,0.00,0xEE,0,0
4796,2.9,15.0,12.1,4100,1,0.0,6715,45.9,9,50.0,0,1,7200,2,0.00,0xEE,0,0
4812,3.0,15.0,12.0,4100,1,0.0,6717,46.4,9,50.0,0,1,7200,2,0.00,0xEE,0,0
4828,3.0,15.0,12.0,4100,1,0.0,6784,46.3,9,50.0,0,1,7200,2,0.00,0xEE,0,0
4858,3.0,15.0,12.0,4100,1,0.0,6785,45.7,9,50.0,0,1,7200,2,0.00,0xEE,0,0
4874,3.1,15.0,11.9,4100,1,0.0,6721,46.0,9,50.0,0,1,7200,2,0.00,0xEE,0,0
4890,3.3,15.0,11.7,4100,1,0.0,6723,46.2,0,50.0,0,1,7200,2,0.00,0xEE,0,0
4905,3.4,15.0,11.6,4100,1,0.0,6790,45.9,2,50.0,0,1,7200,2,0.00,0xEE,0,0
4936,3.3,15.0,11.7,4100,1,0.0,6790,46.0,4,50.0,0,1,7200,2,0.00,0xEE,0,0
4951,3.3,15.0,11.7,4100,1,0.0,6726,46.2,6,50.0,0,1,7200,2,0.00,0xEE,0,0
4967,3.3,15.0,11.7,4100,1,0.0,6727,46.0,8,50.0,0,1,7200,2,0.00,0xEE,0,0
4998,3.3,15.0,11.7,4100,1,0.0,6795,46.1,9,50.0,0,1,7200,2,0.00,0xEE,0,0
5014,3.3,15.0,11.7,4100,1,0.0,6796,45.9,9,50.0,0,1,7200,2,0.00,0xEE,0,0
5029,3.2,15.0,11.8,4100,1,0.0,6732,46.5,9,50.0,0,1,7200,2,0.00,0xEE,0,0
5045,3.1,15.0,11.9,4100,1,0.0,6732,46.3,9,49.0,0,1,7200,2,0.00,0xEE,0,0
5076,3.0,15.0,12.0,4100,1,0.0,6799,46.2,9,49.0,0,1,7200,2,0.00,0xEE,0,0
5092,3.1,15.0,11.9,4100,1,0.0,6801,45.9,1,49.0,0,1,7200,2,0.00,0xEE,0,0
5107,3.3,15.0,11.7,4100,1,0.0,6738,45.9,3,49.0,0,1,7200,2,0.00,0xEE,0,0
5138,3.4,15.0,11.6,4100,1,0.0,6738,45.7,5,49.0,0,1,7200,2,0.00,0xEE,0,0
5153,3.4,15.0,11.6,4100,1,0.0,6805,45.9,7,49.0,0,1,7200,2,0.00,0xEE,0,0
5230,3.5,15.0,11.5,4100,1,0.0,6808,45.5,69,49.0,0,1,7200,2,0.00,0xEE,0,0
5246,3.6,15.0,11.4,4100,1,0.0,6743,45.6,9,49.0,0,1,7200,2,0.00,0xEE,0,0
5277,3.7,15.0,11.3,4100,1,0.0,6744,45.7,0,49.0,0,1,7200,2,0.00,0xEE,0,0
5293,3.6,15.0,11.4,4100,1,0.0,6813,45.8,2,49.0,0,1,7200,2,0.00,0xEE,0,0
5308,3.6,15.0,11.4,4100,1,0.0,6813,45.4,4,49.0,0,1,7200,2,0.00,0xEE,0,0
5324,3.6,15.0,11.4,4100,1,0.0,6749,45.5,6,49.0,0,1,7200,2,0.00,0xEE,0,0
5356,3.8,15.0,11.2,4100,1,0.0,6749,45.3,8,49.0,0,1,7200,2,0.00,0xEE,0,0
5371,3.9,15.0,11.1,4100,1,0.0,6816,45.4,9,49.0,0,1,7200,2,0.00,0xEE,0,0
5387,3.9,15.0,11.1,4100,1,0.0,6816,45.8,9,49.0,0,1,7200,2,0.00,0xEE,0,0
5419,3.8,15.0,11.2,4100,1,0.0,6752,45.9,9,49.0,0,1,7200,2,0.00,0xEE,0,0
5434,3.6,15.0,11.4,4100,1,0.0,6753,45.4,9,49.0,0,1,7200,2,0.00,0xEE,0,0
5449,3.6,15.0,11.4,4100,1,0.0,6821,45.4,9,49.0,0,1,7200,2,0.00,0xEE,0,0
5465,3.9,15.0,11.1,4100,1,0.0,6821,45.1,1,49.0,0,1,7200,2,0.00,0xEE,0,0
5496,4.0,15.0,11.0,4100,1,0.0,6755,45.1,3,49.0,0,1,7200,2,0.00,0xEE,0,0
5511,4.1,15.0,10.9,4100,1,0.0,6755,45.7,5,49.0,0,1,7200,2,0.00,0xEE,0,0
5527,4.2,15.0,10.8,4100,1,0.0,6822,44.9,7,49.0,0,1,7200,2,0.00,0xEE,0,0
5558,4.3,15.0,10.7,4100,1,0.0,6822,44.5,9,49.0,0,1,7200,2,0.00,0xEE,0,0
5572,4.4,15.0,10.6,4100,1,0.0,6756,45.2,9,49.0,0,1,7200,2,0.00,0xEE,0,0
5588,4.4,15.0,10.6,4100,1,0.0,6758,45.0,9,49.0,0,1,7200,2,0.00,0xEE,0,0
5605,4.3,15.0,10.7,4100,1,0.0,6824,45.5,9,49.0,0,1,7200,2,0.00,0xEE,0,0
5636,4.3,15.0,10.7,4100,1,0.0,6758,44.7,9,49.0,0,1,7200,2,0.00,0xEE,0,0
5651,4.4,15.0,10.6,4100,1,0.0,6759,45.3,0,49.0,0,1,7200,2,0.00,0xEE,0,0
5728,4.4,15.0,10.6,4100,1,0.0,6761,45.0,62,49.0,0,1,7200,2,0.00,0xEE,0,0
5743,4.4,15.0,10.6,4100,1,0.0,6827,44.4,9,49.0,0,1,7200,2,0.00,0xEE,0,0
5774,4.4,15.0,10.6,4100,1,0.0,6827,44.7,9,49.0,0,1,7200,2,0.00,0xEE,0,0
5791,4.6,15.0,10.4,4100,1,0.0,6761,43.9,9,49.0,0,1,7200,2,0.00,0xEE,0,0
5806,4.9,15.0,10.1,4100,1,0.0,6761,44.3,9,49.0,0,1,7200,2,0.00,0xEE,0,0
5837,5.1,15.0,9.9,4100,1,0.0,6829,44.0,9,49.0,0,1,7200,2,0.00,0xEE,0,0
5853,5.3,15.0,9.7,4100,1,0.0,6830,43.7,1,49.0,0,1,7200,2,0.00,0xEE,0,0
5868,5.3,15.0,9.7,4100,1,0.0,6765,44.0,3,49.0,0,1,7200,2,0.00,0xEE,0,0
5883,5.4,15.0,9.6,4100,1,0.0,6765,44.2,5,49.0,0,1,7200,2,0.00,0xEE,0,0
5915,5.4,15.0,9.6,4100,1,0.0,6832,43.7,6,49.0,0,1,7200,2,0.00,0xEE,0,0
5930,5.5,15.0,9.5,4100,1,0.0,6832,43.3,8,49.0,0,1,7200,2,0.00,0xEE,0,0
5946,5.6,15.0,9.4,4100,1,0.0,6765,44.3,9,49.0,0,1,7200,2,0.00,0xEE,0,0
5977,5.8,15.0,9.2,4100,1,0.0,6833,43.3,9,49.0,0,1,7200,2,0.00,0xEE,0,0
5992,5.9,15.0,9.1,4100,1,0.0,6833,43.3,9,49.0,0,1,7200,2,0.00,0xEE,0,0
6008,6.1,15.0,8.9,4100,1,0.0,6767,43.6,9,49.0,0,1,7200,2,0.00,0xEE,0,0
6039,6.0,15.0,9.0,4100,1,0.0,6768,43.5,0,49.0,0,1,7200,2,0.00,0xEE,0,0
6054,6.0,15.0,9.0,4100,1,0.0,6835,43.4,2,49.0,0,1,7200,2,0.00,0xEE,0,0
6070,5.9,15.0,9.1,4100,1,0.0,6835,43.2,4,49.0,0,1,7200,2,0.00,0xEE,0,0
6085,6.0,15.0,9.0,4100,1,0.0,6768,43.2,6,49.0,0,1,7200,2,0.00,0xEE,0,0
6115,6.1,15.0,8.9,4100,1,0.0,6767,43.0,8,49.0,0,1,7200,2,0.00,0xEE,0,0
6131,6.2,15.0,8.8,4100,1,0.0,6833,43.2,9,49.0,0,1,7200,2,0.00,0xEE,0,0
6147,6.2,15.0,8.8,4100,1,0.0,6833,42.6,9,49.0,0,1,7200,2,0.00,0xEE,0,0
6226,6.5,15.0,8.5,4100,1,0.0,6832,42.6,69,49.0,0,1,7200,2,0.00,0xEE,0,0
6257,6.9,15.0,8.1,4100,1,0.0,6765,42.3,3,49.0,0,1,7200,2,0.00,0xEE,0,0
6272,7.1,15.0,7.9,4100,1,0.0,6833,41.9,5,49.0,0,1,7200,2,0.00,0xEE,0,0
6288,7.4,15.0,7.6,4100,1,0.0,6835,42.0,7,49.0,0,1,7200,2,0.00,0xEE,0,0
6318,7.5,15.0,7.5,4100,1,0.0,6768,41.8,9,49.0,0,1,7200,2,0.00,0xEE,0,0
6333,7.5,15.0,7.5,4100,1,0.0,6768,41.9,9,49.0,0,1,7200,2,0.00,0xEE,0,0
6349,7.6,15.0,7.4,4100,1,0.0,6835,41.1,9,49.0,0,1,7200,2,0.00,0xEE,0,0
6364,7.8,15.0,7.2,4100,1,0.0,6835,41.2,9,49.0,0,1,7200,2,0.00,0xEE,0,0
6395,8.1,15.0,6.9,4100,1,0.0,6767,41.1,9,49.0,0,1,7200,2,0.00,0xEE,0,0
6411,8.4,15.0,6.6,4100,1,0.0,6767,41.0,0,49.0,0,1,7200,2,0.00,0xEE,0,0
6427,8.5,15.0,6.5,4100,1,0.0,6832,40.8,2,49.0,0,1,7200,2,0.00,0xEE,0,0
6458,8.6,15.0,6.4,4100,1,0.0,6832,40.3,4,49.0,0,1,7200,2,0.00,0xEE,0,0
6474,8.8,15.0,6.2,4100,1,0.0,6764,40.5,6,49.0,0,1,7200,2,0.00,0xEE,0,0
6489,8.9,15.0,6.1,4100,1,0.0,6764,40.3,8,49.0,0,1,7200,2,0.00,0xEE,0,0
6505,9.1,15.0,5.9,4100,1,0.0,6829,39.7,9,49.0,0,1,7200,2,0.00,0xEE,0,0
6536,9.3,15.0,5.7,4100,1,0.0,6829,39.9,9,49.0,0,1,7200,2,0.00,0xEE,0,0
6552,9.5,15.0,5.5,4100,1,0.0,6762,39.7,9,49.0,0,1,7200,2,0.00,0xEE,0,0
6567,9.7,15.0,5.3,4100,1,0.0,6827,39.6,9,49.0,0,1,7200,2,0.00,0xEE,0,0
6598,9.8,15.0,5.2,4100,1,0.0,6825,39.2,9,49.0,0,1,7200,2,0.00,0xEE,0,0
6612,10.1,15.0,4.9,4100,1,0.4,6759,38.7,1,49.0,0,1,6591,2,0.00,0xEE,0,0
6628,10.4,15.0,4.6,3860,1,1.5,6758,38.3,3,49.0,0,1,6570,2,0.00,0xEE,0,0
6659,10.8,15.0,4.2,3839,1,3.3,6818,38.4,5,49.0,0,1,6536,2,0.00,0xEE,0,0
6737,11.1,15.0,3.9,3813,1,5.3,6700,37.9,80,49.0,0,1,6499,2,0.00,0xEE,0,0
6768,11.3,15.0,3.7,3812,1,5.5,6690,36.9,8,49.0,0,1,6494,2,0.00,0xEE,0,0
6784,11.9,15.0,3.1,3800,1,7.4,6743,36.9,9,49.0,0,1,6458,2,0.00,0xEE,0,0
6799,12.3,15.0,2.7,3800,0,9.7,6734,36.4,9,49.0,0,1,6413,2,0.00,0xEE,0,0
6829,12.7,15.0,2.3,3800,0,12.1,6723,36.8,9,49.0,0,1,6369,2,0.00,0xEE,0,0
6845,12.9,15.0,2.1,3800,0,13.8,6645,36.4,9,49.0,0,1,6338,2,0.00,0xEE,0,0
6860,13.4,15.0,1.6,3800,0,15.9,6635,35.8,1,49.0,0,1,6298,2,0.00,0xEE,0,0
6891,13.7,15.0,1.3,3800,0,16.6,6687,35.5,3,49.0,0,1,6282,2,0.00,0xEE,0,0
6907,14.0,15.0,1.0,3800,0,17.2,6678,35.1,5,49.0,0,1,6270,2,0.00,0xEE,0,0
6922,14.2,15.0,0.8,3800,0,17.2,6602,35.3,7,49.0,0,1,6269,2,0.00,0xEE,0,0
6938,14.3,15.0,0.7,3800,0,16.5,6593,35.3,9,49.0,0,1,6281,2,0.00,0xEE,0,0
6969,14.3,15.0,0.7,3800,0,15.4,6647,35.0,9,49.0,0,1,6303,2,0.00,0xEE,0,0
6985,14.4,15.0,0.6,3800,0,13.9,6638,34.9,9,49.0,0,1,6328,2,0.00,0xEE,0,0
7000,14.6,15.0,0.4,3800,0,12.4,6629,34.5,9,49.0,0,1,6355,2,0.00,0xEE,0,0
7032,14.9,15.0,0.1,3800,0,11.2,6555,34.5,9,49.0,0,1,6375,2,0.00,0xEE,0,0
7048,15.2,15.0,-0.2,3800,0,9.2,6548,34.4,0,48.0,0,1,6410,2,0.00,0xEE,0,0
7063,15.2,15.0,-0.2,3805,0,8.0,6602,33.9,2,48.0,0,1,6431,2,0.00,0xEE,0,0
7093,15.3,15.0,-0.3,3813,0,6.9,6594,34.2,4,48.0,0,1,6450,2,0.00,0xEE,0,0
7109,15.4,15.0,-0.4,3823,0,6.0,6587,34.2,6,48.0,0,1,6467,2,0.00,0xEE,0,0
7124,15.5,15.0,-0.5,3835,0,5.1,6514,34.0,8,48.0,0,1,6483,2,0.00,0xEE,0,0
7140,15.5,15.0,-0.5,3844,0,4.3,6509,33.9,9,48.0,0,1,6497,2,0.00,0xEE,0,0
7171,15.6,15.0,-0.6,3853,0,3.6,6504,34.1,9,48.0,0,1,6509,2,0.00,0xEE,0,0
7249,15.7,15.0,-0.7,3860,0,3.1,6547,33.2,74,48.0,0,1,6517,2,0.00,0xEE,0,0
7264,15.9,15.0,-0.9,3869,0,2.4,6543,33.8,8,48.0,0,1,6530,2,0.00,0xEE,0,0
7295,16.0,15.0,-1.0,3873,0,2.0,6538,33.8,9,48.0,0,1,6538,2,0.00,0xEE,0,0
7310,15.9,15.0,-0.9,3881,0,1.5,6471,33.6,9,48.0,0,1,6548,2,0.00,0xEE,0,0
7325,16.0,15.0,-1.0,3887,0,1.0,6468,33.6,9,48.0,0,1,6556,2,0.00,0xEE,0,0
7357,16.0,15.0,-1.0,3892,0,0.8,6528,34.3,9,48.0,0,1,6559,2,0.00,0xEE,0,0
7373,16.0,15.0,-1.0,3897,0,0.4,6527,34.0,9,48.0,0,1,6567,2,0.00,0xEE,0,0
7388,15.7,15.0,-0.7,3906,0,-1.1,6525,34.3,1,48.0,0,1,6597,2,0.00,0xEE,0,0
7403,15.8,15.0,-0.8,3920,0,-1.6,6524,33.7,3,48.0,0,1,6605,2,0.00,0xEE,0,0
7435,15.7,15.0,-0.7,3930,0,-2.1,6461,34.6,5,48.0,0,1,6616,2,0.00,0xEE,0,0
7450,15.6,15.0,-0.6,3935,0,-2.6,6459,34.1,7,48.0,0,1,6624,2,0.00,0xEE,0,0
7466,15.4,15.0,-0.4,3948,0,-3.4,6461,34.5,9,48.0,0,1,6641,2,0.00,0xEE,0,0
7483,15.3,15.0,-0.3,3954,0,-3.9,6524,34.4,9,48.0,0,1,6651,2,0.00,0xEE,0,0
7513,15.2,15.0,-0.2,3963,0,-4.5,6525,34.8,9,48.0,0,1,6663,2,0.00,0xEE,0,0
7529,15.1,15.0,-0.1,3968,0,-5.0,6527,34.7,9,48.0,0,1,6672,2,0.00,0xEE,0,0
7544,15.0,15.0,0.0,3974,0,-5.4,6466,35.1,9,48.0,0,1,6681,2,0.00,0xEE,0,0
7576,14.8,15.0,0.2,3982,0,-6.0,6468,34.8,0,48.0,0,1,6694,2,0.00,0xEE,0,0
7592,14.8,15.0,0.2,3989,0,-6.0,6471,35.5,2,48.0,0,1,6694,2,0.00,0xEE,0,0
7607,14.7,15.0,0.3,3986,0,-5.8,6537,35.0,4,48.0,0,1,6690,2,0.00,0xEE,0,0
7622,14.5,15.0,0.5,3989,0,-5.8,6540,36.0,6,48.0,0,1,6692,2,0.00,0xEE,0,0
7654,14.2,15.0,0.8,3996,0,-6.4,6541,35.9,8,48.0,0,1,6705,2,0.00,0xEE,0,0
7670,13.8,15.0,1.2,4012,0,-7.4,6483,36.1,9,48.0,0,1,6726,2,0.00,0xEE,0,0
7761,13.7,15.0,1.3,4029,0,-8.3,6500,36.0,74,48.0,0,1,6743,2,0.00,0xEE,0,0
7777,13.3,15.0,1.7,4025,0,-7.6,6568,36.8,6,48.0,0,1,6736,2,0.00,0xEE,0,0
7792,13.0,15.0,2.0,4027,0,-7.8,6573,37.0,8,48.0,0,1,6740,2,0.00,0xEE,0,0
7808,12.7,15.0,2.3,4035,0,-8.3,6576,37.4,9,48.0,0,1,6752,2,0.00,0xEE,0,0
7839,12.4,15.0,2.6,4044,0,-8.8,6517,37.5,9,48.0,0,1,6762,2,0.00,0xEE,0,0
7855,12.3,15.0,2.7,4051,0,-9.2,6521,37.9,9,48.0,0,1,6771,2,0.00,0xEE,0,0
7869,12.0,15.0,3.0,4062,1,-9.8,6527,38.2,9,48.0,0,1,6784,2,0.00,0xEE,0,0
7900,11.6,15.0,3.4,4066,1,-10.7,6596,38.3,0,48.0,0,1,6804,2,0.00,0xEE,0,0
7916,11.4,15.0,3.6,4075,1,-10.9,6600,38.6,1,48.0,0,1,6808,2,0.00,0xEE,0,0
7932,11.3,15.0,3.7,4078,1,-10.8,6543,38.1,4,48.0,0,1,6808,2,0.00,0xEE,0,0
7948,11.1,15.0,3.9,4077,1,-10.5,6547,38.6,5,48.0,0,1,6805,2,0.00,0xEE,0,0
7979,11.0,15.0,4.0,4074,1,-10.1,6553,38.9,7,48.0,0,1,6798,2,0.00,0xEE,0,0
7994,10.8,15.0,4.2,4071,1,-9.7,6623,39.3,9,48.0,0,1,6793,2,0.00,0xEE,0,0
8009,10.6,15.0,4.4,4070,1,-9.5,6629,39.2,9,48.0,0,1,6790,2,0.00,0xEE,0,0
8040,10.4,15.0,4.6,4072,1,-9.4,6571,39.4,9,48.0,0,1,6790,2,0.00,0xEE,0,0
8056,10.2,15.0,4.8,4072,1,-9.3,6576,39.6,9,49.9,0,1,6790,2,0.00,0xEE,0,0
8072,10.1,15.0,4.9,4071,1,-8.9,6580,39.2,9,49.9,0,1,6784,2,0.00,0xEE,0,0
8087,10.0,15.0,5.0,4056,1,-7.6,6650,40.1,1,49.9,0,1,6761,2,0.00,0xEE,0,0
8118,9.8,15.0,5.2,4052,1,-7.1,6654,40.0,3,49.9,0,1,6754,2,0.00,0xEE,0,0
8133,9.6,15.0,5.4,4053,1,-6.8,6594,40.5,5,49.9,0,1,6752,2,0.00,0xEE,0,0
8149,9.3,15.0,5.7,4057,1,-7.0,6597,40.3,7,49.9,0,1,6757,2,0.00,0xEE,0,0
8181,9.2,15.0,5.8,4062,1,-7.2,6600,40.6,8,49.9,0,1,6762,2,0.00,0xEE,0,0
8258,9.0,15.0,6.0,4062,1,-7.4,6680,40.5,73,49.9,0,1,6766,2,0.00,0xEE,0,0
8274,8.8,15.0,6.2,4049,1,-6.0,6621,41.0,4,49.9,0,1,6744,2,0.00,0xEE,0,0
8306,8.7,15.0,6.3,4043,1,-5.2,6622,40.9,6,49.9,0,1,6731,2,0.00,0xEE,0,0
8321,8.6,15.0,6.4,4039,1,-4.7,6625,41.2,8,49.9,0,1,6722,2,0.00,0xEE,0,0
8337,8.5,15.0,6.5,4034,1,-4.3,6691,41.1,9,49.9,0,1,6715,2,0.00,0xEE,0,0
8353,8.3,15.0,6.7,4030,1,-4.0,6693,41.3,9,49.9,0,1,6711,2,0.00,0xEE,0,0
8385,8.2,15.0,6.8,4031,1,-3.8,6631,41.5,9,49.9,0,1,6708,2,0.00,0xEE,0,0
8399,8.1,15.0,6.9,4033,1,-3.8,6632,42.1,9,49.9,0,1,6710,2,0.00,0xEE,0,0
8415,8.0,15.0,7.0,4033,1,-3.9,6699,41.3,9,49.9,0,1,6712,2,0.00,0xEE,0,0
8431,7.8,15.0,7.2,4037,1,-4.3,6699,42.1,1,49.9,0,1,6720,2,0.00,0xEE,0,0
8463,7.6,15.0,7.4,4041,1,-4.7,6700,42.1,3,49.9,0,1,6729,2,0.00,0xEE,0,0
8479,7.5,15.0,7.5,4048,1,-5.1,6638,42.3,5,49.9,0,1,6738,2,0.00,0xEE,0,0
8494,7.3,15.0,7.7,4056,1,-5.6,6640,42.1,7,49.9,0,1,6747,2,0.00,0xEE,0,0
8525,7.3,15.0,7.7,4055,1,-5.6,6708,42.0,9,49.9,0,1,6748,2,0.00,0xEE,0,0
8540,7.3,15.0,7.7,4052,1,-5.4,6709,42.1,9,49.9,0,1,6745,2,0.00,0xEE,0,0
8555,7.3,15.0,7.7,4050,1,-5.0,6647,42.1,9,49.9,0,1,6737,2,0.00,0xEE,0,0
8585,7.3,15.0,7.7,4044,1,-4.4,6650,42.2,9,49.9,0,1,6726,2,0.00,0xEE,0,0
8602,7.3,15.0,7.7,4035,1,-3.7,6717,42.1,9,49.9,0,1,6714,2,0.00,0xEE,0,0
8618,7.1,15.0,7.9,4027,1,-2.7,6720,42.6,0,49.9,0,1,6697,2,0.00,0xEE,0,0
8632,7.0,15.0,8.0,4024,1,-2.7,6656,42.7,2,49.9,0,1,6699,2,0.00,0xEE,0,0
8665,6.8,15.0,8.2,4029,1,-2.9,6656,42.6,4,49.9,0,1,6704,2,0.00,0xEE,0,0
8681,6.8,15.0,8.2,4035,1,-3.1,6657,42.7,6,49.9,0,1,6709,2,0.00,0xEE,0,0
8758,6.8,15.0,8.2,4032,1,-3.1,6726,42.7,90,49.9,0,1,6709,2,0.00,0xEE,0,0
8789,6.7,15.0,8.3,4029,1,-2.6,6662,42.8,2,49.9,0,1,6702,2,0.00,0xEE,0,0
8804,6.5,15.0,8.5,4031,1,-2.6,6662,43.2,4,49.9,0,1,6703,2,0.00,0xEE,0,0
8820,6.4,15.0,8.6,4031,1,-2.8,6727,43.1,5,49.9,0,1,6707,2,0.00,0xEE,0,0
8835,6.2,15.0,8.8,4033,1,-3.1,6729,42.8,7,49.9,0,1,6713,2,0.00,0xEE,0,0
8866,6.4,15.0,8.6,4030,1,-2.9,6663,42.9,9,49.9,0,1,6709,2,0.00,0xEE,0,0
8882,6.4,15.0,8.6,4027,1,-2.4,6663,43.0,9,49.9,0,1,6700,2,0.00,0xEE,0,0
8897,6.5,15.0,8.5,4022,1,-1.8,6665,43.4,9,49.9,0,1,6690,2,0.00,0xEE,0,0
8928,6.3,15.0,8.7,4020,1,-1.6,6730,43.3,9,49.9,0,1,6687,2,0.00,0xEE,0,0
8943,6.2,15.0,8.8,4021,1,-1.7,6729,43.2,9,49.9,0,1,6690,2,0.00,0xEE,0,0
8959,6.1,15.0,8.9,4025,1,-2.0,6665,43.1,1,49.9,0,1,6696,2,0.00,0xEE,0,0
8975,6.2,15.0,8.8,4024,1,-1.7,6665,43.0,3,49.9,0,1,6691,2,0.00,0xEE,0,0
9007,6.3,15.0,8.7,4016,1,-1.2,6729,43.0,5,49.9,0,1,6681,2,0.00,0xEE,0,0
9023,6.4,15.0,8.6,4007,1,-0.5,6729,43.3,7,49.9,0,1,6669,2,0.00,0xEE,0,0
9038,6.3,15.0,8.7,4004,1,-0.1,6663,43.7,9,49.9,0,1,6662,2,0.00,0xEE,0,0
9054,6.2,15.0,8.8,4005,1,-0.0,6663,43.3,9,48.6,0,1,6662,2,0.00,0xEE,0,0
9085,6.1,15.0,8.9,4006,1,-0.3,6727,43.2,9,48.6,0,1,6667,2,0.00,0xEE,0,0
9102,6.1,15.0,8.9,4005,1,-0.3,6729,43.2,9,48.6,0,1,6668,2,0.00,0xEE,0,0
9117,6.1,15.0,8.9,4004,1,-0.3,6663,43.1,9,48.6,0,1,6667,2,0.00,0xEE,0,0
9148,6.1,15.0,8.9,4006,1,-0.2,6663,43.4,0,48.6,0,1,6667,2,0.00,0xEE,0,0
9164,6.0,15.0,9.0,4010,1,-0.4,6727,43.1,2,48.6,0,1,6671,2,0.00,0xEE,0,0
9180,6.0,15.0,9.0,4012,1,-0.7,6727,43.8,4,48.6,0,1,6677,2,0.00,0xEE,0,0
9273,6.0,15.0,9.0,4011,1,-0.7,6660,43.8,88,48.6,0,1,6677,2,0.00,0xEE,0,0
9289,5.7,15.0,9.3,4014,1,-1.4,6659,43.2,0,48.6,0,1,6694,2,0.00,0xEE,0,0
9304,5.7,15.0,9.3,4027,1,-2.0,6726,43.5,2,48.6,0,1,6704,2,0.00,0xEE,0,0
9319,5.8,15.0,9.2,4026,1,-2.0,6724,43.5,3,48.6,0,1,6705,2,0.00,0xEE,0,0
9350,5.9,15.0,9.1,4022,1,-1.7,6660,43.6,6,48.6,0,1,6699,2,0.00,0xEE,0,0
9365,5.9,15.0,9.1,4020,1,-1.4,6660,43.3,7,48.6,0,1,6693,2,0.00,0xEE,0,0
9380,5.9,15.0,9.1,4017,1,-0.9,6660,43.2,9,48.6,0,1,6684,2,0.00,0xEE,0,0
9412,6.0,15.0,9.0,4009,1,-0.3,6726,44.1,9,48.6,0,1,6672,2,0.00,0xEE,0,0
9427,6.1,15.0,8.9,3999,1,0.5,6726,43.1,9,48.6,0,1,6658,2,0.00,0xEE,0,0
9442,6.2,15.0,8.8,3991,1,1.3,6662,42.9,9,48.6,0,1,6644,2,0.00,0xEE,0,0
9472,6.2,15.0,8.8,3984,1,2.0,6660,43.3,9,48.6,0,1,6631,2,0.00,0xEE,0,0
9487,6.0,15.0,9.0,3978,1,2.1,6726,43.6,1,48.6,0,1,6630,2,0.00,0xEE,0,0
9503,5.8,15.0,9.2,3990,1,1.3,6723,43.7,3,48.6,0,1,6646,2,0.00,0xEE,0,0
9518,5.7,15.0,9.3,4001,1,0.4,6657,43.6,5,48.6,0,1,6665,2,0.00,0xEE,0,0
9549,5.7,15.0,9.3,4012,1,-0.5,6657,43.9,7,48.6,0,1,6681,2,0.00,0xEE,0,0
9564,5.7,15.0,9.3,4017,1,-1.1,6720,43.3,8,48.6,0,1,6692,2,0.00,0xEE,0,0
9580,5.7,15.0,9.3,4023,1,-1.7,6721,43.8,9,48.6,0,1,6703,2,0.00,0xEE,0,0
9611,5.8,15.0,9.2,4023,1,-1.8,6656,43.4,9,48.6,0,1,6705,2,0.00,0xEE,0,0
9626,5.7,15.0,9.3,4028,1,-2.0,6656,44.0,9,48.6,0,1,6709,2,0.00,0xEE,0,0
9642,5.7,15.0,9.3,4029,1,-2.0,6656,43.7,9,48.6,0,1,6709,2,0.00,0xEE,0,0
9673,5.7,15.0,9.3,4031,1,-1.9,6721,43.6,0,48.6,0,1,6708,2,0.00,0xEE,0,0
9688,5.7,15.0,9.3,4024,1,-1.6,6721,43.9,2,48.6,0,1,6703,2,0.00,0xEE,0,0
9765,5.7,15.0,9.3,4027,1,-1.6,6659,43.9,86,48.6,0,1,6703,2,0.00,0xEE,0,0
9796,5.7,15.0,9.3,4024,1,-1.5,6724,44.0,9,48.6,0,1,6702,2,0.00,0xEE,0,0
9812,5.5,15.0,9.5,4023,1,-1.4,6726,44.0,9,48.6,0,1,6702,2,0.00,0xEE,0,0
9828,5.4,15.0,9.6,4026,1,-1.6,6724,43.9,1,48.6,0,1,6708,2,0.00,0xEE,0,0
9859,5.4,15.0,9.6,4026,1,-1.5,6659,44.0,3,48.6,0,1,6706,2,0.00,0xEE,0,0
9874,5.5,15.0,9.5,4025,1,-1.3,6659,43.9,5,48.6,0,1,6701,2,0.00,0xEE,0,0
9890,5.4,15.0,9.6,4022,1,-1.1,6724,44.4,7,48.6,0,1,6698,2,0.00,0xEE,0,0
9906,5.4,15.0,9.6,4020,1,-1.0,6726,44.0,9,48.6,0,1,6697,2,0.00,0xEE,0,0
9936,5.3,15.0,9.7,4024,1,-1.1,6662,44.2,9,48.6,0,1,6700,2,0.00,0xEE,0,0
9951,5.2,15.0,9.8,4028,1,-1.3,6660,44.3,9,48.6,0,1,6704,2,0.00,0xEE,0,0
9967,5.1,15.0,9.9,4031,1,-1.7,6726,44.5,9,48.6,0,1,6712,2,0.00,0xEE,0,0
9983,5.1,15.0,9.9,4033,1,-2.0,6726,43.8,9,48.6,0,1,6717,2,0.00,0xEE,0,0
10014,5.1,15.0,9.9,4037,1,-2.0,6663,44.3,1,48.6,0,1,6719,2,0.00,0xEE,0,0
10030,5.1,15.0,9.9,4035,1,-1.8,6663,44.0,2,48.6,0,1,6714,2,0.00,0xEE,0,0
10046,5.2,15.0,9.8,4028,1,-1.3,6729,44.0,4,48.6,0,1,6706,2,0.00,0xEE,0,0
10077,5.3,15.0,9.7,4020,1,-0.7,6727,44.1,6,46.7,0,1,6695,2,0.00,0xEE,0,0
10092,5.3,15.0,9.7,4012,1,-0.1,6663,44.1,8,46.7,0,1,6684,2,0.00,0xEE,0,0
10107,5.3,15.0,9.7,4010,1,0.3,6663,44.3,9,46.7,0,1,6677,2,0.00,0xEE,0,0
10122,5.2,15.0,9.8,4011,1,0.4,6662,44.4,9,46.7,0,1,6677,2,0.00,0xEE,0,0
10154,5.1,15.0,9.9,4012,1,0.2,6727,44.3,9,46.7,0,1,6681,2,0.00,0xEE,0,0
10169,5.0,15.0,10.0,4015,1,-0.1,6726,44.3,9,46.7,0,1,6687,2,0.00,0xEE,0,0
10185,5.0,15.0,10.0,4020,1,-0.5,6662,44.5,0,46.7,0,1,6695,2,0.00,0xEE,0,0
10278,5.0,15.0,10.0,4021,1,-0.5,6727,44.5,85,46.7,0,1,6695,2,0.00,0xEE,0,0
10294,5.2,15.0,9.8,4019,1,-0.4,6727,43.9,9,46.7,0,1,6693,2,0.00,0xEE,0,0
10308,5.3,15.0,9.7,4011,1,0.2,6662,43.5,9,46.7,0,1,6682,2,0.00,0xEE,0,0
10338,5.5,15.0,9.5,4002,1,1.9,6662,43.8,0,46.7,0,1,6651,2,0.00,0xEE,0,0
10353,5.6,15.0,9.4,3989,1,2.5,6724,44.3,2,46.7,0,1,6640,2,0.00,0xEE,0,0
10369,5.5,15.0,9.5,3986,1,2.7,6724,44.0,4,46.7,0,1,6638,2,0.00,0xEE,0,0
10400,5.3,15.0,9.7,3990,1,2.3,6657,44.3,6,46.7,0,1,6647,2,0.00,0xEE,0,0
10415,5.3,15.0,9.7,3999,1,1.6,6656,43.8,8,46.7,0,1,6658,2,0.00,0xEE,0,0
10430,5.3,15.0,9.7,4004,1,1.2,6720,43.6,9,46.7,0,1,6665,2,0.00,0xEE,0,0
10461,5.5,15.0,9.5,4002,1,1.3,6718,43.8,9,46.7,0,1,6664,2,0.00,0xEE,0,0
10477,5.6,15.0,9.4,3998,1,1.5,6718,43.7,9,46.7,0,1,6659,2,0.00,0xEE,0,0
10492,5.6,15.0,9.4,3997,1,1.7,6653,43.5,9,46.7,0,1,6656,2,0.00,0xEE,0,0
10523,5.7,15.0,9.3,3997,1,1.9,6653,44.0,9,46.7,0,1,6653,2,0.00,0xEE,0,0
10538,5.5,15.0,9.5,4001,1,1.1,6715,43.3,1,46.7,0,1,6669,2,0.00,0xEE,0,0
10554,5.6,15.0,9.4,4007,1,0.9,6715,43.4,3,46.7,0,1,6672,2,0.00,0xEE,0,0
10570,5.8,15.0,9.2,4000,1,1.2,6650,43.7,5,46.7,0,1,6666,2,0.00,0xEE,0,0
10601,5.9,15.0,9.1,3997,1,1.6,6648,44.0,7,46.7,0,1,6658,2,0.00,0xEE,0,0
10617,5.8,15.0,9.2,3999,1,1.7,6714,43.6,9,46.7,0,1,6658,2,0.00,0xEE,0,0
10632,5.7,15.0,9.3,4001,1,1.3,6712,43.7,9,46.7,0,1,6665,2,0.00,0xEE,0,0
10648,5.7,15.0,9.3,4004,1,1.0,6645,43.9,9,46.7,0,1,6671,2,0.00,0xEE,0,0
10679,5.6,15.0,9.4,4010,1,0.6,6647,43.8,9,46.7,0,1,6679,2,0.00,0xEE,0,0
10694,5.6,15.0,9.4,4017,1,0.1,6645,43.9,9,46.7,0,1,6689,2,0.00,0xEE,0,0
10773,5.5,15.0,9.5,4021,1,-0.4,6711,43.7,73,46.7,0,1,6699,2,0.00,0xEE,0,0
10804,5.6,15.0,9.4,4022,1,-0.5,6645,43.6,8,46.7,0,1,6700,2,0.00,0xEE,0,0
10819,5.6,15.0,9.4,4024,1,-0.5,6645,43.8,9,46.7,0,1,6700,2,0.00,0xEE,0,0
10834,5.6,15.0,9.4,4025,1,-0.4,6645,43.8,9,46.7,0,1,6700,2,0.00,0xEE,0,0
10866,5.7,15.0,9.3,4025,1,-0.2,6711,43.4,0,46.7,0,1,6696,2,0.00,0xEE,0,0
10882,5.9,15.0,9.1,4013,1,0.5,6711,43.1,2,46.7,0,1,6682,2,0.00,0xEE,0,0
10898,6.0,15.0,9.0,4004,1,1.4,6647,43.6,4,46.7,0,1,6665,2,0.00,0xEE,0,0
10914,6.0,15.0,9.0,4000,1,1.9,6647,43.8,6,46.7,0,1,6657,2,0.00,0xEE,0,0
10944,5.8,15.0,9.2,4002,1,1.8,6712,43.5,8,46.7,0,1,6659,2,0.00,0xEE,0,0
10960,5.7,15.0,9.3,4006,1,1.4,6712,43.8,9,46.7,0,1,6669,2,0.00,0xEE,0,0
10976,5.7,15.0,9.3,4009,1,1.0,6645,43.2,9,46.7,0,1,6676,2,0.00,0xEE,0,0
11007,5.9,15.0,9.1,4010,1,1.0,6647,43.0,9,46.7,0,1,6675,2,0.00,0xEE,0,0
11022,6.1,15.0,8.9,4006,1,1.5,6709,43.4,9,46.7,0,1,6666,2,0.00,0xEE,0,0
11038,6.1,15.0,8.9,4000,1,1.9,6709,43.8,9,46.7,0,1,6659,2,0.00,0xEE,0,0
11053,5.9,15.0,9.1,3998,1,1.6,6709,43.5,1,46.7,0,1,6665,2,0.00,0xEE,0,0
11085,6.0,15.0,9.0,4007,1,1.3,6644,43.2,3,47.6,0,1,6670,2,0.00,0xEE,0,0
11100,6.0,15.0,9.0,4009,1,1.2,6644,42.8,5,47.6,0,1,6671,2,0.00,0xEE,0,0
11116,6.2,15.0,8.8,4005,1,1.5,6708,43.1,7,47.6,0,1,6667,2,0.00,0xEE,0,0
11132,6.2,15.0,8.8,4000,1,1.7,6708,43.5,9,47.6,0,1,6662,2,0.00,0xEE,0,0
11163,6.2,15.0,8.8,3998,1,1.8,6641,43.2,9,47.6,0,1,6660,2,0.00,0xEE,0,0
11179,6.1,15.0,8.9,4004,1,1.5,6644,43.5,9,47.6,0,1,6667,2,0.00,0xEE,0,0
11194,6.1,15.0,8.9,4010,1,1.1,6706,43.1,9,47.6,0,1,6675,2,0.00,0xEE,0,0
11286,6.1,15.0,8.9,4010,1,0.8,6705,43.1,73,47.6,0,1,6681,2,0.00,0xEE,0,0
11302,6.2,15.0,8.8,4010,1,0.8,6640,43.2,8,47.6,0,1,6681,2,0.00,0xEE,0,0
11318,6.2,15.0,8.8,4014,1,0.7,6640,43.3,9,47.6,0,1,6683,2,0.00,0xEE,0,0
11349,6.2,15.0,8.8,4019,1,0.4,6703,43.5,9,47.6,0,1,6689,2,0.00,0xEE,0,0
11364,6.1,15.0,8.9,4023,1,-0.0,6703,43.1,9,47.6,0,1,6697,2,0.00,0xEE,0,0
11380,6.1,15.0,8.9,4027,1,-0.7,6640,42.9,0,47.6,0,1,6710,2,0.00,0xEE,0,0
11396,6.1,15.0,8.9,4033,1,-0.9,6641,43.3,2,47.6,0,1,6713,2,0.00,0xEE,0,0
11427,6.3,15.0,8.7,4030,1,-0.5,6641,42.5,4,47.6,0,1,6706,2,0.00,0xEE,0,0
11442,6.2,15.0,8.8,4027,1,-0.3,6706,43.5,6,47.6,0,1,6703,2,0.00,0xEE,0,0
11458,6.2,15.0,8.8,4025,1,-0.2,6706,43.3,8,47.6,0,1,6701,2,0.00,0xEE,0,0
11489,6.1,15.0,8.9,4027,1,-0.4,6643,43.1,9,47.6,0,1,6706,2,0.00,0xEE,0,0
11505,6.1,15.0,8.9,4030,1,-0.5,6643,43.2,9,47.6,0,1,6708,2,0.00,0xEE,0,0
11520,6.2,15.0,8.8,4030,1,-0.4,6708,43.0,9,47.6,0,1,6705,2,0.00,0xEE,0,0
11536,6.3,15.0,8.7,4025,1,0.0,6708,43.0,9,47.6,0,1,6698,2,0.00,0xEE,0,0
11567,6.4,15.0,8.6,4018,1,0.5,6644,43.0,9,47.6,0,1,6689,2,0.00,0xEE,0,0
11582,6.5,15.0,8.5,4016,1,1.5,6644,42.7,1,47.6,0,1,6670,2,0.00,0xEE,0,0
11598,6.6,15.0,8.4,4004,1,2.2,6644,42.3,3,47.6,0,1,6659,2,0.00,0xEE,0,0
11629,6.7,15.0,8.3,3995,1,2.8,6709,42.8,5,47.6,0,1,6646,2,0.00,0xEE,0,0
11645,6.7,15.0,8.3,3989,1,3.2,6709,42.7,7,47.6,0,1,6640,2,0.00,0xEE,0,0
11661,6.7,15.0,8.3,3989,1,3.4,6644,42.6,9,47.6,0,1,6637,2,0.00,0xEE,0,0
11676,6.7,15.0,8.3,3990,1,3.4,6644,42.3,9,47.6,0,1,6637,2,0.00,0xEE,0,0
11707,6.8,15.0,8.2,3991,1,3.3,6708,42.8,9,47.6,0,1,6638,2,0.00,0xEE,0,0
11786,6.9,15.0,8.1,3987,1,3.5,6637,42.3,73,47.6,0,1,6635,2,0.00,0xEE,0,0
11802,7.0,15.0,8.0,3987,1,3.4,6637,42.2,8,47.6,0,1,6636,2,0.00,0xEE,0,0
11834,7.1,15.0,7.9,3990,1,3.3,6634,42.1,9,47.6,0,1,6638,2,0.00,0xEE,0,0
11849,7.2,15.0,7.8,3992,1,3.2,6699,41.7,9,47.6,0,1,6640,2,0.00,0xEE,0,0
11864,7.3,15.0,7.7,3989,1,3.2,6697,42.0,9,47.6,0,1,6639,2,0.00,0xEE,0,0
11880,7.5,15.0,7.5,3985,1,3.4,6631,41.8,9,47.6,0,1,6634,2,0.00,0xEE,0,0
11912,7.4,15.0,7.6,3987,1,3.2,6628,42.4,0,47.6,0,1,6639,2,0.00,0xEE,0,0
11927,7.3,15.0,7.7,3991,1,2.5,6693,41.9,2,47.6,0,1,6653,2,0.00,0xEE,0,0
11943,7.3,15.0,7.7,4004,1,1.9,6693,41.4,4,47.6,0,1,6664,2,0.00,0xEE,0,0
11974,7.5,15.0,7.5,4003,1,1.8,6691,41.6,5,47.6,0,1,6664,2,0.00,0xEE,0,0
11989,7.8,15.0,7.2,3998,1,2.3,6628,41.2,7,47.6,0,1,6653,2,0.00,0xEE,0,0
12005,7.9,15.0,7.1,3993,1,2.9,6628,41.9,9,47.6,0,1,6642,2,0.00,0xEE,0,0
12020,7.9,15.0,7.1,3990,1,3.2,6694,41.6,9,47.6,0,1,6637,2,0.00,0xEE,0,0
12052,7.7,15.0,7.3,3993,1,2.9,6693,42.2,9,47.6,0,1,6644,2,0.00,0xEE,0,0
12067,7.7,15.0,7.3,3997,1,2.4,6626,41.7,9,47.6,0,1,6654,2,0.00,0xEE,0,0
12083,7.7,15.0,7.3,4005,1,1.8,6626,41.4,9,47.6,0,1,6665,2,0.00,0xEE,0,0
12114,7.8,15.0,7.2,4010,1,1.3,6626,41.5,1,47.6,0,1,6673,2,0.00,0xEE,0,0
12130,7.9,15.0,7.1,4011,1,1.2,6691,41.7,2,47.6,0,1,6675,2,0.00,0xEE,0,0
12145,7.9,15.0,7.1,4010,1,1.1,6693,41.5,5,47.6,0,1,6676,2,0.00,0xEE,0,0
12160,7.9,15.0,7.1,4014,1,1.0,6629,41.6,6,47.6,0,1,6680,2,0.00,0xEE,0,0
12191,7.9,15.0,7.1,4017,1,0.8,6631,41.7,8,47.6,0,1,6683,2,0.00,0xEE,0,0
12207,7.8,15.0,7.2,4022,1,0.5,6697,41.5,9,47.6,0,1,6689,2,0.00,0xEE,0,0
12285,7.9,15.0,7.1,4022,1,0.3,6635,41.2,73,47.6,0,1,6692,2,0.00,0xEE,0,0
12316,8.1,15.0,6.9,4018,1,0.6,6637,41.2,6,47.6,0,1,6686,2,0.00,0xEE,0,0
12332,8.1,15.0,6.9,4016,1,0.9,6637,41.5,8,47.6,0,1,6681,2,0.00,0xEE,0,0
12347,8.1,15.0,6.9,4016,1,1.0,6700,41.7,9,47.6,0,1,6679,2,0.00,0xEE,0,0
12379,8.0,15.0,7.0,4018,1,0.8,6702,41.0,9,47.6,0,1,6684,2,0.00,0xEE,0,0
12393,7.9,15.0,7.1,4022,1,0.3,6638,41.8,9,47.6,0,1,6693,2,0.00,0xEE,0,0
12409,7.8,15.0,7.2,4031,1,-0.3,6638,42.2,9,47.6,0,1,6706,2,0.00,0xEE,0,0
12424,7.7,15.0,7.3,4041,1,-1.1,6705,41.5,9,47.6,0,1,6721,2,0.00,0xEE,0,0
12456,7.6,15.0,7.4,4048,1,-2.4,6706,42.4,1,47.6,0,1,6745,2,0.00,0xEE,0,0
12472,7.5,15.0,7.5,4059,1,-2.8,6706,41.9,3,47.6,0,1,6754,2,0.00,0xEE,0,0
12487,7.5,15.0,7.5,4063,1,-3.0,6645,41.5,5,47.6,0,1,6757,2,0.00,0xEE,0,0
12518,7.7,15.0,7.3,4061,1,-2.7,6647,41.3,7,47.6,0,1,6751,2,0.00,0xEE,0,0
12534,7.8,15.0,7.2,4054,1,-2.0,6714,41.7,9,47.6,0,1,6737,2,0.00,0xEE,0,0
12549,8.0,15.0,7.0,4038,1,-0.7,6715,40.9,9,47.6,0,1,6714,2,0.00,0xEE,0,0
12565,8.1,15.0,6.9,4024,1,0.4,6653,41.3,9,47.6,0,1,6692,2,0.00,0xEE,0,0
12597,8.1,15.0,6.9,4013,1,1.5,6653,41.5,9,47.6,0,1,6673,2,0.00,0xEE,0,0
12613,8.1,15.0,6.9,4008,1,2.2,6720,41.8,9,47.6,0,1,6662,2,0.00,0xEE,0,0
12628,7.8,15.0,7.2,4005,1,1.8,6720,41.5,0,47.6,0,1,6671,2,0.00,0xEE,0,0
12659,7.7,15.0,7.3,4015,1,1.2,6720,41.8,2,47.6,0,1,6682,2,0.00,0xEE,0,0
12675,7.8,15.0,7.2,4021,1,0.8,6656,41.5,4,47.6,0,1,6688,2,0.00,0xEE,0,0
12690,7.8,15.0,7.2,4027,1,0.4,6656,42.0,6,47.6,0,1,6696,2,0.00,0xEE,0,0
12706,7.8,15.0,7.2,4027,1,0.2,6720,41.4,8,47.6,0,1,6699,2,0.00,0xEE,0,0
12783,7.8,15.0,7.2,4031,1,0.1,6654,41.5,66,47.6,0,1,6702,2,0.00,0xEE,0,0
12815,8.0,15.0,7.0,4031,1,0.1,6656,41.1,8,47.6,0,1,6701,2,0.00,0xEE,0,0
12830,8.0,15.0,7.0,4028,1,0.3,6721,41.8,9,47.6,0,1,6699,2,0.00,0xEE,0,0
12845,8.1,15.0,6.9,4022,1,1.2,6657,41.3,0,47.6,0,1,6683,2,0.00,0xEE,0,0
12876,8.2,15.0,6.8,4013,1,1.7,6659,41.2,2,47.6,0,1,6673,2,0.00,0xEE,0,0
12891,8.2,15.0,6.8,4012,1,1.9,6659,41.7,4,47.6,0,1,6670,2,0.00,0xEE,0,0
12921,8.1,15.0,6.9,4012,1,1.7,6723,41.5,6,47.6,0,1,6673,2,0.00,0xEE,0,0
12921,8.0,15.0,7.0,4016,1,1.3,6721,41.4,8,47.6,0,1,6682,2,0.00,0xEE,0,0
12953,8.0,15.0,7.0,4023,1,0.8,6657,41.4,9,47.6,0,1,6692,2,0.00,0xEE,0,0
12969,8.0,15.0,7.0,4028,1,0.4,6656,41.3,9,47.6,0,1,6698,2,0.00,0xEE,0,0
12985,8.1,15.0,6.9,4028,1,0.3,6721,41.1,9,47.6,0,1,6700,2,0.00,0xEE,0,0
13032,8.1,15.0,6.9,4027,1,0.2,6721,41.3,9,47.6,0,1,6701,2,0.00,0xEE,0,0
13032,8.2,15.0,6.8,4025,1,0.4,6657,41.2,9,47.6,0,1,6698,2,0.00,0xEE,0,0
13062,8.3,15.0,6.7,4022,1,0.8,6657,41.1,1,47.6,0,1,6690,2,0.00,0xEE,0,0
13062,8.3,15.0,6.7,4020,1,1.1,6656,41.5,3,47.6,0,1,6685,2,0.00,0xEE,0,0
13092,8.3,15.0,6.7,4017,1,1.3,6721,41.1,5,49.0,0,1,6681,2,0.00,0xEE,0,0
13107,8.3,15.0,6.7,4014,1,1.5,6723,40.9,7,49.0,0,1,6678,2,0.00,0xEE,0,0
13122,8.4,15.0,6.6,4013,1,1.7,6657,40.7,9,49.0,0,1,6674,2,0.00,0xEE,0,0
13154,8.5,15.0,6.5,4012,1,1.9,6659,41.6,9,49.0,0,1,6670,2,0.00,0xEE,0,0
13169,8.4,15.0,6.6,4011,1,1.9,6723,41.3,9,49.0,0,1,6672,2,0.00,0xEE,0,0
13185,8.3,15.0,6.7,4015,1,1.4,6723,40.7,9,49.0,0,1,6681,2,0.00,0xEE,0,0
13216,8.3,15.0,6.7,4020,1,1.1,6659,40.6,9,49.0,0,1,6686,2,0.00,0xEE,0,0
13293,8.6,15.0,6.4,4015,1,1.3,6721,41.2,76,49.0,0,1,6681,2,0.00,0xEE,0,0
13310,8.7,15.0,6.3,4013,1,1.3,6656,41.0,8,49.0,0,1,6680,2,0.00,0xEE,0,0
13341,8.6,15.0,6.4,4018,1,1.1,6657,41.0,9,49.0,0,1,6685,2,0.00,0xEE,0,0
13356,8.5,15.0,6.5,4025,1,0.3,6657,40.8,0,49.0,0,1,6702,2,0.00,0xEE,0,0
13371,8.4,15.0,6.6,4034,1,-0.2,6721,41.1,2,49.0,0,1,6711,2,0.00,0xEE,0,0
13402,8.4,15.0,6.6,4037,1,-0.6,6721,41.4,4,49.0,0,1,6719,2,0.00,0xEE,0,0
13417,8.3,15.0,6.7,4045,1,-1.1,6657,41.2,6,49.0,0,1,6728,2,0.00,0xEE,0,0
13433,8.3,15.0,6.7,4051,1,-1.5,6659,40.8,8,49.0,0,1,6736,2,0.00,0xEE,0,0
13449,8.4,15.0,6.6,4052,1,-1.5,6724,40.6,9,49.0,0,1,6735,2,0.00,0xEE,0,0
13480,8.5,15.0,6.5,4045,1,-1.1,6724,40.8,9,49.0,0,1,6727,2,0.00,0xEE,0,0
13496,8.7,15.0,6.3,4034,1,-0.3,6662,40.8,9,49.0,0,1,6713,2,0.00,0xEE,0,0
13511,8.7,15.0,6.3,4029,1,0.3,6663,40.7,9,49.0,0,1,6703,2,0.00,0xEE,0,0
13542,8.6,15.0,6.4,4024,1,1.0,6729,40.9,0,49.0,0,1,6690,2,0.00,0xEE,0,0
13558,8.6,15.0,6.4,4021,1,1.1,6729,40.5,2,49.0,0,1,6689,2,0.00,0xEE,0,0
13574,8.7,15.0,6.3,4017,1,1.3,6663,40.4,3,49.0,0,1,6684,2,0.00,0xEE,0,0
13589,8.9,15.0,6.1,4012,1,1.9,6665,40.4,5,49.0,0,1,6673,2,0.00,0xEE,0,0
13621,9.0,15.0,6.0,4004,1,2.7,6663,40.3,7,49.0,0,1,6658,2,0.00,0xEE,0,0
13636,9.1,15.0,5.9,3995,1,3.4,6727,40.3,9,49.0,0,1,6646,2,0.00,0xEE,0,0
13651,9.1,15.0,5.9,3989,1,3.8,6727,40.2,9,49.0,0,1,6637,2,0.00,0xEE,0,0
13681,9.2,15.0,5.8,3986,1,4.2,6660,40.2,9,49.0,0,1,6631,2,0.00,0xEE,0,0
13696,9.2,15.0,5.8,3985,1,4.3,6657,40.4,9,49.0,0,1,6628,2,0.00,0xEE,0,0
13712,9.3,15.0,5.7,3986,1,4.3,6723,40.0,9,49.0,0,1,6628,2,0.00,0xEE,0,0
13803,9.2,15.0,5.8,3987,1,3.9,6650,40.7,73,49.0,0,1,6636,2,0.00,0xEE,0,0
13818,9.1,15.0,5.9,3991,1,3.6,6648,40.5,8,49.0,0,1,6642,2,0.00,0xEE,0,0
13834,9.0,15.0,6.0,4010,1,2.0,6645,40.1,9,49.0,0,1,6672,2,0.00,0xEE,0,0
13865,9.0,15.0,6.0,4022,1,0.8,6709,40.3,9,49.0,0,1,6695,2,0.00,0xEE,0,0
13881,9.3,15.0,5.7,4028,1,-0.3,6709,40.2,0,49.0,0,1,6712,2,0.00,0xEE,0,0
13896,9.3,15.0,5.7,4031,1,-0.3,6644,40.1,2,49.0,0,1,6713,2,0.00,0xEE,0,0
13912,9.3,15.0,5.7,4034,1,-0.3,6645,40.1,4,49.0,0,1,6713,2,0.00,0xEE,0,0
13942,9.4,15.0,5.6,4034,1,-0.3,6711,40.2,5,49.0,0,1,6712,2,0.00,0xEE,0,0
13958,9.4,15.0,5.6,4033,1,-0.2,6712,39.8,7,49.0,0,1,6711,2,0.00,0xEE,0,0
13973,9.5,15.0,5.5,4028,1,0.1,6648,39.6,9,49.0,0,1,6704,2,0.00,0xEE,0,0
14004,9.6,15.0,5.4,4025,1,0.6,6648,40.6,9,49.0,0,1,6695,2,0.00,0xEE,0,0
14020,9.8,15.0,5.2,4017,1,1.5,6648,39.6,9,49.0,0,1,6679,2,0.00,0xEE,0,0
14035,9.8,15.0,5.2,4008,1,2.1,6714,39.7,9,49.0,0,1,6667,2,0.00,0xEE,0,0
14065,9.9,15.0,5.1,4000,1,2.7,6714,39.3,9,49.0,0,1,6656,2,0.00,0xEE,0,0
14081,10.0,15.0,5.0,3995,1,3.7,6648,39.7,1,48.0,0,1,6637,2,0.00,0xEE,0,0
14096,10.0,15.0,5.0,3989,1,3.9,6650,40.0,3,48.0,0,1,6635,2,0.00,0xEE,0,0
14113,9.9,15.0,5.1,3994,1,3.5,6712,39.7,5,48.0,0,1,6642,2,0.00,0xEE,0,0
14143,9.8,15.0,5.2,4000,1,2.8,6712,39.4,6,48.0,0,1,6656,2,0.00,0xEE,0,0
14158,9.9,15.0,5.1,4004,1,2.3,6647,39.5,8,48.0,0,1,6665,2,0.00,0xEE,0,0
14174,10.0,15.0,5.0,4009,1,2.0,6645,39.1,9,48.0,0,1,6670,2,0.00,0xEE,0,0
14205,10.1,15.0,4.9,4008,1,2.1,6711,39.2,9,48.0,0,1,6667,2,0.00,0xEE,0,0
14221,10.2,15.0,4.8,4003,1,2.3,6711,39.3,9,48.0,0,1,6662,2,0.00,0xEE,0,0
14297,10.3,15.0,4.7,4000,1,2.5,6643,39.4,73,48.0,0,1,6659,2,0.00,0xEE,0,0
14344,10.2,15.0,4.8,4002,1,2.4,6643,39.1,8,48.0,0,1,6662,2,0.00,0xEE,0,0
14344,10.2,15.0,4.8,4011,1,1.7,6706,39.7,9,48.0,0,1,6675,2,0.00,0xEE,0,0
14360,10.2,15.0,4.8,4015,1,1.2,6705,39.1,9,48.0,0,1,6683,2,0.00,0xEE,0,0
14391,10.3,15.0,4.7,4016,1,1.0,6640,38.6,9,48.0,0,1,6687,2,0.00,0xEE,0,0
14407,10.6,15.0,4.4,4013,1,1.3,6641,38.7,9,48.0,0,1,6680,2,0.00,0xEE,0,0
14422,10.8,15.0,4.2,4008,1,2.6,6641,38.7,1,48.0,0,1,6656,2,0.00,0xEE,0,0
14438,10.8,15.0,4.2,3996,1,2.8,6705,39.2,3,48.0,0,1,6652,2,0.00,0xEE,0,0
14469,10.6,15.0,4.4,4000,1,2.5,6706,39.4,5,48.0,0,1,6660,2,0.00,0xEE,0,0
14499,10.4,15.0,4.6,4008,1,1.6,6641,39.0,7,48.0,0,1,6676,2,0.00,0xEE,0,0
14499,10.4,15.0,4.6,4019,1,0.8,6641,38.8,9,48.0,0,1,6692,2,0.00,0xEE,0,0
14531,10.5,15.0,4.5,4025,1,0.4,6705,38.8,9,48.0,0,1,6698,2,0.00,0xEE,0,0
14547,10.7,15.0,4.3,4023,1,0.4,6706,38.9,9,48.0,0,1,6696,2,0.00,0xEE,0,0
14562,10.7,15.0,4.3,4020,1,0.6,6641,38.3,9,48.0,0,1,6693,2,0.00,0xEE,0,0
14594,10.7,15.0,4.3,4020,1,0.7,6643,38.8,9,48.0,0,1,6691,2,0.00,0xEE,0,0
14609,10.7,15.0,4.3,4021,1,0.8,6643,38.5,0,48.0,0,1,6690,2,0.00,0xEE,0,0
14624,10.8,15.0,4.2,4017,1,1.0,6708,38.4,2,48.0,0,1,6686,2,0.00,0xEE,0,0
14639,10.9,15.0,4.1,4011,1,1.4,6708,38.6,4,48.0,0,1,6679,2,0.00,0xEE,0,0
14671,11.0,15.0,4.0,4008,1,1.9,6644,38.5,6,48.0,0,1,6669,2,0.00,0xEE,0,0
14686,11.0,15.0,4.0,4006,1,2.2,6644,38.4,8,48.0,0,1,6664,2,0.00,0xEE,0,0
14702,11.0,15.0,4.0,4005,1,2.3,6708,38.9,9,48.0,0,1,6661,2,0.00,0xEE,0,0
14716,11.1,15.0,3.9,4002,1,2.4,6708,38.2,9,48.0,0,1,6660,2,0.00,0xEE,0,0
14793,11.2,15.0,3.8,4000,1,2.6,6706,38.1,60,48.0,0,1,6656,2,0.00,0xEE,0,0
14808,11.3,15.0,3.7,3998,1,2.6,6706,38.7,9,48.0,0,1,6655,2,0.00,0xEE,0,0
14840,11.4,15.0,3.6,3998,1,2.7,6643,38.1,9,48.0,0,1,6653,2,0.00,0xEE,0,0
14855,11.4,15.0,3.6,4000,1,2.6,6643,38.2,9,48.0,0,1,6655,2,0.00,0xEE,0,0
14871,11.3,15.0,3.7,4000,1,1.9,6706,38.4,1,48.0,0,1,6668,2,0.00,0xEE,0,0
14902,11.2,15.0,3.8,4012,1,1.2,6706,38.4,2,48.0,0,1,6681,2,0.00,0xEE,0,0
14917,11.1,15.0,3.9,4023,1,0.5,6641,38.5,4,48.0,0,1,6695,2,0.00,0xEE,0,0
14932,11.1,15.0,3.9,4031,1,-0.2,6643,38.2,6,48.0,0,1,6707,2,0.00,0xEE,0,0
14949,11.1,15.0,3.9,4039,1,-0.8,6708,38.5,8,48.0,0,1,6718,2,0.00,0xEE,0,0
14980,11.1,15.0,3.9,4041,1,-1.1,6709,38.3,9,48.0,0,1,6725,2,0.00,0xEE,0,0
14996,11.2,15.0,3.8,4041,1,-1.3,6709,38.0,9,48.0,0,1,6727,2,0.00,0xEE,0,0
15012,11.2,15.0,3.8,4040,1,-1.2,6648,38.3,9,48.0,0,1,6724,2,0.00,0xEE,0,0
15042,11.2,15.0,3.8,4040,1,-1.0,6648,38.3,9,48.0,0,1,6722,2,0.00,0xEE,0,0
15058,11.2,15.0,3.8,4036,1,-0.6,6715,38.1,0,48.0,0,1,6715,2,0.00,0xEE,0,0
15074,11.2,15.0,3.8,4031,1,-0.5,6717,38.3,2,48.0,0,1,6712,2,0.00,0xEE,0,0
15089,11.2,15.0,3.8,4031,1,-0.3,6654,38.7,4,47.7,0,1,6709,2,0.00,0xEE,0,0
15120,11.2,15.0,3.8,4031,1,-0.1,6654,37.7,6,47.7,0,1,6707,2,0.00,0xEE,0,0
15135,11.2,15.0,3.8,4028,1,-0.0,6721,38.3,8,47.7,0,1,6705,2,0.00,0xEE,0,0
15151,11.3,15.0,3.7,4023,1,0.3,6723,38.0,9,47.7,0,1,6698,2,0.00,0xEE,0,0
15182,11.3,15.0,3.7,4021,1,0.6,6657,38.3,9,47.7,0,1,6693,2,0.00,0xEE,0,0
15198,11.4,15.0,3.6,4020,1,0.9,6659,38.2,9,47.7,0,1,6688,2,0.00,0xEE,0,0
15214,11.3,15.0,3.7,4021,1,0.9,6724,38.2,9,47.7,0,1,6689,2,0.00,0xEE,0,0
15306,11.3,15.0,3.7,4016,1,0.9,6726,38.2,82,47.7,0,1,6688,2,0.00,0xEE,0,0
15322,11.3,15.0,3.7,4018,1,0.7,6663,38.4,2,47.7,0,1,6692,2,0.00,0xEE,0,0
15352,11.3,15.0,3.7,4023,1,0.3,6662,38.5,4,47.7,0,1,6699,2,0.00,0xEE,0,0
15367,11.2,15.0,3.8,4030,1,-0.1,6727,38.3,6,47.7,0,1,6709,2,0.00,0xEE,0,0
15383,11.2,15.0,3.8,4034,1,-0.6,6727,38.0,8,47.7,0,1,6717,2,0.00,0xEE,0,0
15415,11.2,15.0,3.8,4036,1,-0.9,6663,38.4,9,47.7,0,1,6722,2,0.00,0xEE,0,0
15430,11.3,15.0,3.7,4036,1,-0.7,6662,37.8,9,47.7,0,1,6718,2,0.00,0xEE,0,0
15445,11.5,15.0,3.5,4030,1,-0.1,6727,37.8,9,47.7,0,1,6706,2,0.00,0xEE,0,0
15461,11.7,15.0,3.3,4018,1,0.9,6727,37.7,9,47.7,0,1,6688,2,0.00,0xEE,0,0
15492,11.8,15.0,3.2,4006,1,1.8,6730,37.7,9,47.7,0,1,6670,2,0.00,0xEE,0,0
15508,11.9,15.0,3.1,3999,1,3.2,6665,37.1,1,47.7,0,1,6645,2,0.00,0xEE,0,0
15524,12.1,15.0,2.9,3983,0,4.1,6665,37.1,3,47.7,0,1,6628,2,0.00,0xEE,0,0
15555,12.3,15.0,2.7,3968,0,5.1,6729,37.6,5,47.7,0,1,6608,2,0.00,0xEE,0,0
15571,12.3,15.0,2.7,3960,0,5.8,6727,37.5,7,47.7,0,1,6597,2,0.00,0xEE,0,0
15587,12.2,15.0,2.8,3960,0,5.6,6662,37.3,9,47.7,0,1,6600,2,0.00,0xEE,0,0
15602,12.1,15.0,2.9,3969,0,4.9,6660,37.5,9,47.7,0,1,6614,2,0.00,0xEE,0,0
15633,12.1,15.0,2.9,3979,0,4.1,6721,37.5,9,47.7,0,1,6629,2,0.00,0xEE,0,0
15649,12.1,15.0,2.9,3987,0,3.2,6720,37.3,9,47.7,0,1,6644,2,0.00,0xEE,0,0
15665,12.1,15.0,2.9,3996,0,2.4,6653,38.0,9,47.7,0,1,6660,2,0.00,0xEE,0,0
15681,12.0,15.0,3.0,4007,1,0.6,6651,37.5,1,47.7,0,1,6692,2,0.00,0xEE,0,0
15711,12.0,15.0,3.0,4026,1,-0.1,6715,37.0,3,47.7,0,1,6705,2,0.00,0xEE,0,0
15727,12.2,15.0,2.8,4025,0,-0.2,6715,36.9,4,47.7,0,1,6705,2,0.00,0xEE,0,0
15805,12.2,15.0,2.8,4025,0,-0.2,6650,36.9,88,47.7,0,1,6705,2,0.00,0xEE,0,0
15835,12.6,15.0,2.4,4026,0,0.9,6650,36.8,0,47.7,0,1,6684,2,0.00,0xEE,0,0
15851,12.6,15.0,2.4,4015,0,1.6,6715,37.1,2,47.7,0,1,6672,2,0.00,0xEE,0,0
15866,12.7,15.0,2.3,3998,0,2.2,6715,36.7,3,47.7,0,1,6660,2,0.00,0xEE,0,0
15898,12.8,15.0,2.2,3990,0,2.8,6715,36.6,5,47.7,0,1,6649,2,0.00,0xEE,0,0
15913,12.9,15.0,2.1,3984,0,3.5,6650,36.5,7,47.7,0,1,6636,2,0.00,0xEE,0,0
15928,13.0,15.0,2.0,3978,0,4.1,6648,36.1,9,47.7,0,1,6624,2,0.00,0xEE,0,0
15945,13.1,15.0,1.9,3971,0,4.6,6712,36.5,9,47.7,0,1,6616,2,0.00,0xEE,0,0
15976,13.1,15.0,1.9,3966,0,4.9,6711,36.4,9,47.7,0,1,6610,2,0.00,0xEE,0,0
15991,13.1,15.0,1.9,3964,0,4.9,6644,36.6,9,47.7,0,1,6609,2,0.00,0xEE,0,0
16007,13.2,15.0,1.8,3968,0,4.7,6643,35.9,9,47.7,0,1,6612,2,0.00,0xEE,0,0
16038,13.5,15.0,1.5,3967,0,5.1,6703,36.2,1,47.7,0,1,6602,2,0.00,0xEE,0,0
16053,13.7,15.0,1.3,3956,0,5.6,6700,35.7,3,47.7,0,1,6594,2,0.00,0xEE,0,0
16068,13.8,15.0,1.2,3952,0,5.8,6635,35.7,4,47.7,0,1,6589,2,0.00,0xEE,0,0
16099,13.9,15.0,1.1,3952,0,5.9,6632,36.3,6,47.0,0,1,6587,2,0.00,0xEE,0,0
16115,13.8,15.0,1.2,3959,0,5.4,6631,36.2,8,47.0,0,1,6596,2,0.00,0xEE,0,0
16130,13.6,15.0,1.4,3969,0,4.3,6693,35.7,9,47.0,0,1,6617,2,0.00,0xEE,0,0
16145,13.6,15.0,1.4,3980,0,3.2,6690,35.6,9,47.0,0,1,6637,2,0.00,0xEE,0,0
16176,13.8,15.0,1.2,3984,0,2.7,6623,35.4,9,47.0,0,1,6645,2,0.00,0xEE,0,0
16191,14.1,15.0,0.9,3984,0,2.8,6622,35.2,9,47.0,0,1,6641,2,0.00,0xEE,0,0
16207,14.3,15.0,0.7,3981,0,3.4,6685,35.3,0,47.0,0,1,6631,2,0.00,0xEE,0,0
16239,14.3,15.0,0.7,3977,0,3.5,6685,34.8,2,47.0,0,1,6628,2,0.00,0xEE,0,0
16316,14.3,15.0,0.7,3974,0,3.5,6615,34.8,86,47.0,0,1,6628,2,0.00,0xEE,0,0
16332,14.3,15.0,0.7,3978,0,3.4,6615,35.4,9,47.0,0,1,6630,2,0.00,0xEE,0,0
16363,14.5,15.0,0.5,3982,0,3.1,6678,34.7,9,47.0,0,1,6634,2,0.00,0xEE,0,0
16378,14.8,15.0,0.2,3982,0,3.1,6677,34.7,1,47.0,0,1,6631,2,0.00,0xEE,0,0
16393,14.8,15.0,0.2,3976,0,3.3,6677,34.5,3,47.0,0,1,6629,2,0.00,0xEE,0,0
16409,15.0,15.0,-0.0,3973,0,3.7,6610,34.5,4,47.0,0,1,6620,2,0.00,0xEE,0,0
16440,15.1,15.0,-0.1,3970,0,4.0,6609,34.4,6,47.0,0,1,6614,2,0.00,0xEE,0,0
16454,15.2,15.0,-0.2,3968,0,4.3,6672,34.5,8,47.0,0,1,6609,2,0.00,0xEE,0,0
16471,15.2,15.0,-0.2,3965,0,4.2,6671,34.8,9,47.0,0,1,6609,2,0.00,0xEE,0,0
16503,15.2,15.0,-0.2,3966,0,4.0,6605,34.4,9,47.0,0,1,6614,2,0.00,0xEE,0,0
16518,15.2,15.0,-0.2,3971,0,3.7,6605,34.2,9,47.0,0,1,6619,2,0.00,0xEE,0,0
16533,15.3,15.0,-0.3,3974,0,3.6,6603,34.2,9,47.0,0,1,6621,2,0.00,0xEE,0,0
16549,15.5,15.0,-0.5,3971,0,3.5,6666,33.9,0,47.0,0,1,6622,2,0.00,0xEE,0,0
16580,15.5,15.0,-0.5,3972,0,3.3,6666,34.1,2,47.0,0,1,6624,2,0.00,0xEE,0,0
16596,15.5,15.0,-0.5,3975,0,3.2,6600,34.2,4,47.0,0,1,6627,2,0.00,0xEE,0,0
16612,15.6,15.0,-0.6,3979,0,2.9,6599,33.7,5,47.0,0,1,6630,2,0.00,0xEE,0,0
16643,15.7,15.0,-0.7,3980,0,3.0,6663,33.6,7,47.0,0,1,6629,2,0.00,0xEE,0,0
16659,15.9,15.0,-0.9,3975,0,3.2,6663,34.0,9,47.0,0,1,6624,2,0.00,0xEE,0,0
16675,15.9,15.0,-0.9,3973,0,3.3,6662,34.0,9,47.0,0,1,6622,2,0.00,0xEE,0,0
16689,15.8,15.0,-0.8,3976,0,2.9,6597,33.8,9,47.0,0,1,6629,2,0.00,0xEE,0,0
16721,15.7,15.0,-0.7,3984,0,2.3,6596,33.9,9,47.0,0,1,6640,2,0.00,0xEE,0,0
16737,15.8,15.0,-0.8,3990,0,1.9,6659,33.7,9,47.0,0,1,6647,2,0.00,0xEE,0,0
16814,15.9,15.0,-0.9,3991,0,1.8,6660,33.7,74,47.0,0,1,6650,2,0.00,0xEE,0,0
16845,16.0,15.0,-1.0,3994,0,1.7,6597,33.7,9,47.0,0,1,6651,2,0.00,0xEE,0,0
16860,16.0,15.0,-1.0,3997,0,1.4,6596,33.5,9,47.0,0,1,6655,2,0.00,0xEE,0,0
16876,16.1,15.0,-1.1,3996,0,1.3,6660,33.4,9,47.0,0,1,6657,2,0.00,0xEE,0,0
16907,16.3,15.0,-1.3,3989,0,1.8,6662,33.3,1,47.0,0,1,6647,2,0.00,0xEE,0,0
16922,16.4,15.0,-1.4,3984,0,2.1,6662,33.6,3,47.0,0,1,6640,2,0.00,0xEE,0,0
16938,16.4,15.0,-1.4,3985,0,2.4,6596,33.3,5,47.0,0,1,6635,2,0.00,0xEE,0,0
16954,16.4,15.0,-1.4,3986,0,2.4,6597,33.4,7,47.0,0,1,6635,2,0.00,0xEE,0,0
16985,16.3,15.0,-1.3,3986,0,2.2,6662,33.5,9,47.0,0,1,6638,2,0.00,0xEE,0,0
17015,16.3,15.0,-1.3,3989,0,1.9,6662,33.1,9,47.0,0,1,6645,2,0.00,0xEE,0,0
17015,16.3,15.0,-1.3,3996,0,1.4,6597,33.5,9,47.0,0,1,6653,2,0.00,0xEE,0,0
17047,16.4,15.0,-1.4,3997,0,1.2,6599,32.9,9,47.0,0,1,6656,2,0.00,0xEE,0,0
17063,16.5,15.0,-1.5,3995,0,1.4,6599,32.8,9,47.0,0,1,6651,2,0.00,0xEE,0,0
17093,16.9,15.0,-1.9,3985,0,2.9,6663,32.8,0,47.0,0,1,6623,2,0.00,0xEE,0,0
17093,17.0,15.0,-2.0,3968,0,3.6,6665,32.5,2,47.7,0,1,6610,2,0.00,0xEE,0,0
17124,17.0,15.0,-2.0,3965,0,3.9,6600,32.9,4,47.7,0,1,6603,2,0.00,0xEE,0,0
17140,17.0,15.0,-2.0,3967,0,4.0,6599,33.1,6,47.7,0,1,6603,2,0.00,0xEE,0,0
17155,16.8,15.0,-1.8,3975,0,3.3,6663,33.3,8,47.7,0,1,6615,2,0.00,0xEE,0,0
17187,16.7,15.0,-1.7,3983,0,2.4,6663,32.6,9,47.7,0,1,6632,2,0.00,0xEE,0,0
17202,16.8,15.0,-1.8,3989,0,1.7,6662,32.7,9,47.7,0,1,6644,2,0.00,0xEE,0,0
17217,16.9,15.0,-1.9,3992,0,1.4,6597,32.8,9,47.7,0,1,6648,2,0.00,0xEE,0,0
17233,17.0,15.0,-2.0,3994,0,1.4,6597,33.0,9,47.7,0,1,6648,2,0.00,0xEE,0,0
17326,16.9,15.0,-1.9,3997,0,1.0,6665,33.4,74,47.7,0,1,6655,2,0.00,0xEE,0,0
17342,16.8,15.0,-1.8,3999,0,0.9,6665,32.5,9,47.7,0,1,6659,2,0.00,0xEE,0,0
17358,16.7,15.0,-1.7,4010,0,-0.1,6602,33.1,9,47.7,0,1,6676,2,0.00,0xEE,0,0
17389,16.8,15.0,-1.8,4018,0,-0.6,6603,32.8,9,47.7,0,1,6686,2,0.00,0xEE,0,0
17405,16.7,15.0,-1.7,4025,0,-1.1,6668,33.5,9,47.7,0,1,6695,2,0.00,0xEE,0,0
17421,16.6,15.0,-1.6,4026,0,-1.9,6669,33.0,1,47.7,0,1,6710,2,0.00,0xEE,0,0
17453,16.6,15.0,-1.6,4032,0,-2.1,6607,32.5,3,47.7,0,1,6713,2,0.00,0xEE,0,0
17468,16.7,15.0,-1.7,4033,0,-2.1,6609,33.2,5,47.7,0,1,6712,2,0.00,0xEE,0,0
17484,16.7,15.0,-1.7,4032,0,-1.8,6610,33.0,7,47.7,0,1,6708,2,0.00,0xEE,0,0
17499,16.7,15.0,-1.7,4028,0,-1.6,6677,32.8,9,47.7,0,1,6703,2,0.00,0xEE,0,0
17530,16.8,15.0,-1.8,4021,0,-1.1,6680,32.6,9,47.7,0,1,6694,2,0.00,0xEE,0,0
17545,16.9,15.0,-1.9,4013,0,-0.4,6618,32.7,9,47.7,0,1,6681,2,0.00,0xEE,0,0
17561,17.0,15.0,-2.0,4006,0,0.4,6619,33.0,9,47.7,0,1,6665,2,0.00,0xEE,0,0
17591,17.0,15.0,-2.0,4002,0,1.0,6685,32.9,9,47.7,0,1,6655,2,0.00,0xEE,0,0
17606,16.8,15.0,-1.8,3999,0,1.0,6685,32.6,1,47.7,0,1,6656,2,0.00,0xEE,0,0
17622,16.8,15.0,-1.8,4001,0,0.8,6687,33.0,2,47.7,0,1,6660,2,0.00,0xEE,0,0
17652,16.9,15.0,-1.9,4002,0,0.8,6622,32.7,4,47.7,0,1,6659,2,0.00,0xEE,0,0
17667,16.9,15.0,-1.9,4001,0,1.0,6623,32.2,6,47.7,0,1,6655,2,0.00,0xEE,0,0
17683,17.1,15.0,-2.1,3997,0,1.4,6688,32.6,8,47.7,0,1,6647,2,0.00,0xEE,0,0
17699,17.1,15.0,-2.1,3990,0,1.8,6687,32.5,9,47.7,0,1,6638,2,0.00,0xEE,0,0
17729,17.2,15.0,-2.2,3984,0,2.2,6623,32.7,9,47.7,0,1,6632,2,0.00,0xEE,0,0
17744,17.1,15.0,-2.1,3985,0,2.3,6623,33.0,9,47.7,0,1,6630,2,0.00,0xEE,0,0
17836,17.1,15.0,-2.1,3986,0,2.0,6688,32.6,74,47.7,0,1,6635,2,0.00,0xEE,0,0
17852,16.9,15.0,-1.9,3987,0,1.8,6690,33.0,9,47.7,0,1,6640,2,0.00,0xEE,0,0
17868,16.9,15.0,-1.9,3997,0,1.0,6622,32.7,9,47.7,0,1,6655,2,0.00,0xEE,0,0
17883,16.9,15.0,-1.9,4006,0,0.2,6623,32.4,9,47.7,0,1,6668,2,0.00,0xEE,0,0
17915,17.1,15.0,-2.1,4007,0,-0.0,6687,32.6,9,47.7,0,1,6671,2,0.00,0xEE,0,0
17930,17.1,15.0,-2.1,4007,0,-0.1,6688,32.6,0,47.7,0,1,6673,2,0.00,0xEE,0,0
17946,17.1,15.0,-2.1,4006,0,-0.1,6626,32.6,2,47.7,0,1,6673,2,0.00,0xEE,0,0
17977,17.1,15.0,-2.1,4007,0,-0.1,6626,32.2,4,47.7,0,1,6673,2,0.00,0xEE,0,0
17993,17.2,15.0,-2.2,4007,0,-0.0,6628,32.5,6,47.7,0,1,6670,2,0.00,0xEE,0,0
18008,17.2,15.0,-2.2,4004,0,0.2,6693,32.7,8,47.7,0,1,6667,2,0.00,0xEE,0,0
18024,17.2,15.0,-2.2,4000,0,0.4,6693,32.0,9,47.7,0,1,6663,2,0.00,0xEE,0,0
18055,17.2,15.0,-2.2,4001,0,0.4,6628,32.6,9,47.7,0,1,6662,2,0.00,0xEE,0,0
18071,17.2,15.0,-2.2,4002,0,0.5,6628,32.5,9,47.7,0,1,6661,2,0.00,0xEE,0,0
18086,17.2,15.0,-2.2,4000,0,0.5,6694,32.1,9,47.7,0,1,6661,2,0.00,0xEE,0,0
18117,17.3,15.0,-2.3,3997,0,0.6,6694,32.4,9,47.5,0,1,6658,2,0.00,0xEE,0,0
18133,17.3,15.0,-2.3,3992,0,1.0,6694,32.4,1,47.5,0,1,6651,2,0.00,0xEE,0,0
18148,17.3,15.0,-2.3,3995,0,0.9,6629,32.6,3,47.5,0,1,6653,2,0.00,0xEE,0,0
18163,17.3,15.0,-2.3,3997,0,0.8,6629,32.2,5,47.5,0,1,6654,2,0.00,0xEE,0,0
18193,17.2,15.0,-2.2,3998,0,0.6,6693,32.5,7,47.5,0,1,6658,2,0.00,0xEE,0,0
18209,17.4,15.0,-2.4,3995,0,0.7,6693,31.9,9,47.5,0,1,6655,2,0.00,0xEE,0,0
18224,17.5,15.0,-2.5,3990,0,1.3,6629,31.8,9,47.5,0,1,6644,2,0.00,0xEE,0,0
18255,17.8,15.0,-2.8,3981,0,2.1,6628,32.9,9,47.5,0,1,6628,2,0.00,0xEE,0,0
18332,17.6,15.0,-2.6,3978,0,2.3,6687,32.7,74,47.5,0,1,6626,2,0.00,0xEE,0,0
18364,17.3,15.0,-2.3,3981,0,2.0,6685,32.8,9,47.5,0,1,6632,2,0.00,0xEE,0,0
18379,17.0,15.0,-2.0,4002,0,0.3,6622,32.7,9,47.5,0,1,6664,2,0.00,0xEE,0,0
18395,17.0,15.0,-2.0,4019,0,-1.2,6622,32.8,9,47.5,0,1,6691,2,0.00,0xEE,0,0
18410,17.0,15.0,-2.0,4032,0,-2.3,6687,32.9,9,47.5,0,1,6711,2,0.00,0xEE,0,0
18442,16.9,15.0,-1.9,4040,0,-3.1,6687,32.1,9,47.5,0,1,6726,2,0.00,0xEE,0,0
18457,17.1,15.0,-2.1,4046,0,-3.6,6625,32.3,0,47.5,0,1,6734,2,0.00,0xEE,0,0
18473,17.2,15.0,-2.2,4038,0,-2.9,6626,32.1,2,47.5,0,1,6720,2,0.00,0xEE,0,0
18504,17.4,15.0,-2.4,4025,0,-1.7,6693,32.6,4,47.5,0,1,6697,2,0.00,0xEE,0,0
18518,17.3,15.0,-2.3,4015,0,-0.9,6694,32.8,6,47.5,0,1,6683,2,0.00,0xEE,0,0
18533,17.2,15.0,-2.2,4009,0,-0.4,6696,32.4,8,47.5,0,1,6676,2,0.00,0xEE,0,0
18550,17.1,15.0,-2.1,4011,0,-0.4,6634,32.7,9,47.5,0,1,6676,2,0.00,0xEE,0,0
18580,17.2,15.0,-2.2,4009,0,-0.2,6634,32.2,9,47.5,0,1,6672,2,0.00,0xEE,0,0
18595,17.2,15.0,-2.2,4006,0,0.2,6699,32.4,9,47.5,0,1,6665,2,0.00,0xEE,0,0
18610,17.4,15.0,-2.4,3996,0,0.9,6700,32.2,9,47.5,0,1,6651,2,0.00,0xEE,0,0
18641,17.5,15.0,-2.5,3987,0,1.5,6637,32.0,9,47.5,0,1,6638,2,0.00,0xEE,0,0
18657,17.7,15.0,-2.7,3979,0,3.1,6635,32.0,1,47.5,0,1,6609,2,0.00,0xEE,0,0
18688,17.8,15.0,-2.8,3965,0,3.7,6699,32.5,3,47.5,0,1,6598,2,0.00,0xEE,0,0
18704,17.6,15.0,-2.6,3963,0,3.7,6699,32.3,5,47.5,0,1,6598,2,0.00,0xEE,0,0
18734,17.5,15.0,-2.5,3966,0,3.3,6697,32.0,7,47.5,0,1,6606,2,0.00,0xEE,0,0
18734,17.5,15.0,-2.5,3973,0,2.7,6631,32.1,9,47.5,0,1,6617,2,0.00,0xEE,0,0
18750,17.6,15.0,-2.6,3978,0,2.3,6629,32.0,9,47.5,0,1,6623,2,0.00,0xEE,0,0
18829,17.7,15.0,-2.7,3978,0,2.2,6626,31.4,60,47.5,0,1,6624,2,0.00,0xEE,0,0
18859,18.0,15.0,-3.0,3978,0,2.2,6625,31.3,8,47.5,0,1,6622,2,0.00,0xEE,0,0
18874,18.2,15.0,-3.2,3970,1,2.7,6690,31.9,9,47.5,0,1,6612,2,0.00,0xEE,0,0
18890,18.2,15.0,-3.2,3964,1,3.1,6690,31.9,9,47.5,0,1,6606,2,0.00,0xEE,0,0
18905,18.0,15.0,-3.0,3969,1,2.7,6623,31.6,9,47.5,0,1,6612,2,0.00,0xEE,0,0
18920,18.1,15.0,-3.1,3979,1,1.9,6623,31.3,1,47.5,0,1,6627,2,0.00,0xEE,0,0
18951,18.2,15.0,-3.2,3977,1,1.8,6684,32.3,3,47.5,0,1,6628,2,0.00,0xEE,0,0
18966,18.2,15.0,-3.2,3978,1,1.7,6684,31.6,5,47.5,0,1,6631,2,0.00,0xEE,0,0
18981,18.2,15.0,-3.2,3979,1,1.5,6619,31.1,7,47.5,0,1,6634,2,0.00,0xEE,0,0
19013,18.3,15.0,-3.3,3980,1,1.5,6619,31.3,9,47.5,0,1,6633,2,0.00,0xEE,0,0
19029,18.4,15.0,-3.4,3977,1,1.8,6618,31.2,9,47.5,0,1,6627,2,0.00,0xEE,0,0
19045,18.5,15.0,-3.5,3970,1,2.3,6683,30.9,9,47.5,0,1,6617,2,0.00,0xEE,0,0
19061,18.6,15.0,-3.6,3962,1,2.8,6681,31.0,9,47.5,0,1,6607,2,0.00,0xEE,0,0
19092,18.7,15.0,-3.7,3959,1,3.2,6616,31.3,9,47.5,0,1,6598,2,0.00,0xEE,0,0
19107,18.6,15.0,-3.6,3958,1,3.0,6615,31.5,0,48.0,0,1,6602,2,0.00,0xEE,0,0
19123,18.4,15.0,-3.4,3973,1,2.2,6678,31.6,2,48.0,0,1,6618,2,0.00,0xEE,0,0
19154,18.3,15.0,-3.3,3982,1,1.2,6677,31.5,4,48.0,0,1,6636,2,0.00,0xEE,0,0
19170,18.3,15.0,-3.3,3991,1,0.2,6677,31.2,6,48.0,0,1,6654,2,0.00,0xEE,0,0
19186,18.3,15.0,-3.3,3999,1,-0.4,6612,31.3,8,48.0,0,1,6665,2,0.00,0xEE,0,0
19201,18.4,15.0,-3.4,4004,1,-0.7,6612,31.3,9,48.0,0,1,6671,2,0.00,0xEE,0,0
19232,18.5,15.0,-3.5,4003,1,-0.8,6677,31.1,9,48.0,0,1,6671,2,0.00,0xEE,0,0
19248,18.5,15.0,-3.5,4002,1,-0.8,6677,31.4,9,48.0,0,1,6671,2,0.00,0xEE,0,0
19341,18.4,15.0,-3.4,4001,1,-0.8,6616,31.5,82,48.0,0,1,6672,2,0.00,0xEE,0,0
19356,18.3,15.0,-3.3,4003,1,-1.0,6616,31.5,0,48.0,0,1,6675,2,0.00,0xEE,0,0
19387,18.3,15.0,-3.3,4008,1,-1.1,6683,31.7,2,48.0,0,1,6678,2,0.00,0xEE,0,0
19403,18.3,15.0,-3.3,4007,1,-1.2,6683,31.0,4,48.0,0,1,6679,2,0.00,0xEE,0,0
19419,18.4,15.0,-3.4,4001,1,-0.8,6683,31.0,6,48.0,0,1,6670,2,0.00,0xEE,0,0
19434,18.6,15.0,-3.6,3993,1,0.1,6621,31.3,8,48.0,0,1,6654,2,0.00,0xEE,0,0
19465,18.7,15.0,-3.7,3985,1,0.9,6622,31.6,9,48.0,0,1,6639,2,0.00,0xEE,0,0
19480,18.5,15.0,-3.5,3983,1,1.0,6685,31.6,9,48.0,0,1,6638,2,0.00,0xEE,0,0
19496,18.3,15.0,-3.3,3990,1,0.5,6685,31.6,9,48.0,0,1,6648,2,0.00,0xEE,0,0
19527,18.2,15.0,-3.2,3996,1,-0.2,6622,31.9,9,48.0,0,1,6660,2,0.00,0xEE,0,0
19543,18.2,15.0,-3.2,4003,1,-0.7,6622,31.2,9,48.0,0,1,6670,2,0.00,0xEE,0,0
19559,18.4,15.0,-3.4,4004,1,-0.4,6685,31.3,1,48.0,0,1,6663,2,0.00,0xEE,0,0
19575,18.6,15.0,-3.6,3990,1,0.3,6685,31.0,3,48.0,0,1,6648,2,0.00,0xEE,0,0
19606,18.7,15.0,-3.7,3981,1,1.1,6685,31.0,5,48.0,0,1,6635,2,0.00,0xEE,0,0
19622,18.7,15.0,-3.7,3974,1,1.8,6622,31.1,7,48.0,0,1,6621,2,0.00,0xEE,0,0
19638,18.7,15.0,-3.7,3969,1,2.3,6622,31.2,9,48.0,0,1,6613,2,0.00,0xEE,0,0
19653,18.7,15.0,-3.7,3968,1,2.4,6685,31.0,9,48.0,0,1,6609,2,0.00,0xEE,0,0
19684,18.7,15.0,-3.7,3966,1,2.5,6685,30.9,9,48.0,0,1,6609,2,0.00,0xEE,0,0
19700,18.8,15.0,-3.8,3963,1,2.5,6619,30.8,9,48.0,0,1,6607,2,0.00,0xEE,0,0
19715,18.9,15.0,-3.9,3963,1,2.6,6621,31.4,9,48.0,0,1,6605,2,0.00,0xEE,0,0
19747,18.5,15.0,-3.5,3968,1,1.4,6619,31.5,1,48.0,0,1,6629,2,0.00,0xEE,0,0
19762,18.4,15.0,-3.4,3989,1,0.2,6683,31.0,3,48.0,0,1,6651,2,0.00,0xEE,0,0
19839,18.4,15.0,-3.4,3988,1,0.2,6618,31.0,87,48.0,0,1,6651,2,0.00,0xEE,0,0
19870,18.3,15.0,-3.3,3992,1,-0.0,6618,31.6,9,48.0,0,1,6655,2,0.00,0xEE,0,0
19886,18.2,15.0,-3.2,4003,1,-1.9,6618,32.1,0,48.0,0,1,6688,2,0.00,0xEE,0,0
19901,18.2,15.0,-3.2,4018,1,-2.5,6683,31.5,2,48.0,0,1,6699,2,0.00,0xEE,0,0
19917,18.2,15.0,-3.2,4021,1,-2.8,6684,31.2,4,48.0,0,1,6706,2,0.00,0xEE,0,0
19948,18.4,15.0,-3.4,4018,1,-2.7,6621,31.1,6,48.0,0,1,6701,2,0.00,0xEE,0,0
19964,18.5,15.0,-3.5,4015,1,-2.1,6622,31.3,8,48.0,0,1,6691,2,0.00,0xEE,0,0
19980,18.6,15.0,-3.6,4006,1,-1.2,6687,31.0,9,48.0,0,1,6674,2,0.00,0xEE,0,0
20010,18.6,15.0,-3.6,3997,1,-0.5,6687,31.5,9,48.0,0,1,6662,2,0.00,0xEE,0,0
20025,18.5,15.0,-3.5,3993,1,-0.2,6687,31.7,9,48.0,0,1,6657,2,0.00,0xEE,0,0
20041,18.3,15.0,-3.3,3996,1,-0.3,6623,31.3,9,48.0,0,1,6659,2,0.00,0xEE,0,0
20072,18.4,15.0,-3.4,3999,1,-0.2,6623,31.5,0,48.0,0,1,6656,2,0.00,0xEE,0,0
20087,18.4,15.0,-3.4,3997,1,-0.1,6688,31.9,2,48.0,0,1,6654,2,0.00,0xEE,0,0
20102,18.3,15.0,-3.3,3994,1,-0.1,6688,30.9,4,48.0,0,1,6655,2,0.00,0xEE,0,0
20118,18.3,15.0,-3.3,3993,1,-0.2,6626,31.3,6,48.0,0,1,6656,2,0.00,0xEE,0,0
20148,18.5,15.0,-3.5,3989,1,0.2,6626,31.0,7,48.0,0,1,6648,2,0.00,0xEE,0,0
20164,18.7,15.0,-3.7,3982,1,1.0,6690,30.9,9,48.0,0,1,6633,2,0.00,0xEE,0,0
20179,18.8,15.0,-3.8,3970,1,1.9,6690,30.7,9,48.0,0,1,6616,2,0.00,0xEE,0,0
20210,18.9,15.0,-3.9,3960,1,2.6,6690,31.2,9,48.0,0,1,6603,2,0.00,0xEE,0,0
20226,18.8,15.0,-3.8,3958,1,2.9,6622,31.1,9,48.0,0,1,6597,2,0.00,0xEE,0,0
20242,18.7,15.0,-3.7,3959,1,2.9,6622,31.1,9,48.0,0,1,6598,2,0.00,0xEE,0,0
20258,18.6,15.0,-3.6,3962,1,2.0,6685,31.2,1,48.0,0,1,6613,2,0.00,0xEE,0,0
20350,18.6,15.0,-3.6,3964,1,2.0,6681,31.2,85,48.0,0,1,6613,2,0.00,0xEE,0,0
20365,18.6,15.0,-3.6,3965,1,1.8,6616,30.7,9,48.0,0,1,6617,2,0.00,0xEE,0,0
20381,18.6,15.0,-3.6,3975,1,1.1,6615,31.0,9,48.0,0,1,6630,2,0.00,0xEE,0,0
20412,18.9,15.0,-3.9,3978,1,0.7,6678,31.1,1,48.0,0,1,6634,2,0.00,0xEE,0,0
20429,18.9,15.0,-3.9,3978,1,0.7,6677,31.0,3,48.0,0,1,6636,2,0.00,0xEE,0,0
20444,18.8,15.0,-3.8,3981,1,0.3,6678,30.9,5,48.0,0,1,6643,2,0.00,0xEE,0,0
20474,18.8,15.0,-3.8,3985,1,0.1,6612,30.9,7,48.0,0,1,6646,2,0.00,0xEE,0,0
20490,18.9,15.0,-3.9,3988,1,-0.0,6613,30.9,8,48.0,0,1,6648,2,0.00,0xEE,0,0
20505,18.9,15.0,-3.9,3988,1,-0.0,6675,30.5,9,48.0,0,1,6647,2,0.00,0xEE,0,0
20521,18.9,15.0,-3.9,3987,1,0.0,6675,31.3,9,48.0,0,1,6647,2,0.00,0xEE,0,0
20552,18.9,15.0,-3.9,3984,1,0.1,6610,30.8,9,48.0,0,1,6645,2,0.00,0xEE,0,0
20567,19.0,15.0,-4.0,3984,1,0.3,6610,30.7,9,48.0,0,1,6642,2,0.00,0xEE,0,0
20583,19.1,15.0,-4.1,3981,1,0.9,6675,30.6,0,48.0,0,1,6629,2,0.00,0xEE,0,0
20613,19.2,15.0,-4.2,3970,1,1.3,6675,30.5,2,48.0,0,1,6621,2,0.00,0xEE,0,0
20630,19.2,15.0,-4.2,3963,1,1.8,6675,30.4,4,48.0,0,1,6612,2,0.00,0xEE,0,0
20645,19.3,15.0,-4.3,3957,1,2.2,6610,30.4,6,48.0,0,1,6604,2,0.00,0xEE,0,0
20675,19.4,15.0,-4.4,3954,1,2.6,6609,30.3,8,48.0,0,1,6596,2,0.00,0xEE,0,0
20691,19.4,15.0,-4.4,3952,1,2.9,6672,31.1,9,48.0,0,1,6590,2,0.00,0xEE,0,0
20706,19.3,15.0,-4.3,3952,1,2.7,6671,30.7,9,48.0,0,1,6594,2,0.00,0xEE,0,0
20722,19.2,15.0,-4.2,3957,1,2.2,6671,30.5,9,48.0,0,1,6604,2,0.00,0xEE,0,0
20752,19.2,15.0,-4.2,3966,1,1.6,6605,30.3,9,48.0,0,1,6615,2,0.00,0xEE,0,0
20768,19.4,15.0,-4.4,3971,1,1.2,6603,30.7,0,48.0,0,1,6621,2,0.00,0xEE,0,0
20846,19.4,15.0,-4.4,3967,1,1.2,6666,30.7,84,48.0,0,1,6621,2,0.00,0xEE,0,0
20878,19.3,15.0,-4.3,3968,1,1.1,6665,30.6,8,48.0,0,1,6622,2,0.00,0xEE,0,0
20893,19.2,15.0,-4.2,3974,1,0.5,6602,31.0,9,48.0,0,1,6634,2,0.00,0xEE,0,0
20908,19.1,15.0,-4.1,3987,1,-0.5,6599,30.9,9,48.0,0,1,6653,2,0.00,0xEE,0,0
20939,19.0,15.0,-4.0,4000,1,-2.2,6665,30.6,1,48.0,0,1,6683,2,0.00,0xEE,0,0
20955,19.1,15.0,-4.1,4008,1,-2.3,6666,30.6,3,48.0,0,1,6685,2,0.00,0xEE,0,0
20970,19.2,15.0,-4.2,4004,1,-2.1,6665,30.7,5,48.0,0,1,6679,2,0.00,0xEE,0,0
20986,19.2,15.0,-4.2,4002,1,-1.8,6603,30.5,7,48.0,0,1,6674,2,0.00,0xEE,0,0
21017,19.2,15.0,-4.2,4001,1,-1.5,6603,31.0,9,48.0,0,1,6669,2,0.00,0xEE,0,0
21032,19.2,15.0,-4.2,3998,1,-1.2,6669,30.5,9,48.0,0,1,6663,2,0.00,0xEE,0,0
21048,19.1,15.0,-4.1,3995,1,-1.2,6671,31.1,9,48.0,0,1,6663,2,0.00,0xEE,0,0
21079,18.9,15.0,-3.9,3997,1,-1.4,6607,31.4,9,48.0,0,1,6669,2,0.00,0xEE,0,0
21095,18.7,15.0,-3.7,4007,1,-2.1,6607,30.8,9,48.0,0,1,6682,2,0.00,0xEE,0,0
21111,18.7,15.0,-3.7,4016,1,-3.0,6609,30.3,0,47.0,0,1,6697,2,0.00,0xEE,0,0
21126,18.8,15.0,-3.8,4014,1,-2.8,6675,30.9,3,47.0,0,1,6693,2,0.00,0xEE,0,0
21157,19.0,15.0,-4.0,4003,1,-1.9,6677,30.7,4,47.0,0,1,6677,2,0.00,0xEE,0,0
21173,19.0,15.0,-4.0,3995,1,-1.3,6613,31.4,6,47.0,0,1,6665,2,0.00,0xEE,0,0
21189,18.9,15.0,-3.9,3995,1,-1.0,6613,31.2,8,47.0,0,1,6660,2,0.00,0xEE,0,0
21221,18.7,15.0,-3.7,3998,1,-1.1,6680,31.2,9,47.0,0,1,6663,2,0.00,0xEE,0,0
21235,18.6,15.0,-3.6,4000,1,-1.4,6680,31.1,9,47.0,0,1,6669,2,0.00,0xEE,0,0
21251,18.6,15.0,-3.6,4001,1,-1.5,6681,31.4,9,47.0,0,1,6672,2,0.00,0xEE,0,0
21266,18.5,15.0,-3.5,4005,1,-1.8,6616,31.5,9,47.0,0,1,6676,2,0.00,0xEE,0,0
21359,18.4,15.0,-3.4,4009,1,-2.0,6685,31.2,74,47.0,0,1,6681,2,0.00,0xEE,0,0
21375,18.4,15.0,-3.4,4006,1,-2.0,6687,30.8,9,47.0,0,1,6680,2,0.00,0xEE,0,0
21390,18.5,15.0,-3.5,4000,1,-1.5,6622,31.4,9,47.0,0,1,6671,2,0.00,0xEE,0,0
21421,18.5,15.0,-3.5,3997,1,-1.1,6623,31.7,9,47.0,0,1,6663,2,0.00,0xEE,0,0
21436,18.2,15.0,-3.2,4000,1,-1.5,6622,31.5,1,47.0,0,1,6673,2,0.00,0xEE,0,0
21452,18.1,15.0,-3.1,4007,1,-1.9,6687,31.1,3,47.0,0,1,6679,2,0.00,0xEE,0,0
21484,18.2,15.0,-3.2,4004,1,-1.8,6687,31.4,4,47.0,0,1,6677,2,0.00,0xEE,0,0
21499,18.4,15.0,-3.4,3998,1,-1.1,6623,31.0,6,47.0,0,1,6663,2,0.00,0xEE,0,0
21515,18.5,15.0,-3.5,3991,1,-0.3,6623,31.3,8,47.0,0,1,6649,2,0.00,0xEE,0,0
21530,18.6,15.0,-3.6,3978,1,0.7,6688,30.8,9,47.0,0,1,6630,2,0.00,0xEE,0,0
21561,18.6,15.0,-3.6,3969,1,1.3,6688,31.2,9,47.0,0,1,6618,2,0.00,0xEE,0,0
21576,18.6,15.0,-3.6,3962,1,1.9,6687,31.4,9,47.0,0,1,6608,2,0.00,0xEE,0,0
21592,18.5,15.0,-3.5,3964,1,1.9,6622,31.5,9,47.0,0,1,6609,2,0.00,0xEE,0,0
21623,18.3,15.0,-3.3,3968,1,1.1,6621,31.7,0,47.0,0,1,6624,2,0.00,0xEE,0,0
21639,18.4,15.0,-3.4,3976,1,0.7,6684,30.9,2,47.0,0,1,6630,2,0.00,0xEE,0,0
21654,18.5,15.0,-3.5,3976,1,0.6,6685,31.2,4,47.0,0,1,6631,2,0.00,0xEE,0,0
21684,18.7,15.0,-3.7,3973,1,1.0,6619,30.8,6,47.0,0,1,6623,2,0.00,0xEE,0,0
21700,18.8,15.0,-3.8,3967,1,1.6,6619,30.5,8,47.0,0,1,6611,2,0.00,0xEE,0,0
21716,19.0,15.0,-4.0,3959,1,2.4,6683,31.2,9,47.0,0,1,6597,2,0.00,0xEE,0,0
21732,18.9,15.0,-3.9,3952,1,2.8,6681,31.0,9,47.0,0,1,6590,2,0.00,0xEE,0,0
21763,18.9,15.0,-3.9,3951,1,2.8,6681,30.8,9,47.0,0,1,6590,2,0.00,0xEE,0,0
21779,18.8,15.0,-3.8,3954,1,2.5,6615,30.9,9,47.0,0,1,6594,2,0.00,0xEE,0,0
21857,18.9,15.0,-3.9,3956,1,2.3,6672,31.0,74,47.0,0,1,6597,2,0.00,0xEE,0,0
21888,18.9,15.0,-3.9,3956,1,2.2,6671,31.1,9,47.0,0,1,6600,2,0.00,0xEE,0,0
21904,18.8,15.0,-3.8,3962,1,1.4,6606,31.0,9,47.0,0,1,6613,2,0.00,0xEE,0,0
21920,18.8,15.0,-3.8,3972,1,0.7,6605,30.6,9,47.0,0,1,6626,2,0.00,0xEE,0,0
21935,18.9,15.0,-3.9,3978,1,0.0,6603,31.1,0,47.0,0,1,6637,2,0.00,0xEE,0,0
21966,19.0,15.0,-4.0,3980,1,0.0,6666,30.7,2,47.0,0,1,6637,2,0.00,0xEE,0,0
21982,19.0,15.0,-4.0,3979,1,0.1,6668,30.8,4,47.0,0,1,6636,2,0.00,0xEE,0,0
21998,19.0,15.0,-4.0,3978,1,0.1,6603,31.0,6,47.0,0,1,6636,2,0.00,0xEE,0,0
22029,19.0,15.0,-4.0,3980,1,-0.0,6602,30.9,8,47.0,0,1,6638,2,0.00,0xEE,0,0
22045,18.9,15.0,-3.9,3984,1,-0.3,6602,31.1,9,47.0,0,1,6643,2,0.00,0xEE,0,0
22060,18.9,15.0,-3.9,3986,1,-0.5,6666,30.5,9,47.0,0,1,6647,2,0.00,0xEE,0,0
22076,18.9,15.0,-3.9,3984,1,-0.6,6666,30.7,9,47.0,0,1,6647,2,0.00,0xEE,0,0
22108,19.0,15.0,-4.0,3980,1,-0.3,6602,31.0,9,47.0,0,1,6641,2,0.00,0xEE,0,0
22123,19.0,15.0,-4.0,3980,1,-0.1,6602,31.4,9,47.5,0,1,6639,2,0.00,0xEE,0,0
22139,18.5,15.0,-3.5,3987,1,-1.6,6666,31.5,1,47.5,0,1,6669,2,0.00,0xEE,0,0
22169,18.3,15.0,-3.3,4011,1,-2.8,6666,31.2,3,47.5,0,1,6691,2,0.00,0xEE,0,0
22185,18.4,15.0,-3.4,4018,1,-3.5,6666,30.8,5,47.5,0,1,6702,2,0.00,0xEE,0,0
22201,18.6,15.0,-3.6,4016,1,-3.2,6603,30.8,7,47.5,0,1,6696,2,0.00,0xEE,0,0
22216,18.9,15.0,-3.9,4006,1,-2.2,6605,30.8,9,47.5,0,1,6676,2,0.00,0xEE,0,0
22247,19.0,15.0,-4.0,3993,1,-1.0,6671,31.3,9,47.5,0,1,6653,2,0.00,0xEE,0,0
22263,18.9,15.0,-3.9,3985,1,-0.3,6672,31.2,9,47.5,0,1,6641,2,0.00,0xEE,0,0
22278,18.7,15.0,-3.7,3981,1,-0.1,6609,32.0,9,47.5,0,1,6640,2,0.00,0xEE,0,0
22371,18.5,15.0,-3.5,3988,1,-0.5,6609,31.4,74,47.5,0,1,6648,2,0.00,0xEE,0,0
22387,18.4,15.0,-3.4,3988,1,-0.6,6674,30.8,9,47.5,0,1,6650,2,0.00,0xEE,0,0
22403,18.6,15.0,-3.6,3984,1,-0.5,6672,30.6,9,47.5,0,1,6646,2,0.00,0xEE,0,0
22434,18.8,15.0,-3.8,3978,1,0.2,6609,30.9,9,47.5,0,1,6632,2,0.00,0xEE,0,0
22449,19.0,15.0,-4.0,3967,1,1.3,6609,30.7,9,47.5,0,1,6610,2,0.00,0xEE,0,0
22465,19.1,15.0,-4.1,3950,1,3.0,6672,30.9,1,47.5,0,1,6580,2,0.00,0xEE,0,0
22480,19.0,15.0,-4.0,3945,1,3.2,6672,30.9,3,47.5,0,1,6576,2,0.00,0xEE,0,0
22511,19.0,15.0,-4.0,3945,1,3.1,6671,30.7,5,47.5,0,1,6579,2,0.00,0xEE,0,0
22527,18.9,15.0,-3.9,3950,1,2.6,6605,31.0,7,47.5,0,1,6587,2,0.00,0xEE,0,0
22543,18.9,15.0,-3.9,3957,1,2.1,6603,31.1,9,47.5,0,1,6597,2,0.00,0xEE,0,0
22574,18.8,15.0,-3.8,3962,1,1.4,6666,30.5,9,47.5,0,1,6609,2,0.00,0xEE,0,0
22590,18.9,15.0,-3.9,3965,1,1.0,6665,30.7,9,47.5,0,1,6616,2,0.00,0xEE,0,0
22604,19.1,15.0,-4.1,3963,1,1.1,6663,30.5,9,47.5,0,1,6614,2,0.00,0xEE,0,0
22621,19.2,15.0,-4.2,3962,1,1.3,6599,31.1,9,47.5,0,1,6609,2,0.00,0xEE,0,0
22652,19.0,15.0,-4.0,3965,1,0.8,6600,30.6,0,47.5,0,1,6618,2,0.00,0xEE,0,0
22668,18.9,15.0,-3.9,3975,1,0.3,6662,31.2,2,47.5,0,1,6629,2,0.00,0xEE,0,0
22683,18.9,15.0,-3.9,3978,1,-0.2,6662,30.9,4,47.5,0,1,6637,2,0.00,0xEE,0,0
22714,18.9,15.0,-3.9,3985,1,-0.7,6596,31.0,6,47.5,0,1,6645,2,0.00,0xEE,0,0
22729,18.8,15.0,-3.8,3989,1,-1.1,6597,31.0,8,47.5,0,1,6653,2,0.00,0xEE,0,0
22745,18.8,15.0,-3.8,3994,1,-1.4,6597,30.9,9,47.5,0,1,6660,2,0.00,0xEE,0,0
22761,18.8,15.0,-3.8,3994,1,-1.6,6662,30.3,9,47.5,0,1,6662,2,0.00,0xEE,0,0
22791,18.9,15.0,-3.9,3991,1,-1.4,6663,30.8,9,47.5,0,1,6658,2,0.00,0xEE,0,0
22869,19.0,15.0,-4.0,3990,1,-1.1,6602,30.9,74,47.5,0,1,6651,2,0.00,0xEE,0,0
22900,19.0,15.0,-4.0,3990,1,-0.9,6666,30.6,9,47.5,0,1,6649,2,0.00,0xEE,0,0
22916,19.0,15.0,-4.0,3983,1,-0.5,6666,31.0,9,47.5,0,1,6640,2,0.00,0xEE,0,0
22931,18.9,15.0,-3.9,3978,1,-0.2,6668,30.9,9,47.5,0,1,6635,2,0.00,0xEE,0,0
22946,18.9,15.0,-3.9,3977,1,-0.1,6603,31.1,9,47.5,0,1,6634,2,0.00,0xEE,0,0
22977,18.7,15.0,-3.7,3981,1,-0.5,6603,30.8,0,47.5,0,1,6641,2,0.00,0xEE,0,0
22993,18.7,15.0,-3.7,3987,1,-0.7,6668,31.6,2,47.5,0,1,6646,2,0.00,0xEE,0,0
23009,18.7,15.0,-3.7,3986,1,-0.8,6668,31.0,4,47.5,0,1,6647,2,0.00,0xEE,0,0
23040,18.7,15.0,-3.7,3984,1,-0.8,6668,30.6,6,47.5,0,1,6646,2,0.00,0xEE,0,0
23055,18.9,15.0,-3.9,3981,1,-0.3,6603,30.7,8,47.5,0,1,6637,2,0.00,0xEE,0,0
23071,19.0,15.0,-4.0,3975,1,0.3,6605,30.9,9,47.5,0,1,6626,2,0.00,0xEE,0,0
23087,19.1,15.0,-4.1,3969,1,0.9,6669,30.8,9,47.5,0,1,6613,2,0.00,0xEE,0,0
23118,19.0,15.0,-4.0,3963,1,1.3,6668,30.8,9,47.5,0,1,6606,2,0.00,0xEE,0,0
23133,19.0,15.0,-4.0,3959,1,1.5,6605,31.4,9,47.5,0,1,6603,2,0.00,0xEE,0,0
23149,18.8,15.0,-3.8,3964,1,1.1,6603,31.3,9,47.5,0,1,6611,2,0.00,0xEE,0,0
23165,18.5,15.0,-3.5,3975,1,-0.7,6603,30.9,1,47.5,0,1,6645,2,0.00,0xEE,0,0
23196,18.6,15.0,-3.6,3990,1,-1.3,6666,31.1,3,47.5,0,1,6655,2,0.00,0xEE,0,0
23212,18.6,15.0,-3.6,3991,1,-1.5,6666,31.7,5,47.5,0,1,6659,2,0.00,0xEE,0,0
23228,18.6,15.0,-3.6,3993,1,-1.7,6602,31.3,7,47.5,0,1,6662,2,0.00,0xEE,0,0
23260,18.4,15.0,-3.4,4003,1,-2.3,6603,31.7,9,47.5,0,1,6674,2,0.00,0xEE,0,0
23275,18.3,15.0,-3.3,4012,1,-2.9,6669,31.4,9,47.5,0,1,6686,2,0.00,0xEE,0,0
23290,18.2,15.0,-3.2,4016,1,-3.4,6669,31.5,9,47.5,0,1,6695,2,0.00,0xEE,0,0
23383,18.3,15.0,-3.3,4018,1,-3.5,6612,31.5,74,47.5,0,1,6696,2,0.00,0xEE,0,0
23399,18.3,15.0,-3.3,4018,1,-3.4,6613,31.2,9,47.5,0,1,6694,2,0.00,0xEE,0,0
23414,18.3,15.0,-3.3,4009,1,-2.7,6678,31.6,9,47.5,0,1,6682,2,0.00,0xEE,0,0
23444,18.3,15.0,-3.3,3999,1,-1.9,6681,31.3,9,47.5,0,1,6666,2,0.00,0xEE,0,0
23460,18.3,15.0,-3.3,3989,1,-1.1,6616,31.5,9,47.5,0,1,6653,2,0.00,0xEE,0,0
23475,18.4,15.0,-3.4,3982,1,-0.3,6619,31.1,9,47.5,0,1,6637,2,0.00,0xEE,0,0
23491,18.6,15.0,-3.6,3973,1,1.6,6619,31.4,1,47.5,0,1,6602,2,0.00,0xEE,0,0
23523,18.6,15.0,-3.6,3953,1,2.2,6683,31.8,3,47.5,0,1,6591,2,0.00,0xEE,0,0
23538,18.3,15.0,-3.3,3955,1,2.0,6681,32.1,5,47.5,0,1,6596,2,0.00,0xEE,0,0
23554,18.1,15.0,-3.1,3967,1,1.1,6618,31.3,6,47.5,0,1,6613,2,0.00,0xEE,0,0
23585,18.1,15.0,-3.1,3975,1,0.5,6615,31.1,8,47.5,0,1,6625,2,0.00,0xEE,0,0
23600,18.3,15.0,-3.3,3977,1,0.3,6680,31.6,9,47.5,0,1,6626,2,0.00,0xEE,0,0
23616,18.4,15.0,-3.4,3974,1,0.4,6678,31.8,9,47.5,0,1,6624,2,0.00,0xEE,0,0
23632,18.3,15.0,-3.3,3975,1,0.2,6678,31.2,9,47.5,0,1,6629,2,0.00,0xEE,0,0
23663,18.3,15.0,-3.3,3978,1,0.1,6612,31.2,9,47.5,0,1,6630,2,0.00,0xEE,0,0
23678,18.6,15.0,-3.6,3975,1,0.8,6612,31.9,0,47.5,0,1,6614,2,0.00,0xEE,0,0
23694,18.5,15.0,-3.5,3964,1,1.1,6677,31.3,2,47.5,0,1,6609,2,0.00,0xEE,0,0
23725,18.5,15.0,-3.5,3962,1,1.2,6675,31.4,4,47.5,0,1,6609,2,0.00,0xEE,0,0
23740,18.4,15.0,-3.4,3962,1,1.0,6610,30.8,6,47.5,0,1,6612,2,0.00,0xEE,0,0
23755,18.4,15.0,-3.4,3967,1,0.8,6609,31.5,8,47.5,0,1,6616,2,0.00,0xEE,0,0
23770,18.4,15.0,-3.4,3972,1,0.4,6607,31.6,9,47.5,0,1,6622,2,0.00,0xEE,0,0
23802,18.3,15.0,-3.3,3976,1,-0.1,6672,31.6,9,47.5,0,1,6632,2,0.00,0xEE,0,0
23880,18.2,15.0,-3.2,3983,1,-0.7,6606,31.2,74,47.5,0,1,6643,2,0.00,0xEE,0,0
23895,18.2,15.0,-3.2,3986,1,-0.8,6606,31.7,9,47.5,0,1,6645,2,0.00,0xEE,0,0
23926,18.2,15.0,-3.2,3989,1,-1.0,6669,31.5,9,47.5,0,1,6648,2,0.00,0xEE,0,0
23942,18.2,15.0,-3.2,3988,1,-1.0,6669,31.5,9,47.5,0,1,6649,2,0.00,0xEE,0,0
23956,18.3,15.0,-3.3,3985,1,-0.9,6671,31.7,9,47.5,0,1,6646,2,0.00,0xEE,0,0
23987,18.3,15.0,-3.3,3982,1,-0.8,6606,31.3,9,47.5,0,1,6644,2,0.00,0xEE,0,0
24003,18.2,15.0,-3.2,3983,1,-0.7,6607,31.6,0,47.5,0,1,6643,2,0.00,0xEE,0,0
24018,18.2,15.0,-3.2,3986,1,-0.8,6672,31.5,2,47.5,0,1,6644,2,0.00,0xEE,0,0
24049,18.2,15.0,-3.2,3983,1,-0.7,6672,31.1,4,47.5,0,1,6642,2,0.00,0xEE,0,0
24065,18.2,15.0,-3.2,3980,1,-0.5,6672,31.5,6,47.5,0,1,6639,2,0.00,0xEE,0,0
24081,18.3,15.0,-3.3,3976,1,-0.1,6607,31.3,8,47.5,0,1,6630,2,0.00,0xEE,0,0
24096,18.3,15.0,-3.3,3974,1,0.3,6607,31.7,9,47.5,0,1,6624,2,0.00,0xEE,0,0
24127,18.4,15.0,-3.4,3970,1,0.7,6672,31.1,9,47.5,0,1,6615,2,0.00,0xEE,0,0
24142,18.4,15.0,-3.4,3964,1,1.0,6672,31.3,9,47.5,0,1,6610,2,0.00,0xEE,0,0
24157,18.5,15.0,-3.5,3956,1,1.6,6607,31.0,9,47.5,0,1,6599,2,0.00,0xEE,0,0
24189,18.5,15.0,-3.5,3954,1,1.9,6607,31.8,9,47.5,0,1,6592,2,0.00,0xEE,0,0
24204,18.3,15.0,-3.3,3953,1,1.5,6606,31.7,1,47.5,0,1,6601,2,0.00,0xEE,0,0
24219,18.2,15.0,-3.2,3965,1,0.8,6669,31.5,3,47.5,0,1,6614,2,0.00,0xEE,0,0
24265,18.2,15.0,-3.2,3971,1,0.2,6668,30.8,5,47.5,0,1,6626,2,0.00,0xEE,0,0
24265,18.4,15.0,-3.4,3970,1,0.0,6603,31.2,7,47.5,0,1,6627,2,0.00,0xEE,0,0
24281,18.5,15.0,-3.5,3970,1,0.2,6602,31.7,9,47.5,0,1,6623,2,0.00,0xEE,0,0
24296,18.4,15.0,-3.4,3971,1,0.2,6666,31.6,9,47.5,0,1,6623,2,0.00,0xEE,0,0
24389,18.3,15.0,-3.3,3974,1,-0.1,6666,31.5,74,47.5,0,1,6629,2,0.00,0xEE,0,0
24405,18.2,15.0,-3.2,3980,1,-0.5,6600,31.5,7,47.5,0,1,6637,2,0.00,0xEE,0,0
24421,18.3,15.0,-3.3,3982,1,-0.6,6600,31.8,9,47.5,0,1,6639,2,0.00,0xEE,0,0
24451,18.2,15.0,-3.2,3984,1,-1.0,6665,31.8,9,47.5,0,1,6645,2,0.00,0xEE,0,0
24466,18.1,15.0,-3.1,3988,1,-1.4,6665,31.6,9,47.5,0,1,6655,2,0.00,0xEE,0,0
24481,18.0,15.0,-3.0,3992,1,-1.8,6666,31.5,9,47.5,0,1,6662,2,0.00,0xEE,0,0
24513,18.1,15.0,-3.1,3993,1,-1.8,6603,31.5,9,47.5,0,1,6660,2,0.00,0xEE,0,0
24529,18.3,15.0,-3.3,3991,1,-1.0,6603,31.5,1,47.5,0,1,6644,2,0.00,0xEE,0,0
24544,18.3,15.0,-3.3,3979,1,-0.5,6669,31.4,3,47.5,0,1,6635,2,0.00,0xEE,0,0
24575,18.3,15.0,-3.3,3972,1,0.0,6668,31.3,5,47.5,0,1,6625,2,0.00,0xEE,0,0
24591,18.4,15.0,-3.4,3967,1,0.5,6603,31.5,7,47.5,0,1,6616,2,0.00,0xEE,0,0
24606,18.3,15.0,-3.3,3966,1,0.8,6605,31.5,9,47.5,0,1,6611,2,0.00,0xEE,0,0
24622,18.3,15.0,-3.3,3964,1,0.9,6603,31.0,9,47.5,0,1,6610,2,0.00,0xEE,0,0
24654,18.3,15.0,-3.3,3962,1,0.9,6668,31.4,9,47.5,0,1,6609,2,0.00,0xEE,0,0
24669,18.3,15.0,-3.3,3959,1,1.0,6665,31.8,9,47.5,0,1,6607,2,0.00,0xEE,0,0
24685,18.3,15.0,-3.3,3962,1,0.9,6600,31.6,9,47.5,0,1,6609,2,0.00,0xEE,0,0
24701,18.2,15.0,-3.2,3966,1,0.4,6599,31.4,0,47.5,0,1,6619,2,0.00,0xEE,0,0
24731,18.4,15.0,-3.4,3967,1,0.6,6663,31.0,2,47.5,0,1,6614,2,0.00,0xEE,0,0
24746,18.5,15.0,-3.5,3962,1,0.9,6662,31.6,4,47.5,0,1,6608,2,0.00,0xEE,0,0
24762,18.4,15.0,-3.4,3960,1,1.0,6662,31.5,6,47.5,0,1,6606,2,0.00,0xEE,0,0
24792,18.3,15.0,-3.3,3966,1,0.6,6596,31.7,8,47.5,0,1,6614,2,0.00,0xEE,0,0
24808,18.2,15.0,-3.2,3974,1,0.0,6596,31.7,9,47.5,0,1,6626,2,0.00,0xEE,0,0
24887,18.1,15.0,-3.1,3979,1,-0.6,6660,31.7,74,47.5,0,1,6638,2,0.00,0xEE,0,0
24918,18.1,15.0,-3.1,3982,1,-1.0,6659,31.5,6,47.5,0,1,6644,2,0.00,0xEE,0,0
24933,18.1,15.0,-3.1,3985,1,-1.1,6594,31.7,8,47.5,0,1,6645,2,0.00,0xEE,0,0
24948,18.2,15.0,-3.2,3984,1,-0.9,6594,31.4,9,47.5,0,1,6641,2,0.00,0xEE,0,0
24979,18.2,15.0,-3.2,3983,1,-0.7,6659,31.6,9,47.5,0,1,6638,2,0.00,0xEE,0,0
24994,18.3,15.0,-3.3,3976,1,-0.4,6659,31.0,9,47.5,0,1,6631,2,0.00,0xEE,0,0
25010,18.4,15.0,-3.4,3966,1,0.4,6596,30.8,9,47.5,0,1,6617,2,0.00,0xEE,0,0
25025,18.7,15.0,-3.7,3953,1,1.6,6596,30.7,9,47.5,0,1,6592,2,0.00,0xEE,0,0
25057,18.9,15.0,-3.9,3938,1,4.0,6594,31.4,1,47.5,0,1,6549,2,0.00,0xEE,0,0
25072,18.7,15.0,-3.7,3929,1,4.0,6656,31.9,3,47.5,0,1,6549,2,0.00,0xEE,0,0
25087,18.3,15.0,-3.3,3939,1,2.9,6656,31.8,5,47.5,0,1,6570,2,0.00,0xEE,0,0
25118,18.1,15.0,-3.1,3956,1,1.4,6590,31.3,7,47.5,0,1,6600,2,0.00,0xEE,0,0
25133,18.1,15.0,-3.1,3971,1,0.1,6589,30.8,9,47.5,0,1,6622,2,0.00,0xEE,0,0
25148,18.5,15.0,-3.5,3972,1,-0.0,6587,30.8,9,49.5,0,1,6623,2,0.00,0xEE,0,0
25180,18.8,15.0,-3.8,3961,1,0.7,6651,31.5,9,49.5,0,1,6607,2,0.00,0xEE,0,0
25195,18.7,15.0,-3.7,3956,1,1.1,6651,31.5,9,49.5,0,1,6601,2,0.00,0xEE,0,0
25211,18.5,15.0,-3.5,3959,1,0.7,6587,31.2,9,49.5,0,1,6608,2,0.00,0xEE,0,0
25226,18.3,15.0,-3.3,3972,1,-0.7,6587,31.6,1,49.5,0,1,6634,2,0.00,0xEE,0,0
25256,18.4,15.0,-3.4,3983,1,-1.0,6650,31.1,2,49.5,0,1,6640,2,0.00,0xEE,0,0
25271,18.3,15.0,-3.3,3986,1,-1.4,6648,31.7,4,49.5,0,1,6648,2,0.00,0xEE,0,0
25287,18.2,15.0,-3.2,3990,1,-1.9,6650,31.7,6,49.5,0,1,6657,2,0.00,0xEE,0,0
25318,18.1,15.0,-3.1,3996,1,-2.5,6587,31.5,8,49.5,0,1,6668,2,0.00,0xEE,0,0
25396,18.1,15.0,-3.1,4003,1,-2.8,6656,31.6,67,49.5,0,1,6674,2,0.00,0xEE,0,0
25412,18.2,15.0,-3.2,4000,1,-2.7,6657,31.3,9,49.5,0,1,6671,2,0.00,0xEE,0,0
25427,18.4,15.0,-3.4,3992,1,-0.8,6594,31.1,0,49.5,0,1,6636,2,0.00,0xEE,0,0
25443,18.5,15.0,-3.5,3980,1,0.2,6596,31.5,2,49.5,0,1,6617,2,0.00,0xEE,0,0
25475,18.4,15.0,-3.4,3963,1,0.9,6660,31.5,3,49.5,0,1,6605,2,0.00,0xEE,0,0
25490,18.3,15.0,-3.3,3958,1,1.2,6662,31.6,5,49.5,0,1,6600,2,0.00,0xEE,0,0
25506,18.3,15.0,-3.3,3957,1,1.2,6660,31.4,7,49.5,0,1,6600,2,0.00,0xEE,0,0
25537,18.2,15.0,-3.2,3960,1,1.0,6596,31.6,9,49.5,0,1,6603,2,0.00,0xEE,0,0
25553,18.2,15.0,-3.2,3964,1,0.8,6596,31.6,9,49.5,0,1,6608,2,0.00,0xEE,0,0
25568,18.2,15.0,-3.2,3969,1,0.5,6659,31.0,9,49.5,0,1,6614,2,0.00,0xEE,0,0
25598,18.2,15.0,-3.2,3968,1,0.3,6659,31.4,9,49.5,0,1,6615,2,0.00,0xEE,0,0
25614,18.3,15.0,-3.3,3964,1,0.4,6593,31.4,9,49.5,0,1,6613,2,0.00,0xEE,0,0
25630,18.3,15.0,-3.3,3963,1,0.7,6593,31.7,1,49.5,0,1,6608,2,0.00,0xEE,0,0
25646,18.2,15.0,-3.2,3967,1,0.4,6593,31.9,3,49.5,0,1,6613,2,0.00,0xEE,0,0
25676,18.1,15.0,-3.1,3971,1,-0.1,6656,31.6,4,49.5,0,1,6623,2,0.00,0xEE,0,0
25692,18.1,15.0,-3.1,3977,1,-0.5,6657,31.3,6,49.5,0,1,6631,2,0.00,0xEE,0,0
25708,18.1,15.0,-3.1,3978,1,-0.8,6593,31.7,8,49.5,0,1,6636,2,0.00,0xEE,0,0
25723,18.1,15.0,-3.1,3982,1,-1.0,6594,31.9,9,49.5,0,1,6639,2,0.00,0xEE,0,0
25754,18.1,15.0,-3.1,3985,1,-1.1,6593,31.4,9,49.5,0,1,6642,2,0.00,0xEE,0,0
25769,18.2,15.0,-3.2,3982,1,-1.1,6657,31.3,9,49.5,0,1,6640,2,0.00,0xEE,0,0
25784,18.3,15.0,-3.3,3975,1,-0.6,6657,31.3,9,49.5,0,1,6630,2,0.00,0xEE,0,0
25816,18.5,15.0,-3.5,3965,1,0.8,6594,31.9,0,49.5,0,1,6603,2,0.00,0xEE,0,0
25894,18.5,15.0,-3.5,3962,1,0.8,6657,31.9,86,49.5,0,1,6603,2,0.00,0xEE,0,0
25909,18.5,15.0,-3.5,3959,1,0.9,6657,31.3,8,49.5,0,1,6602,2,0.00,0xEE,0,0
25941,18.4,15.0,-3.4,3956,1,1.0,6593,31.5,9,49.5,0,1,6601,2,0.00,0xEE,0,0
25957,18.3,15.0,-3.3,3957,1,0.7,6593,31.8,1,49.5,0,1,6605,2,0.00,0xEE,0,0
25972,18.4,15.0,-3.4,3961,1,0.7,6590,31.3,3,49.5,0,1,6606,2,0.00,0xEE,0,0
26004,18.3,15.0,-3.3,3965,1,0.3,6654,31.7,5,49.5,0,1,6614,2,0.00,0xEE,0,0
26019,18.3,15.0,-3.3,3969,1,-0.1,6654,31.5,7,49.5,0,1,6620,2,0.00,0xEE,0,0
26035,18.1,15.0,-3.1,3975,1,-0.7,6590,31.9,9,49.5,0,1,6632,2,0.00,0xEE,0,0
26050,18.2,15.0,-3.2,3980,1,-1.0,6590,31.5,9,49.5,0,1,6637,2,0.00,0xEE,0,0
26081,18.1,15.0,-3.1,3987,1,-1.5,6589,31.9,9,49.5,0,1,6647,2,0.00,0xEE,0,0
26097,18.1,15.0,-3.1,3988,1,-1.8,6654,31.6,9,49.5,0,1,6651,2,0.00,0xEE,0,0
26112,18.0,15.0,-3.0,3990,1,-2.1,6654,31.7,9,49.5,0,1,6657,2,0.00,0xEE,0,0
26144,18.1,15.0,-3.1,3988,1,-2.0,6591,31.3,0,49.5,0,1,6655,2,0.00,0xEE,0,0
26160,18.1,15.0,-3.1,3988,1,-1.8,6591,31.7,2,47.8,0,1,6652,2,0.00,0xEE,0,0
26175,18.1,15.0,-3.1,3988,1,-1.6,6657,32.0,4,47.8,0,1,6648,2,0.00,0xEE,0,0
26191,18.1,15.0,-3.1,3984,1,-1.4,6657,31.7,6,47.8,0,1,6644,2,0.00,0xEE,0,0
26221,18.0,15.0,-3.0,3983,0,-1.4,6660,32.0,8,47.8,0,1,6644,2,0.00,0xEE,0,0
26237,17.9,15.0,-2.9,3987,0,-1.6,6596,32.0,9,47.8,0,1,6648,2,0.00,0xEE,0,0
26254,17.8,15.0,-2.8,3990,0,-1.9,6596,31.7,9,47.8,0,1,6655,2,0.00,0xEE,0,0
26269,17.8,15.0,-2.8,3991,0,-1.9,6660,31.8,9,47.8,0,1,6654,2,0.00,0xEE,0,0
26300,17.9,15.0,-2.9,3986,0,-1.5,6663,31.7,9,47.8,0,1,6647,2,0.00,0xEE,0,0
26317,18.0,15.0,-3.0,3979,0,-1.0,6663,32.0,9,47.8,0,1,6637,2,0.00,0xEE,0,0
26410,18.0,15.0,-3.0,3978,0,-0.6,6600,31.9,74,47.8,0,1,6630,2,0.00,0xEE,0,0
26425,17.9,15.0,-2.9,3976,0,-0.6,6665,32.2,9,47.8,0,1,6630,2,0.00,0xEE,0,0
26441,17.7,15.0,-2.7,3977,0,-0.7,6665,32.3,9,47.8,0,1,6633,2,0.00,0xEE,0,0
26456,17.6,15.0,-2.6,3980,0,-1.4,6600,32.1,0,47.8,0,1,6646,2,0.00,0xEE,0,0
26487,17.6,15.0,-2.6,3986,0,-1.5,6600,32.2,1,47.8,0,1,6647,2,0.00,0xEE,0,0
26503,17.6,15.0,-2.6,3986,0,-1.4,6602,31.8,3,47.8,0,1,6646,2,0.00,0xEE,0,0
26518,17.7,15.0,-2.7,3981,0,-1.1,6665,31.9,5,47.8,0,1,6640,2,0.00,0xEE,0,0
26549,17.8,15.0,-2.8,3975,0,-0.6,6665,32.5,7,47.8,0,1,6631,2,0.00,0xEE,0,0
26565,17.7,15.0,-2.7,3974,0,-0.4,6603,32.3,9,47.8,0,1,6627,2,0.00,0xEE,0,0
26580,17.6,15.0,-2.6,3977,0,-0.5,6602,32.3,9,47.8,0,1,6630,2,0.00,0xEE,0,0
26596,17.4,15.0,-2.4,3983,0,-1.0,6602,31.9,9,47.8,0,1,6638,2,0.00,0xEE,0,0
26627,17.5,15.0,-2.5,3982,0,-1.0,6666,32.0,9,47.8,0,1,6638,2,0.00,0xEE,0,0
26642,17.7,15.0,-2.7,3975,0,-0.6,6666,31.6,9,47.8,0,1,6630,2,0.00,0xEE,0,0
26657,17.9,15.0,-2.9,3969,0,0.8,6603,31.5,1,47.8,0,1,6604,2,0.00,0xEE,0,0
26689,17.9,15.0,-2.9,3955,0,1.4,6602,31.9,3,47.8,0,1,6593,2,0.00,0xEE,0,0
26705,18.0,15.0,-3.0,3947,0,1.9,6666,32.1,4,47.8,0,1,6583,2,0.00,0xEE,0,0
26721,17.8,15.0,-2.8,3947,0,1.8,6665,32.2,6,47.8,0,1,6586,2,0.00,0xEE,0,0
26736,17.7,15.0,-2.7,3952,0,1.4,6665,31.9,8,47.8,0,1,6593,2,0.00,0xEE,0,0
26767,17.7,15.0,-2.7,3957,0,1.1,6599,31.8,9,47.8,0,1,6599,2,0.00,0xEE,0,0
26782,17.8,15.0,-2.8,3960,0,0.9,6597,32.2,9,47.8,0,1,6602,2,0.00,0xEE,0,0
26797,17.8,15.0,-2.8,3961,0,0.6,6662,32.5,9,47.8,0,1,6607,2,0.00,0xEE,0,0
26828,17.6,15.0,-2.6,3965,0,0.1,6660,32.2,9,47.8,0,1,6616,2,0.00,0xEE,0,0
26905,17.5,15.0,-2.5,3974,0,-0.5,6596,32.1,74,47.8,0,1,6629,2,0.00,0xEE,0,0
26920,17.5,15.0,-2.5,3976,0,-0.6,6596,32.4,9,47.8,0,1,6631,2,0.00,0xEE,0,0
26952,17.6,15.0,-2.6,3979,0,-0.9,6660,32.1,9,47.8,0,1,6634,2,0.00,0xEE,0,0
26967,17.5,15.0,-2.5,3981,0,-1.2,6659,32.4,9,47.8,0,1,6640,2,0.00,0xEE,0,0
26982,17.5,15.0,-2.5,3982,0,-1.5,6596,32.1,0,47.8,0,1,6646,2,0.00,0xEE,0,0
27013,17.5,15.0,-2.5,3983,0,-1.4,6594,32.3,2,47.8,0,1,6644,2,0.00,0xEE,0,0
27029,17.6,15.0,-2.6,3981,0,-1.1,6597,31.8,4,47.8,0,1,6639,2,0.00,0xEE,0,0
27045,17.5,15.0,-2.5,3978,0,-1.0,6662,32.8,6,47.8,0,1,6636,2,0.00,0xEE,0,0
27060,17.5,15.0,-2.5,3976,0,-0.9,6662,32.3,8,47.8,0,1,6634,2,0.00,0xEE,0,0
27092,17.4,15.0,-2.4,3976,0,-0.9,6597,32.2,9,47.8,0,1,6636,2,0.00,0xEE,0,0
27108,17.4,15.0,-2.4,3978,0,-0.9,6599,32.4,9,47.8,0,1,6635,2,0.00,0xEE,0,0
27124,17.4,15.0,-2.4,3979,0,-0.9,6662,32.3,9,47.8,0,1,6634,2,0.00,0xEE,0,0
27140,17.4,15.0,-2.4,3978,0,-0.9,6663,32.7,9,47.8,0,1,6635,2,0.00,0xEE,0,0
27171,17.4,15.0,-2.4,3976,0,-0.8,6663,32.1,9,47.5,0,1,6634,2,0.00,0xEE,0,0
27186,17.4,15.0,-2.4,3976,0,-0.8,6600,32.2,1,47.5,0,1,6633,2,0.00,0xEE,0,0
27202,17.3,15.0,-2.3,3976,0,-0.8,6600,32.7,3,47.5,0,1,6633,2,0.00,0xEE,0,0
27233,17.3,15.0,-2.3,3979,0,-1.0,6665,32.7,5,47.5,0,1,6636,2,0.00,0xEE,0,0
27248,17.1,15.0,-2.1,3984,0,-1.5,6665,32.4,7,47.5,0,1,6646,2,0.00,0xEE,0,0
27263,17.1,15.0,-2.1,3987,0,-1.9,6665,32.6,9,47.5,0,1,6654,2,0.00,0xEE,0,0
27293,17.1,15.0,-2.1,3990,0,-2.0,6600,32.8,9,47.5,0,1,6657,2,0.00,0xEE,0,0
27309,17.1,15.0,-2.1,3991,0,-2.0,6603,32.2,9,47.5,0,1,6655,2,0.00,0xEE,0,0
27324,17.1,15.0,-2.1,3991,0,-1.8,6666,32.6,9,47.5,0,1,6652,2,0.00,0xEE,0,0
27417,17.1,15.0,-2.1,3984,0,-1.6,6605,32.7,74,47.5,0,1,6648,2,0.00,0xEE,0,0
27433,17.1,15.0,-2.1,3985,0,-1.5,6606,32.7,9,47.5,0,1,6647,2,0.00,0xEE,0,0
27448,17.1,15.0,-2.1,3982,0,-1.2,6606,32.7,9,47.5,0,1,6641,2,0.00,0xEE,0,0
27479,17.0,15.0,-2.0,3979,0,-0.9,6669,32.9,9,47.5,0,1,6637,2,0.00,0xEE,0,0
27494,17.0,15.0,-2.0,3977,0,-0.9,6671,33.3,9,47.5,0,1,6636,2,0.00,0xEE,0,0
27510,16.7,15.0,-1.7,3982,0,-1.6,6606,32.9,1,47.5,0,1,6651,2,0.00,0xEE,0,0
27525,16.6,15.0,-1.6,3995,0,-2.1,6606,33.2,2,47.5,0,1,6660,2,0.00,0xEE,0,0
27556,16.6,15.0,-1.6,3999,0,-2.4,6671,33.1,4,47.5,0,1,6665,2,0.00,0xEE,0,0
27571,16.6,15.0,-1.6,3998,0,-2.5,6672,32.9,6,47.5,0,1,6667,2,0.00,0xEE,0,0
27587,16.6,15.0,-1.6,3996,0,-2.4,6674,33.5,8,47.5,0,1,6666,2,0.00,0xEE,0,0
27617,16.6,15.0,-1.6,3996,0,-2.3,6610,33.1,9,47.5,0,1,6663,2,0.00,0xEE,0,0
27633,16.6,15.0,-1.6,3994,0,-2.1,6610,33.1,9,47.5,0,1,6659,2,0.00,0xEE,0,0
27648,16.6,15.0,-1.6,3989,0,-1.8,6675,33.0,9,47.5,0,1,6654,2,0.00,0xEE,0,0
27680,16.6,15.0,-1.6,3983,0,-1.4,6677,33.0,9,47.5,0,1,6646,2,0.00,0xEE,0,0
27694,16.7,15.0,-1.7,3977,0,-0.4,6612,32.5,0,47.5,0,1,6628,2,0.00,0xEE,0,0
27710,16.7,15.0,-1.7,3969,0,-0.0,6613,33.4,2,47.5,0,1,6622,2,0.00,0xEE,0,0
27725,16.6,15.0,-1.6,3970,0,0.1,6613,33.2,3,47.5,0,1,6620,2,0.00,0xEE,0,0
27757,16.5,15.0,-1.5,3971,0,-0.2,6677,33.5,5,47.5,0,1,6626,2,0.00,0xEE,0,0
27772,16.3,15.0,-1.3,3976,0,-0.7,6675,33.6,7,47.5,0,1,6636,2,0.00,0xEE,0,0
27788,16.2,15.0,-1.2,3987,0,-1.5,6612,33.8,9,47.5,0,1,6651,2,0.00,0xEE,0,0
27818,16.1,15.0,-1.1,3996,0,-2.2,6610,33.2,9,47.5,0,1,6663,2,0.00,0xEE,0,0
27834,16.1,15.0,-1.1,4002,0,-2.6,6675,33.5,9,47.5,0,1,6671,2,0.00,0xEE,0,0
27912,16.2,15.0,-1.2,4001,0,-2.8,6680,33.9,74,47.5,0,1,6674,2,0.00,0xEE,0,0
27943,16.2,15.0,-1.2,3999,0,-2.6,6615,33.0,9,47.5,0,1,6671,2,0.00,0xEE,0,0
27958,16.1,15.0,-1.1,3998,0,-2.4,6615,34.0,9,47.5,0,1,6668,2,0.00,0xEE,0,0
27973,16.0,15.0,-1.0,3997,0,-2.2,6680,33.6,9,47.5,0,1,6664,2,0.00,0xEE,0,0
28004,16.0,15.0,-1.0,3994,0,-2.0,6680,33.4,9,47.5,0,1,6660,2,0.00,0xEE,0,0
28020,16.1,15.0,-1.1,3987,0,-1.5,6618,33.6,9,47.5,0,1,6650,2,0.00,0xEE,0,0
28035,16.1,15.0,-1.1,3983,0,-0.5,6618,33.5,1,47.5,0,1,6634,2,0.00,0xEE,0,0
28051,16.0,15.0,-1.0,3977,0,-0.3,6619,33.8,3,47.5,0,1,6630,2,0.00,0xEE,0,0
28083,16.0,15.0,-1.0,3976,0,-0.3,6683,33.8,5,47.5,0,1,6631,2,0.00,0xEE,0,0
28099,15.9,15.0,-0.9,3976,0,-0.5,6683,33.1,7,47.5,0,1,6634,2,0.00,0xEE,0,0
28114,16.1,15.0,-1.1,3969,0,-0.1,6618,33.2,9,47.5,0,1,6625,2,0.00,0xEE,0,0
28130,16.3,15.0,-1.3,3963,0,0.8,6616,33.6,9,47.5,0,1,6608,2,0.00,0xEE,0,0
28161,16.4,15.0,-1.4,3955,0,1.6,6680,34.0,9,47.5,0,1,6593,2,0.00,0xEE,0,0
28177,16.2,15.0,-1.2,3951,0,1.8,6680,33.2,9,47.5,0,1,6590,2,0.00,0xEE,0,0
28192,16.0,15.0,-1.0,3954,0,1.4,6680,33.8,9,47.5,0,1,6599,2,0.00,0xEE,0,0
28223,16.1,15.0,-1.1,3959,0,0.9,6613,33.5,0,47.5,0,1,6608,2,0.00,0xEE,0,0
28239,16.2,15.0,-1.2,3962,0,0.9,6610,34.1,2,47.5,0,1,6607,2,0.00,0xEE,0,0
28255,16.0,15.0,-1.0,3969,0,0.4,6675,34.1,4,47.5,0,1,6618,2,0.00,0xEE,0,0
28271,15.8,15.0,-0.8,3978,0,-0.6,6674,33.7,6,47.5,0,1,6636,2,0.00,0xEE,0,0
28302,15.7,15.0,-0.7,3986,0,-1.5,6607,33.5,8,47.5,0,1,6653,2,0.00,0xEE,0,0
28317,15.9,15.0,-0.9,3989,0,-1.7,6607,33.2,9,47.5,0,1,6655,2,0.00,0xEE,0,0
28333,16.1,15.0,-1.1,3984,0,-1.2,6609,33.6,9,47.5,0,1,6644,2,0.00,0xEE,0,0
28426,16.2,15.0,-1.2,3974,0,-0.5,6672,33.5,74,47.5,0,1,6633,2,0.00,0xEE,0,0
28442,16.2,15.0,-1.2,3975,0,-0.4,6609,34.2,8,47.5,0,1,6631,2,0.00,0xEE,0,0
28457,16.1,15.0,-1.1,3973,0,-0.1,6607,33.7,9,47.5,0,1,6626,2,0.00,0xEE,0,0
28488,16.0,15.0,-1.0,3974,0,-0.1,6672,33.6,9,47.5,0,1,6626,2,0.00,0xEE,0,0
28504,16.0,15.0,-1.0,3972,0,-0.1,6672,34.0,9,47.5,0,1,6626,2,0.00,0xEE,0,0
28520,15.9,15.0,-0.9,3974,0,-0.4,6672,34.1,9,47.5,0,1,6632,2,0.00,0xEE,0,0
28535,15.8,15.0,-0.8,3981,0,-0.9,6606,33.7,9,47.5,0,1,6641,2,0.00,0xEE,0,0
28567,15.8,15.0,-0.8,3989,0,-1.6,6606,33.6,1,47.5,0,1,6654,2,0.00,0xEE,0,0
28582,15.9,15.0,-0.9,3985,0,-1.4,6671,33.7,3,47.5,0,1,6649,2,0.00,0xEE,0,0
28598,16.0,15.0,-1.0,3978,0,-0.9,6671,34.2,5,47.5,0,1,6639,2,0.00,0xEE,0,0
28629,15.8,15.0,-0.8,3977,0,-0.8,6672,34.6,7,47.5,0,1,6640,2,0.00,0xEE,0,0
28645,15.7,15.0,-0.7,3984,0,-1.2,6606,33.9,9,47.5,0,1,6648,2,0.00,0xEE,0,0
28661,15.6,15.0,-0.6,3990,0,-1.6,6607,33.6,9,47.5,0,1,6655,2,0.00,0xEE,0,0
28676,15.7,15.0,-0.7,3989,0,-1.6,6672,34.1,9,47.5,0,1,6655,2,0.00,0xEE,0,0
28708,15.7,15.0,-0.7,3986,0,-1.4,6672,34.2,9,47.5,0,1,6651,2,0.00,0xEE,0,0
28724,15.6,15.0,-0.6,3988,0,-1.5,6607,34.2,9,47.5,0,1,6653,2,0.00,0xEE,0,0
28738,15.5,15.0,-0.5,3992,0,-1.7,6607,34.0,0,47.5,0,1,6657,2,0.00,0xEE,0,0
28769,15.6,15.0,-0.6,3990,0,-1.5,6607,34.2,2,47.5,0,1,6652,2,0.00,0xEE,0,0
28785,15.7,15.0,-0.7,3984,0,-1.0,6674,33.7,4,47.5,0,1,6644,2,0.00,0xEE,0,0
28801,15.6,15.0,-0.6,3979,0,-0.8,6672,34.5,6,47.5,0,1,6640,2,0.00,0xEE,0,0
28817,15.5,15.0,-0.5,3980,0,-0.7,6607,34.2,8,47.5,0,1,6639,2,0.00,0xEE,0,0
28848,15.4,15.0,-0.4,3986,0,-1.1,6609,34.9,9,47.5,0,1,6646,2,0.00,0xEE,0,0
28925,15.3,15.0,-0.3,3991,0,-1.6,6672,34.5,74,47.5,0,1,6656,2,0.00,0xEE,0,0
28941,15.0,15.0,-0.0,3997,0,-2.2,6671,34.2,6,47.5,0,1,6668,2,0.00,0xEE,0,0
28971,15.0,15.0,-0.0,4002,0,-2.4,6607,34.5,8,47.5,0,1,6673,2,0.00,0xEE,0,0
28986,15.3,15.0,-0.3,3997,0,-1.9,6609,34.0,9,47.5,0,1,6662,2,0.00,0xEE,0,0
29001,15.4,15.0,-0.4,3989,0,-1.1,6674,34.2,9,47.5,0,1,6647,2,0.00,0xEE,0,0
29032,15.5,15.0,-0.5,3977,0,-0.2,6674,34.6,9,47.5,0,1,6630,2,0.00,0xEE,0,0
29048,15.4,15.0,-0.4,3967,0,0.5,6609,34.3,9,47.5,0,1,6618,2,0.00,0xEE,0,0
29063,15.3,15.0,-0.3,3967,0,0.7,6610,34.6,9,47.5,0,1,6616,2,0.00,0xEE,0,0
29095,15.1,15.0,-0.1,3970,0,0.2,6609,34.3,1,47.5,0,1,6626,2,0.00,0xEE,0,0
29111,15.2,15.0,-0.2,3974,0,-0.0,6672,34.8,3,47.5,0,1,6629,2,0.00,0xEE,0,0
29126,15.1,15.0,-0.1,3978,0,-0.4,6672,35.1,5,47.5,0,1,6636,2,0.00,0xEE,0,0
29142,15.0,15.0,0.0,3983,0,-1.0,6607,34.7,7,47.5,0,1,6647,2,0.00,0xEE,0,0
29173,14.9,15.0,0.1,3991,0,-1.5,6609,34.3,9,47.5,0,1,6658,2,0.00,0xEE,0,0
29188,15.0,15.0,0.0,3995,0,-1.7,6672,34.5,9,48.5,0,1,6660,2,0.00,0xEE,0,0
29204,15.1,15.0,-0.1,3991,0,-1.4,6672,34.7,9,48.5,0,1,6655,2,0.00,0xEE,0,0
29220,15.1,15.0,-0.1,3987,0,-1.2,6672,34.9,9,48.5,0,1,6650,2,0.00,0xEE,0,0
29265,15.0,15.0,0.0,3990,0,-1.2,6607,35.5,9,48.5,0,1,6652,2,0.00,0xEE,0,0
29265,14.8,15.0,0.2,3995,0,-1.8,6609,34.7,0,48.5,0,1,6662,2,0.00,0xEE,0,0
29280,14.9,15.0,0.1,3997,0,-1.7,6674,34.7,2,48.5,0,1,6660,2,0.00,0xEE,0,0
29311,15.0,15.0,0.0,3990,0,-1.3,6674,34.6,4,48.5,0,1,6654,2,0.00,0xEE,0,0
29327,15.0,15.0,0.0,3985,0,-1.0,6609,34.8,6,48.5,0,1,6647,2,0.00,0xEE,0,0
29342,14.9,15.0,0.1,3984,0,-0.8,6610,35.1,8,48.5,0,1,6643,2,0.00,0xEE,0,0
29436,14.8,15.0,0.2,3984,0,-0.8,6675,35.0,74,48.5,0,1,6645,2,0.00,0xEE,0,0
29451,14.7,15.0,0.3,3986,0,-1.0,6674,34.9,4,48.5,0,1,6649,2,0.00,0xEE,0,0
29466,14.7,15.0,0.3,3988,0,-0.9,6609,34.8,6,48.5,0,1,6648,2,0.00,0xEE,0,0
29498,14.8,15.0,0.2,3986,0,-0.7,6609,34.6,8,48.5,0,1,6643,2,0.00,0xEE,0,0
29512,14.8,15.0,0.2,3984,0,-0.4,6674,35.4,9,48.5,0,1,6638,2,0.00,0xEE,0,0
29528,14.7,15.0,0.3,3984,0,-0.5,6674,35.7,9,48.5,0,1,6642,2,0.00,0xEE,0,0
29559,14.4,15.0,0.6,3990,0,-1.2,6674,35.1,9,48.5,0,1,6654,2,0.00,0xEE,0,0
29575,14.3,15.0,0.7,4002,0,-2.0,6609,35.3,9,48.5,0,1,6671,2,0.00,0xEE,0,0
29590,14.3,15.0,0.7,4008,0,-2.5,6610,35.3,9,48.5,0,1,6680,2,0.00,0xEE,0,0
29605,14.3,15.0,0.7,4009,0,-2.8,6674,35.1,1,48.5,0,1,6683,2,0.00,0xEE,0,0
29636,14.3,15.0,0.7,4008,0,-2.7,6675,35.4,3,48.5,0,1,6683,2,0.00,0xEE,0,0
29652,14.4,15.0,0.6,4003,0,-2.4,6612,35.1,5,48.5,0,1,6676,2,0.00,0xEE,0,0
29667,14.3,15.0,0.7,4002,0,-2.1,6612,35.4,7,48.5,0,1,6671,2,0.00,0xEE,0,0
29699,14.4,15.0,0.6,3997,0,-1.5,6612,35.0,9,48.5,0,1,6659,2,0.00,0xEE,0,0
29714,14.4,15.0,0.6,3990,0,-1.0,6677,35.2,9,48.5,0,1,6651,2,0.00,0xEE,0,0
29730,14.5,15.0,0.5,3982,0,-0.4,6678,35.2,9,48.5,0,1,6640,2,0.00,0xEE,0,0
29744,14.4,15.0,0.6,3980,0,0.0,6613,35.3,9,48.5,0,1,6633,2,0.00,0xEE,0,0
29775,14.4,15.0,0.6,3978,0,0.3,6613,35.0,9,48.5,0,1,6627,2,0.00,0xEE,0,0
29790,14.3,15.0,0.7,3977,0,0.4,6678,35.5,0,48.5,0,1,6626,2,0.00,0xEE,0,0
29806,14.2,15.0,0.8,3980,0,0.1,6678,35.7,2,48.5,0,1,6633,2,0.00,0xEE,0,0
29837,14.2,15.0,0.8,3984,0,-0.3,6677,35.1,4,48.5,0,1,6641,2,0.00,0xEE,0,0
29852,14.3,15.0,0.7,3986,0,-0.4,6612,34.9,6,48.5,0,1,6642,2,0.00,0xEE,0,0
29931,14.3,15.0,0.7,3986,0,-0.4,6610,34.9,90,48.5,0,1,6642,2,0.00,0xEE,0,0
29962,14.5,15.0,0.5,3977,0,0.2,6674,35.6,1,48.5,0,1,6629,2,0.00,0xEE,0,0
29978,14.5,15.0,0.5,3972,0,0.6,6674,35.1,3,48.5,0,1,6622,2,0.00,0xEE,0,0
29993,14.3,15.0,0.7,3975,0,0.5,6610,35.5,5,48.5,0,1,6624,2,0.00,0xEE,0,0
