t_ms,H_cm,T_cm,E_cm,P,M,D_cms,RPM,RAW_cm,age_ms,F,PRE,CAS,RS,CM,FH,TID,TIN,TST
9,2.7,15.0,0.9,0,0,-0.4,0,46.7,62,41.0,0,1,6642,2,0.00,0xEE,0,0
13,2.6,15.0,0.9,0,0,-0.4,0,46.8,15,41.0,0,1,6642,2,0.00,0xEE,0,0
13,2.6,15.0,0.9,0,0,-0.4,0,46.8,63,41.0,0,1,6642,2,0.00,0xEE,0,0
13,2.6,15.0,0.9,0,0,-0.4,0,46.3,16,41.0,0,1,6642,2,0.00,0xEE,0,0
13,2.5,15.0,0.9,0,0,-0.4,0,46.7,180,41.0,0,1,6642,2,0.00,0xEE,0,0
13,2.6,15.0,0.9,0,0,-0.4,0,46.3,4,41.0,0,1,6642,2,0.00,0xEE,0,0
13,2.6,15.0,0.9,0,0,-0.4,0,46.6,16,41.0,0,1,6642,2,0.00,0xEE,0,0
13,2.6,15.0,0.9,0,0,-0.4,0,46.6,57,36.0,0,1,6642,2,0.00,0xEE,0,0
13,2.7,15.0,0.9,0,0,-0.4,0,45.8,11,36.0,0,1,6642,2,0.00,0xEE,0,0
13,2.5,15.0,0.9,0,0,-0.4,0,46.6,58,36.0,0,1,6642,2,0.00,0xEE,0,0
13,3.0,15.0,0.9,0,0,-0.4,0,46.9,11,36.0,0,1,6642,2,0.00,0xEE,0,0
13,2.4,15.0,0.9,0,0,-0.4,0,46.9,67,36.0,0,1,6642,2,0.00,0xEE,0,0
13,2.4,15.0,0.9,0,0,-0.4,0,46.9,2,36.0,0,1,6642,2,0.00,0xEE,0,0
13,2.7,15.0,0.9,0,0,-0.4,0,46.2,68,36.0,0,1,6642,2,0.00,0xEE,0,0
13,2.7,15.0,0.9,0,0,-0.4,0,46.8,3,36.0,0,1,6642,2,0.00,0xEE,0,0
13,2.5,15.0,0.9,0,0,-0.4,0,47.0,69,36.0,0,1,6642,2,0.00,0xEE,0,0
13,2.6,15.0,0.9,0,0,-0.4,0,46.7,7,36.0,0,1,6642,2,0.00,0xEE,0,0
13,2.5,15.0,0.9,0,0,-0.4,0,47.1,70,42.0,0,1,6642,2,0.00,0xEE,0,0
13,2.8,15.0,0.9,0,0,-0.4,0,46.6,5,42.0,0,1,6642,2,0.00,0xEE,0,0
13,2.7,15.0,0.9,0,0,-0.4,0,46.2,70,42.0,0,1,6642,2,0.00,0xEE,0,0
13,2.6,15.0,0.9,0,0,-0.4,0,46.8,6,42.0,0,1,6642,2,0.00,0xEE,0,0
13,2.6,15.0,0.9,0,0,-0.4,0,46.3,63,42.0,0,1,6642,2,0.00,0xEE,0,0
14,2.6,15.0,0.9,0,0,-0.4,0,46.8,9,42.0,0,1,6642,2,0.00,0xEE,0,0
14,2.7,15.0,0.9,0,0,-0.4,0,46.5,10,42.0,0,1,6642,2,0.00,0xEE,0,0
14,2.7,15.0,0.9,0,0,-0.4,0,46.3,9,42.0,0,1,6642,2,0.00,0xEE,0,0
14,2.8,15.0,0.9,0,0,-0.4,0,46.9,10,42.0,0,1,6642,2,0.00,0xEE,0,0
14,2.7,15.0,0.9,0,0,-0.4,0,46.8,1,42.0,0,1,6642,2,0.00,0xEE,0,0
14,2.7,15.0,0.9,1800,0,-0.4,0,46.6,2,42.0,0,1,6642,2,0.00,0xEE,0,0
14,2.5,15.0,0.9,1800,0,-0.4,0,46.8,4,42.0,0,1,6642,2,0.00,0xEE,0,0
14,2.6,15.0,0.9,1800,0,-0.4,0,46.2,6,42.0,0,1,6642,2,0.00,0xEE,0,0
14,2.5,15.0,0.9,1800,0,-0.4,0,46.9,8,42.0,0,1,6642,2,0.00,0xEE,0,0
14,2.5,15.0,0.9,1800,0,-0.4,0,47.0,9,42.0,0,1,6642,2,0.00,0xEE,0,0
14,2.4,15.0,0.9,1800,0,-0.4,0,46.4,9,42.0,0,1,6642,2,0.00,0xEE,0,0
14,2.3,15.0,0.9,1800,0,-0.4,0,47.2,9,42.0,0,1,6642,2,0.00,0xEE,0,0
14,2.4,15.0,0.9,1800,0,-0.4,0,46.6,9,42.0,0,1,6642,2,0.00,0xEE,0,0
14,2.4,15.0,0.9,1800,0,-0.4,0,46.9,9,42.0,0,1,6642,2,0.00,0xEE,0,0
14,2.5,15.0,0.9,1800,0,-0.4,0,46.9,1,42.0,0,1,6642,2,0.00,0xEE,0,0
14,2.6,15.0,0.9,1800,0,-0.4,0,46.4,3,42.0,0,1,6642,2,0.00,0xEE,0,0
14,2.6,15.0,0.9,1800,0,-0.4,0,46.4,5,42.0,0,1,6642,2,0.00,0xEE,0,0
14,2.8,15.0,0.9,1800,0,-0.4,0,46.5,7,42.0,0,1,6642,2,0.00,0xEE,0,0
14,2.8,15.0,0.9,1800,0,-0.4,0,46.8,9,42.0,0,1,6642,2,0.00,0xEE,0,0
14,2.7,15.0,0.9,1800,0,-0.4,0,46.7,9,42.0,0,1,6642,2,0.00,0xEE,0,0
14,2.6,15.0,0.9,1800,0,-0.4,0,46.4,9,42.0,0,1,6642,2,0.00,0xEE,0,0
14,2.6,15.0,0.9,1800,0,-0.4,0,46.9,9,42.0,0,1,6642,2,0.00,0xEE,0,0
14,2.7,15.0,0.9,1800,0,-0.4,0,46.3,189,38.1,0,1,6642,2,0.00,0xEE,0,0
14,2.6,15.0,0.9,1800,0,-0.4,0,47.0,9,38.1,0,1,6642,2,0.00,0xEE,0,0
14,2.3,15.0,0.9,1800,0,-0.4,0,46.8,1,38.1,0,1,6642,2,0.00,0xEE,0,0
14,2.3,15.0,0.9,1800,0,-0.4,0,46.7,3,38.1,0,1,6642,2,0.00,0xEE,0,0
14,2.4,15.0,0.9,1800,0,-0.4,0,46.7,5,38.1,0,1,6642,2,0.00,0xEE,0,0
14,2.5,15.0,0.9,1800,0,-0.4,0,46.9,7,38.1,0,1,6642,2,0.00,0xEE,0,0
14,2.6,15.0,0.9,1800,0,-0.4,0,46.7,9,38.1,0,1,6642,2,0.00,0xEE,0,0
14,2.5,15.0,0.9,1800,0,-0.4,0,46.9,9,38.1,0,1,6642,2,0.00,0xEE,0,0
14,2.5,15.0,0.9,1800,0,-0.4,0,46.7,9,38.1,0,1,6642,2,0.00,0xEE,0,0
14,2.5,15.0,0.9,1800,0,-0.4,0,46.7,9,38.1,0,1,6642,2,0.00,0xEE,0,0
14,2.6,15.0,0.9,1800,0,-0.4,0,46.7,9,38.1,0,1,6642,2,0.00,0xEE,0,0
14,2.6,15.0,0.9,1800,0,-0.4,0,46.2,0,38.1,0,1,6642,2,0.00,0xEE,0,0
14,2.7,15.0,0.9,1800,0,-0.4,0,46.3,2,38.1,0,1,6642,2,0.00,0xEE,0,0
14,2.8,15.0,0.9,1800,0,-0.4,0,47.0,4,38.1,0,1,6642,2,0.00,0xEE,0,0
14,2.8,15.0,0.9,1800,0,-0.4,0,46.9,6,38.1,0,1,6642,2,0.00,0xEE,0,0
14,2.5,15.0,0.9,1800,0,-0.4,0,47.1,8,38.1,0,1,6642,2,0.00,0xEE,0,0
14,2.3,15.0,0.9,1800,0,-0.4,0,47.2,60,38.1,0,1,6642,2,0.00,0xEE,0,0
14,2.2,15.0,0.9,1800,0,-0.4,0,46.5,9,38.1,0,1,6642,2,0.00,0xEE,0,0
14,2.3,15.0,0.9,1800,0,-0.4,0,46.6,9,38.1,0,1,6642,2,0.00,0xEE,0,0
14,2.5,15.0,0.9,1800,0,-0.4,0,47.1,9,38.1,0,1,6642,2,0.00,0xEE,0,0
14,2.6,15.0,0.9,1800,0,-0.4,0,46.7,9,38.1,0,1,6642,2,0.00,0xEE,0,0
14,2.6,15.0,0.9,1800,0,-0.4,0,46.5,9,38.1,0,1,6642,2,0.00,0xEE,0,0
14,2.6,15.0,0.9,1800,0,-0.4,0,46.6,0,38.1,0,1,6642,2,0.00,0xEE,0,0
14,2.6,15.0,0.9,1800,0,-0.4,0,46.3,2,38.1,0,1,6642,2,0.00,0xEE,0,0
14,2.7,15.0,0.9,1800,0,-0.4,0,46.6,4,38.1,0,1,6642,2,0.00,0xEE,0,0
14,2.7,15.0,0.9,1800,0,-0.4,0,46.6,5,38.1,0,1,6642,2,0.00,0xEE,0,0
14,2.7,15.0,0.9,1800,0,-0.4,0,46.6,7,38.1,0,1,6642,2,0.00,0xEE,0,0
14,2.7,15.0,0.9,1800,0,-0.4,0,46.7,9,38.1,0,1,6642,2,0.00,0xEE,0,0
15,2.7,15.0,0.9,1800,0,-0.4,0,46.5,9,38.1,0,1,6642,2,0.00,0xEE,0,0
15,2.7,15.0,0.9,1800,0,-0.4,0,46.6,9,38.1,0,1,6642,2,0.00,0xEE,0,0
15,2.7,15.0,0.9,1800,0,-0.4,0,46.6,9,38.1,0,1,6642,2,0.00,0xEE,0,0
15,2.7,15.0,0.9,1800,0,-0.4,0,46.9,9,38.1,0,1,6642,2,0.00,0xEE,0,0
15,2.4,15.0,0.9,1800,0,-0.4,0,47.0,1,38.1,0,1,6642,2,0.00,0xEE,0,0
15,2.3,15.0,0.9,1800,0,-0.4,0,46.9,3,38.1,0,1,6642,2,0.00,0xEE,0,0
15,2.3,15.0,0.9,1800,0,-0.4,0,46.7,4,38.1,0,1,6642,2,0.00,0xEE,0,0
15,2.3,15.0,0.9,1800,0,-0.4,0,47.1,6,38.1,0,1,6642,2,0.00,0xEE,0,0
15,2.4,15.0,0.9,1800,0,-0.4,0,46.6,8,38.1,0,1,6642,2,0.00,0xEE,0,0
15,2.5,15.0,0.9,1800,0,-0.4,0,46.4,9,38.1,0,1,6642,2,0.00,0xEE,0,0
15,2.6,15.0,0.9,1800,0,-0.4,0,46.8,69,38.1,0,1,6642,2,0.00,0xEE,0,0
15,2.7,15.0,0.9,1800,0,-0.4,0,46.4,1,38.1,0,1,6642,2,0.00,0xEE,0,0
15,2.7,15.0,0.9,1800,0,-0.4,0,46.4,3,38.1,0,1,6642,2,0.00,0xEE,0,0
15,2.8,15.0,0.9,1800,0,-0.4,0,46.6,5,38.1,0,1,6642,2,0.00,0xEE,0,0
15,2.9,15.0,0.9,1800,0,-0.4,0,46.4,7,38.1,0,1,6642,2,0.00,0xEE,0,0
15,2.8,15.0,0.9,1800,0,-0.4,0,47.0,9,38.1,0,1,6642,2,0.00,0xEE,0,0
15,2.6,15.0,0.9,1800,0,-0.4,0,47.0,9,38.1,0,1,6642,2,0.00,0xEE,0,0
15,2.4,15.0,0.9,1800,0,-0.4,0,46.8,9,49.9,0,1,6642,2,0.00,0xEE,0,0
15,2.3,15.0,0.9,1800,0,-0.4,0,46.6,9,49.9,0,1,6642,2,0.00,0xEE,0,0
15,2.5,15.0,0.9,1800,0,-0.4,0,46.5,9,49.9,0,1,6642,2,0.00,0xEE,0,0
15,2.6,15.0,0.9,1800,0,-0.4,0,46.9,0,49.9,0,1,6642,2,0.00,0xEE,0,0
15,2.5,15.0,0.9,1800,0,-0.4,0,46.8,2,49.9,0,1,6642,2,0.00,0xEE,0,0
15,2.4,15.0,0.9,1800,0,-0.4,0,46.3,4,49.9,0,1,6642,2,0.00,0xEE,0,0
15,2.5,15.0,0.9,1800,0,-0.4,0,46.7,6,49.9,0,1,6642,2,0.00,0xEE,0,0
15,2.5,15.0,0.9,1800,0,-0.4,0,47.0,8,49.9,0,1,6642,2,0.00,0xEE,0,0
15,2.6,15.0,0.9,1800,0,-0.4,0,46.1,9,49.9,0,1,6642,2,0.00,0xEE,0,0
15,2.5,15.0,0.9,1800,0,-0.4,539,46.8,9,49.9,0,1,6642,2,0.00,0xEE,0,0
15,2.5,15.0,0.9,1800,0,-0.4,539,46.8,9,49.9,0,1,6642,2,0.00,0xEE,0,0
15,2.5,15.0,0.9,1800,0,-0.4,841,46.7,9,49.9,0,1,6642,2,0.00,0xEE,0,0
15,2.5,15.0,0.9,1800,0,-0.4,841,46.9,9,49.9,0,1,6642,2,0.00,0xEE,0,0
15,2.6,15.0,0.9,1800,0,-0.4,1012,46.3,1,49.9,0,1,6642,2,0.00,0xEE,0,0
15,2.7,15.0,0.9,1800,0,-0.4,1134,46.7,3,49.9,0,1,6642,2,0.00,0xEE,0,0
15,2.8,15.0,0.9,1800,0,-0.4,1287,46.5,65,49.9,0,1,6642,2,0.00,0xEE,0,0
15,2.7,15.0,0.9,1800,0,-0.4,1329,46.6,9,49.9,0,1,6642,2,0.00,0xEE,0,0
15,2.7,15.0,0.9,1800,0,-0.4,1339,46.0,9,49.9,0,1,6642,2,0.00,0xEE,0,0
15,2.7,15.0,0.9,1800,0,-0.4,1372,46.9,9,49.9,0,1,6642,2,0.00,0xEE,0,0
15,2.5,15.0,0.9,1800,0,-0.4,1375,46.6,0,49.9,0,1,6642,2,0.00,0xEE,0,0
15,2.4,15.0,0.9,1800,0,-0.4,1403,46.7,2,49.9,0,1,6642,2,0.00,0xEE,0,0
15,2.5,15.0,0.9,1800,0,-0.4,1402,46.4,4,49.9,0,1,6642,2,0.00,0xEE,0,0
15,2.7,15.0,0.9,1800,0,-0.4,1428,46.4,6,49.9,0,1,6642,2,0.00,0xEE,0,0
15,2.8,15.0,0.9,1800,0,-0.4,1425,46.6,8,49.9,0,1,6642,2,0.00,0xEE,0,0
15,2.8,15.0,0.9,1800,0,-0.4,1449,46.7,9,49.9,0,1,6642,2,0.00,0xEE,0,0
15,2.7,15.0,0.9,1800,0,-0.4,1443,46.8,9,49.9,0,1,6642,2,0.00,0xEE,0,0
15,2.6,15.0,0.9,1800,0,-0.4,1466,46.3,9,49.9,0,1,6642,2,0.00,0xEE,0,0
15,2.5,15.0,0.9,1800,0,-0.4,1460,46.8,9,49.9,0,1,6642,2,0.00,0xEE,0,0
15,2.5,15.0,0.9,1800,0,-0.4,1482,46.8,9,49.9,0,1,6642,2,0.00,0xEE,0,0
15,2.5,15.0,0.9,1800,0,-0.4,1474,46.8,1,49.9,0,1,6642,2,0.00,0xEE,0,0
15,2.5,15.0,0.9,1800,0,-0.4,1495,46.6,3,49.9,0,1,6642,2,0.00,0xEE,0,0
15,2.6,15.0,0.9,1800,0,-0.4,1487,46.5,5,49.9,0,1,6642,2,0.00,0xEE,0,0
15,2.6,15.0,0.9,1800,0,-0.4,1507,46.9,7,49.9,0,1,6642,2,0.00,0xEE,0,0
15,2.6,15.0,0.9,1800,0,-0.4,1498,46.8,9,49.9,0,1,6642,2,0.00,0xEE,0,0
15,2.5,15.0,0.9,1800,0,-0.4,1518,46.5,9,49.9,0,1,6642,2,0.00,0xEE,0,0
15,2.5,15.0,0.9,1800,0,-0.4,1508,47.0,9,49.9,0,1,6642,2,0.00,0xEE,0,0
15,2.4,15.0,0.9,1800,0,-0.4,1528,46.9,9,49.9,0,1,6642,2,0.00,0xEE,0,0
15,2.4,15.0,0.9,1800,0,-0.4,1545,46.5,69,49.9,0,1,6642,2,0.00,0xEE,0,0
15,2.4,15.0,0.9,1800,0,-0.4,1533,46.9,6,49.9,0,1,6642,2,0.00,0xEE,0,0
15,2.5,15.0,0.9,1800,0,-0.4,1552,46.4,8,49.9,0,1,6642,2,0.00,0xEE,0,0
15,2.6,15.0,0.9,1800,0,-0.4,1540,46.3,9,49.9,0,1,6642,2,0.00,0xEE,0,0
15,2.7,15.0,0.9,1800,0,-0.4,1559,46.4,9,49.9,0,1,6642,2,0.00,0xEE,0,0
15,2.9,15.0,0.9,1800,0,-0.4,1547,46.2,9,49.9,0,1,6642,2,0.00,0xEE,0,0
15,3.0,15.0,0.9,1800,0,-0.4,1565,46.2,9,49.9,0,1,6642,2,0.00,0xEE,0,0
15,3.0,15.0,0.9,1800,0,-0.4,1552,46.9,9,49.0,0,1,6642,2,0.00,0xEE,0,0
15,2.7,15.0,0.9,1800,0,-0.4,1571,47.4,1,49.0,0,1,6642,2,0.00,0xEE,0,0
15,2.5,15.0,0.9,1800,0,-0.4,1558,46.9,3,49.0,0,1,6642,2,0.00,0xEE,0,0
15,2.4,15.0,0.9,1800,0,-0.4,1576,46.4,5,49.0,0,1,6642,2,0.00,0xEE,0,0
15,2.5,15.0,0.9,1800,0,-0.4,1563,46.6,7,49.0,0,1,6642,2,0.00,0xEE,0,0
15,2.6,15.0,0.9,1800,0,-0.4,1581,46.5,9,49.0,0,1,6642,2,0.00,0xEE,0,0
30,2.7,15.0,12.3,4000,1,0.0,1568,46.6,9,49.0,0,1,7200,2,0.00,0xEE,0,0
45,2.7,15.0,12.3,4100,1,0.0,1590,46.8,9,49.0,0,1,7200,2,0.00,0xEE,0,0
77,2.6,15.0,12.4,4100,1,0.0,1867,46.8,9,49.0,0,1,7200,2,0.00,0xEE,0,0
92,2.5,15.0,12.5,4100,1,0.0,2061,46.3,9,49.0,0,1,7200,2,0.00,0xEE,0,0
108,2.5,15.0,12.5,4100,1,0.0,2459,46.6,0,49.0,0,1,7200,2,0.00,0xEE,0,0
123,2.5,15.0,12.5,4100,1,0.0,2790,46.9,2,49.0,0,1,7200,2,0.00,0xEE,0,0
154,2.5,15.0,12.5,4100,1,0.0,3065,46.7,4,49.0,0,1,7200,2,0.00,0xEE,0,0
170,2.4,15.0,12.6,4100,1,0.0,3295,47.1,6,49.0,0,1,7200,2,0.00,0xEE,0,0
185,2.5,15.0,12.5,4100,1,0.0,3495,46.7,8,49.0,0,1,7200,2,0.00,0xEE,0,0
402,2.4,15.0,12.6,4100,1,0.0,4952,47.0,198,49.0,0,1,7200,2,0.00,0xEE,0,0
418,2.4,15.0,12.6,4100,1,0.0,4969,46.8,2,49.0,0,1,7200,2,0.00,0xEE,0,0
433,2.5,15.0,12.5,4100,1,0.0,5047,46.7,3,49.0,0,1,7200,2,0.00,0xEE,0,0
464,2.5,15.0,12.5,4100,1,0.0,5152,47.1,5,49.0,0,1,7200,2,0.00,0xEE,0,0
479,2.5,15.0,12.5,4100,1,0.0,5154,46.9,7,49.0,0,1,7200,2,0.00,0xEE,0,0
496,2.3,15.0,12.7,4100,1,0.0,5218,47.1,9,49.0,0,1,7200,2,0.00,0xEE,0,0
526,2.2,15.0,12.8,4100,1,0.0,5315,47.1,9,49.0,0,1,7200,2,0.00,0xEE,0,0
541,2.2,15.0,12.8,4100,1,0.0,5371,47.0,9,49.0,0,1,7200,2,0.00,0xEE,0,0
557,2.2,15.0,12.8,4100,1,0.0,5426,46.9,9,49.0,0,1,7200,2,0.00,0xEE,0,0
572,2.3,15.0,12.7,4100,1,0.0,5409,46.4,9,49.0,0,1,7200,2,0.00,0xEE,0,0
603,2.5,15.0,12.5,4100,1,0.0,5457,46.8,0,49.0,0,1,7200,2,0.00,0xEE,0,0
618,2.6,15.0,12.4,4100,1,0.0,5503,46.5,2,49.0,0,1,7200,2,0.00,0xEE,0,0
635,2.6,15.0,12.4,4100,1,0.0,5589,46.5,4,49.0,0,1,7200,2,0.00,0xEE,0,0
666,2.7,15.0,12.3,4100,1,0.0,5632,46.8,6,49.0,0,1,7200,2,0.00,0xEE,0,0
682,2.7,15.0,12.3,4100,1,0.0,5671,46.8,8,49.0,0,1,7200,2,0.00,0xEE,0,0
698,2.6,15.0,12.4,4100,1,0.0,5708,46.3,9,49.0,0,1,7200,2,0.00,0xEE,0,0
775,2.5,15.0,12.5,4100,1,0.0,5762,46.8,60,49.0,0,1,7200,2,0.00,0xEE,0,0
791,2.6,15.0,12.4,4100,1,0.0,5792,46.5,8,49.0,0,1,7200,2,0.00,0xEE,0,0
806,2.6,15.0,12.4,4100,1,0.0,5821,46.9,9,49.0,0,1,7200,2,0.00,0xEE,0,0
837,2.6,15.0,12.4,4100,1,0.0,5851,46.7,9,49.0,0,1,7200,2,0.00,0xEE,0,0
853,2.5,15.0,12.5,4100,1,0.0,5877,47.3,9,49.0,0,1,7200,2,0.00,0xEE,0,0
868,2.4,15.0,12.6,4100,1,0.0,5904,46.8,0,49.0,0,1,7200,2,0.00,0xEE,0,0
883,2.5,15.0,12.5,4100,1,0.0,5928,46.7,2,49.0,0,1,7200,2,0.00,0xEE,0,0
914,2.5,15.0,12.5,4100,1,0.0,5952,47.1,4,42.0,0,1,7200,2,0.00,0xEE,0,0
930,2.4,15.0,12.6,4100,1,0.0,5977,47.1,6,42.0,0,1,7200,2,0.00,0xEE,0,0
945,2.3,15.0,12.7,4100,1,0.0,5998,46.4,8,42.0,0,1,7200,2,0.00,0xEE,0,0
976,2.4,15.0,12.6,4100,1,0.0,6020,46.5,9,42.0,0,1,7200,2,0.00,0xEE,0,0
991,2.6,15.0,12.4,4100,1,0.0,6039,46.5,9,42.0,0,1,7200,2,0.00,0xEE,0,0
1007,2.8,15.0,12.2,4100,1,0.0,6061,46.6,9,42.0,0,1,7200,2,0.00,0xEE,0,0
1023,2.7,15.0,12.3,4100,1,0.0,6080,46.7,9,42.0,0,1,7200,2,0.00,0xEE,0,0
1054,2.7,15.0,12.3,4100,1,0.0,6101,46.6,9,42.0,0,1,7200,2,0.00,0xEE,0,0
1069,2.6,15.0,12.4,4100,1,0.0,6118,46.8,1,42.0,0,1,7200,2,0.00,0xEE,0,0
1085,2.5,15.0,12.5,4100,1,0.0,6136,47.0,3,42.0,0,1,7200,2,0.00,0xEE,0,0
1117,2.5,15.0,12.5,4100,1,0.0,6155,46.6,5,42.0,0,1,7200,2,0.00,0xEE,0,0
1131,2.5,15.0,12.5,4100,1,0.0,6171,46.7,7,42.0,0,1,7200,2,0.00,0xEE,0,0
1147,2.5,15.0,12.5,4100,1,0.0,6252,46.8,8,42.0,0,1,7200,2,0.00,0xEE,0,0
1178,2.6,15.0,12.4,4100,1,0.0,6268,46.5,9,42.0,0,1,7200,2,0.00,0xEE,0,0
1194,2.6,15.0,12.4,4100,1,0.0,6282,46.5,9,42.0,0,1,7200,2,0.00,0xEE,0,0
1271,2.7,15.0,12.3,4100,1,0.0,6281,46.7,69,42.0,0,1,7200,2,0.00,0xEE,0,0
1286,2.5,15.0,12.5,4100,1,0.0,6294,47.2,4,42.0,0,1,7200,2,0.00,0xEE,0,0
1317,2.4,15.0,12.6,4100,1,0.0,6306,46.7,6,42.0,0,1,7200,2,0.00,0xEE,0,0
1333,2.4,15.0,12.6,4100,1,0.0,6319,46.5,8,42.0,0,1,7200,2,0.00,0xEE,0,0
1348,2.5,15.0,12.5,4100,1,0.0,6396,47.2,9,42.0,0,1,7200,2,0.00,0xEE,0,0
1364,2.4,15.0,12.6,4100,1,0.0,6407,47.2,9,42.0,0,1,7200,2,0.00,0xEE,0,0
1395,2.2,15.0,12.8,4100,1,0.0,6418,47.5,9,42.0,0,1,7200,2,0.00,0xEE,0,0
1411,2.0,15.0,13.0,4100,1,0.0,6430,46.6,9,42.0,0,1,7200,2,0.00,0xEE,0,0
1426,2.0,15.0,13.0,4100,1,0.0,6381,47.2,9,42.0,0,1,7200,2,0.00,0xEE,0,0
1442,2.4,15.0,12.6,4100,1,0.0,6392,46.8,1,42.0,0,1,7200,2,0.00,0xEE,0,0
1474,2.6,15.0,12.4,4100,1,0.0,6400,46.7,3,42.0,0,1,7200,2,0.00,0xEE,0,0
1490,2.5,15.0,12.5,4100,1,0.0,6411,47.1,5,42.0,0,1,7200,2,0.00,0xEE,0,0
1506,2.5,15.0,12.5,4100,1,0.0,6485,46.9,6,42.0,0,1,7200,2,0.00,0xEE,0,0
1536,2.4,15.0,12.6,4100,1,0.0,6494,46.6,8,42.0,0,1,7200,2,0.00,0xEE,0,0
1552,2.5,15.0,12.5,4100,1,0.0,6503,46.4,9,42.0,0,1,7200,2,0.00,0xEE,0,0
1568,2.6,15.0,12.4,4100,1,0.0,6451,46.7,9,42.0,0,1,7200,2,0.00,0xEE,0,0
1583,2.6,15.0,12.4,4100,1,0.0,6458,46.8,9,42.0,0,1,7200,2,0.00,0xEE,0,0
1615,2.6,15.0,12.4,4100,1,0.0,6468,46.7,9,42.0,0,1,7200,2,0.00,0xEE,0,0
1631,2.5,15.0,12.5,4100,1,0.0,6541,46.9,0,42.0,0,1,7200,2,0.00,0xEE,0,0
1647,2.4,15.0,12.6,4100,1,0.0,6548,46.9,2,42.0,0,1,7200,2,0.00,0xEE,0,0
1662,2.4,15.0,12.6,4100,1,0.0,6555,47.2,4,42.0,0,1,7200,2,0.00,0xEE,0,0
1694,2.3,15.0,12.7,4100,1,0.0,6503,47.1,5,42.0,0,1,7200,2,0.00,0xEE,0,0
1772,2.2,15.0,12.8,4100,1,0.0,6596,46.6,67,42.0,0,1,7200,2,0.00,0xEE,0,0
1789,2.2,15.0,12.8,4100,1,0.0,6541,47.2,9,42.0,0,1,7200,2,0.00,0xEE,0,0
1805,2.2,15.0,12.8,4100,1,0.0,6547,47.0,9,42.0,0,1,7200,2,0.00,0xEE,0,0
1836,2.2,15.0,12.8,4100,1,0.0,6553,46.8,1,42.0,0,1,7200,2,0.00,0xEE,0,0
1851,2.3,15.0,12.7,4100,1,0.0,6623,46.5,3,42.0,0,1,7200,2,0.00,0xEE,0,0
1868,2.4,15.0,12.6,4100,1,0.0,6629,46.8,4,42.0,0,1,7200,2,0.00,0xEE,0,0
1882,2.5,15.0,12.5,4100,1,0.0,6573,47.3,6,42.0,0,1,7200,2,0.00,0xEE,0,0
1913,2.4,15.0,12.6,4100,1,0.0,6577,46.9,8,49.0,0,1,7200,2,0.00,0xEE,0,0
1929,2.3,15.0,12.7,4100,1,0.0,6583,47.1,9,49.0,0,1,7200,2,0.00,0xEE,0,0
1944,2.3,15.0,12.7,4100,1,0.0,6654,46.7,9,49.0,0,1,7200,2,0.00,0xEE,0,0
1976,2.3,15.0,12.7,4100,1,0.0,6659,46.8,9,49.0,0,1,7200,2,0.00,0xEE,0,0
1990,2.4,15.0,12.6,4100,1,0.0,6602,46.8,9,49.0,0,1,7200,2,0.00,0xEE,0,0
2005,2.4,15.0,12.6,4100,1,0.0,6606,46.9,0,49.0,0,1,7200,2,0.00,0xEE,0,0
2038,2.4,15.0,12.6,4100,1,0.0,6610,46.9,2,49.0,0,1,7200,2,0.00,0xEE,0,0
2052,2.4,15.0,12.6,4100,1,0.0,6681,46.2,3,49.0,0,1,7200,2,0.00,0xEE,0,0
2068,2.5,15.0,12.5,4100,1,0.0,6685,46.6,5,49.0,0,1,7200,2,0.00,0xEE,0,0
2084,2.6,15.0,12.4,4100,1,0.0,6628,46.5,7,49.0,0,1,7200,2,0.00,0xEE,0,0
2113,2.7,15.0,12.3,4100,1,0.0,6631,46.6,9,49.0,0,1,7200,2,0.00,0xEE,0,0
2129,2.7,15.0,12.3,4100,1,0.0,6699,47.3,9,49.0,0,1,7200,2,0.00,0xEE,0,0
2144,2.6,15.0,12.4,4100,1,0.0,6703,46.8,9,49.0,0,1,7200,2,0.00,0xEE,0,0
2176,2.5,15.0,12.5,4100,1,0.0,6643,46.7,9,49.0,0,1,7200,2,0.00,0xEE,0,0
2192,2.5,15.0,12.5,4100,1,0.0,6645,47.1,9,49.0,0,1,7200,2,0.00,0xEE,0,0
2283,2.4,15.0,12.6,4100,1,0.0,6663,46.9,61,49.0,0,1,7200,2,0.00,0xEE,0,0
2283,2.4,15.0,12.6,4100,1,0.0,6665,47.0,9,49.0,0,1,7200,2,0.00,0xEE,0,0
2330,2.3,15.0,12.7,4100,1,0.0,6737,47.1,9,49.0,0,1,7200,2,0.00,0xEE,0,0
2330,2.3,15.0,12.7,4100,1,0.0,6740,47.0,9,49.0,0,1,7200,2,0.00,0xEE,0,0
2345,2.3,15.0,12.7,4100,1,0.0,6677,46.6,9,49.0,0,1,7200,2,0.00,0xEE,0,0
2377,2.3,15.0,12.7,4100,1,0.0,6681,46.9,9,49.0,0,1,7200,2,0.00,0xEE,0,0
2392,2.6,15.0,12.4,4100,1,0.0,6749,46.4,0,49.0,0,1,7200,2,0.00,0xEE,0,0
2423,2.8,15.0,12.2,4100,1,0.0,6755,46.8,1,49.0,0,1,7200,2,0.00,0xEE,0,0
2423,2.7,15.0,12.3,4100,1,0.0,6691,46.9,3,49.0,0,1,7200,2,0.00,0xEE,0,0
2454,2.6,15.0,12.4,4100,1,0.0,6694,46.9,5,49.0,0,1,7200,2,0.00,0xEE,0,0
2470,2.4,15.0,12.6,4100,1,0.0,6764,46.7,7,49.0,0,1,7200,2,0.00,0xEE,0,0
2485,2.4,15.0,12.6,4100,1,0.0,6765,46.5,9,49.0,0,1,7200,2,0.00,0xEE,0,0
2516,2.5,15.0,12.5,4100,1,0.0,6703,46.8,9,49.0,0,1,7200,2,0.00,0xEE,0,0
2532,2.5,15.0,12.5,4100,1,0.0,6705,46.8,9,49.0,0,1,7200,2,0.00,0xEE,0,0
2547,2.5,15.0,12.5,4100,1,0.0,6773,47.0,9,49.0,0,1,7200,2,0.00,0xEE,0,0
2563,2.4,15.0,12.6,4100,1,0.0,6778,47.0,9,49.0,0,1,7200,2,0.00,0xEE,0,0
2595,2.3,15.0,12.7,4100,1,0.0,6712,46.1,0,49.0,0,1,7200,2,0.00,0xEE,0,0
2610,2.3,15.0,12.7,4100,1,0.0,6715,47.0,2,49.0,0,1,7200,2,0.00,0xEE,0,0
2625,2.3,15.0,12.7,4100,1,0.0,6784,47.1,4,49.0,0,1,7200,2,0.00,0xEE,0,0
2656,2.3,15.0,12.7,4100,1,0.0,6787,46.9,6,49.0,0,1,7200,2,0.00,0xEE,0,0
2672,2.3,15.0,12.7,4100,1,0.0,6723,46.7,8,49.0,0,1,7200,2,0.00,0xEE,0,0
2687,2.4,15.0,12.6,4100,1,0.0,6726,46.1,9,49.0,0,1,7200,2,0.00,0xEE,0,0
2765,2.5,15.0,12.5,4100,1,0.0,6735,46.9,62,49.0,0,1,7200,2,0.00,0xEE,0,0
2780,2.5,15.0,12.5,4100,1,0.0,6802,47.2,9,49.0,0,1,7200,2,0.00,0xEE,0,0
2796,2.4,15.0,12.6,4100,1,0.0,6738,46.2,9,49.0,0,1,7200,2,0.00,0xEE,0,0
2827,2.4,15.0,12.6,4100,1,0.0,6740,46.9,9,49.0,0,1,7200,2,0.00,0xEE,0,0
2842,2.4,15.0,12.6,4100,1,0.0,6807,46.7,0,49.0,0,1,7200,2,0.00,0xEE,0,0
2858,2.4,15.0,12.6,4100,1,0.0,6808,46.4,2,49.0,0,1,7200,2,0.00,0xEE,0,0
2889,2.5,15.0,12.5,4100,1,0.0,6746,46.7,4,49.0,0,1,7200,2,0.00,0xEE,0,0
2904,2.7,15.0,12.3,4100,1,0.0,6747,46.2,6,50.0,0,1,7200,2,0.00,0xEE,0,0
2920,2.8,15.0,12.2,4100,1,0.0,6815,46.2,8,50.0,0,1,7200,2,0.00,0xEE,0,0
2950,3.0,15.0,12.0,4100,1,0.0,6816,46.3,9,50.0,0,1,7200,2,0.00,0xEE,0,0
2966,3.1,15.0,11.9,4100,1,0.0,6752,46.2,9,50.0,0,1,7200,2,0.00,0xEE,0,0
2981,3.1,15.0,11.9,4100,1,0.0,6752,45.9,9,50.0,0,1,7200,2,0.00,0xEE,0,0
2997,3.1,15.0,11.9,4100,1,0.0,6819,46.2,9,50.0,0,1,7200,2,0.00,0xEE,0,0
3028,3.2,15.0,11.8,4100,1,0.0,6821,45.7,9,50.0,0,1,7200,2,0.00,0xEE,0,0
3043,3.5,15.0,11.5,4100,1,0.0,6756,46.4,1,50.0,0,1,7200,2,0.00,0xEE,0,0
3059,3.4,15.0,11.6,4100,1,0.0,6756,46.4,3,50.0,0,1,7200,2,0.00,0xEE,0,0
3089,3.1,15.0,11.9,4100,1,0.0,6824,45.9,5,50.0,0,1,7200,2,0.00,0xEE,0,0
3105,3.0,15.0,12.0,4100,1,0.0,6825,45.5,7,50.0,0,1,7200,2,0.00,0xEE,0,0
3121,3.2,15.0,11.8,4100,1,0.0,6759,46.0,9,50.0,0,1,7200,2,0.00,0xEE,0,0
3136,3.4,15.0,11.6,4100,1,0.0,6762,45.9,9,50.0,0,1,7200,2,0.00,0xEE,0,0
3166,3.4,15.0,11.6,4100,1,0.0,6830,45.7,9,50.0,0,1,7200,2,0.00,0xEE,0,0
3182,3.5,15.0,11.5,4100,1,0.0,6830,45.6,9,50.0,0,1,7200,2,0.00,0xEE,0,0
3198,3.5,15.0,11.5,4100,1,0.0,6765,45.7,9,50.0,0,1,7200,2,0.00,0xEE,0,0
3275,3.6,15.0,11.4,4100,1,0.0,6768,46.3,60,50.0,0,1,7200,2,0.00,0xEE,0,0
3291,3.6,15.0,11.4,4100,1,0.0,6836,45.7,9,50.0,0,1,7200,2,0.00,0xEE,0,0
3321,3.7,15.0,11.3,4100,1,0.0,6836,45.0,0,50.0,0,1,7200,2,0.00,0xEE,0,0
3338,3.7,15.0,11.3,4100,1,0.0,6773,45.6,2,50.0,0,1,7200,2,0.00,0xEE,0,0
3353,3.9,15.0,11.1,4100,1,0.0,6773,45.2,4,50.0,0,1,7200,2,0.00,0xEE,0,0
3368,4.0,15.0,11.0,4100,1,0.0,6841,44.6,6,50.0,0,1,7200,2,0.00,0xEE,0,0
3399,4.1,15.0,10.9,4100,1,0.0,6843,45.4,8,50.0,0,1,7200,2,0.00,0xEE,0,0
3413,4.1,15.0,10.9,4100,1,0.0,6778,45.1,9,50.0,0,1,7200,2,0.00,0xEE,0,0
3429,4.2,15.0,10.8,4100,1,0.0,6778,44.8,9,50.0,0,1,7200,2,0.00,0xEE,0,0
3460,4.2,15.0,10.8,4100,1,0.0,6846,45.3,9,50.0,0,1,7200,2,0.00,0xEE,0,0
3476,4.3,15.0,10.7,4100,1,0.0,6847,44.9,9,50.0,0,1,7200,2,0.00,0xEE,0,0
3491,4.4,15.0,10.6,4100,1,0.0,6781,44.8,9,50.0,0,1,7200,2,0.00,0xEE,0,0
3507,4.5,15.0,10.5,4100,1,0.0,6849,44.7,1,50.0,0,1,7200,2,0.00,0xEE,0,0
3539,4.6,15.0,10.4,4100,1,0.0,6849,44.6,3,50.0,0,1,7200,2,0.00,0xEE,0,0
3554,4.7,15.0,10.3,4100,1,0.0,6784,44.4,5,50.0,0,1,7200,2,0.00,0xEE,0,0
3569,4.7,15.0,10.3,4100,1,0.0,6784,44.6,7,50.0,0,1,7200,2,0.00,0xEE,0,0
3600,4.8,15.0,10.2,4100,1,0.0,6852,44.5,9,50.0,0,1,7200,2,0.00,0xEE,0,0
3615,4.8,15.0,10.2,4100,1,0.0,6852,44.3,9,50.0,0,1,7200,2,0.00,0xEE,0,0
3630,4.9,15.0,10.1,4100,1,0.0,6785,43.9,9,50.0,0,1,7200,2,0.00,0xEE,0,0
3661,5.0,15.0,10.0,4100,1,0.0,6785,44.3,9,50.0,0,1,7200,2,0.00,0xEE,0,0
3677,5.1,15.0,9.9,4100,1,0.0,6854,44.1,9,50.0,0,1,7200,2,0.00,0xEE,0,0
3693,5.3,15.0,9.7,4100,1,0.0,6787,44.0,0,50.0,0,1,7200,2,0.00,0xEE,0,0
3770,5.3,15.0,9.7,4100,1,0.0,6788,43.3,62,50.0,0,1,7200,2,0.00,0xEE,0,0
3801,5.4,15.0,9.6,4100,1,0.0,6788,43.7,9,50.0,0,1,7200,2,0.00,0xEE,0,0
3816,5.7,15.0,9.3,4100,1,0.0,6854,42.7,9,50.0,0,1,7200,2,0.00,0xEE,0,0
3832,6.1,15.0,8.9,4100,1,0.0,6854,42.9,9,50.0,0,1,7200,2,0.00,0xEE,0,0
3848,6.4,15.0,8.6,4100,1,0.0,6788,42.9,9,50.0,0,1,7200,2,0.00,0xEE,0,0
3879,6.6,15.0,8.4,4100,1,0.0,6855,42.4,0,50.0,0,1,7200,2,0.00,0xEE,0,0
3895,6.8,15.0,8.2,4100,1,0.0,6854,42.2,2,50.0,0,1,7200,2,0.00,0xEE,0,0
3910,7.0,15.0,8.0,4100,1,0.0,6788,42.1,3,48.9,0,1,7200,2,0.00,0xEE,0,0
3940,7.2,15.0,7.8,4100,1,0.0,6790,41.8,5,48.9,0,1,7200,2,0.00,0xEE,0,0
3956,7.3,15.0,7.7,4100,1,0.0,6855,42.1,7,48.9,0,1,7200,2,0.00,0xEE,0,0
3972,7.4,15.0,7.6,4100,1,0.0,6855,42.0,9,48.9,0,1,7200,2,0.00,0xEE,0,0
3988,7.4,15.0,7.6,4100,1,0.0,6790,41.1,9,48.9,0,1,7200,2,0.00,0xEE,0,0
4018,7.7,15.0,7.3,4100,1,0.0,6788,41.2,9,48.9,0,1,7200,2,0.00,0xEE,0,0
4034,8.0,15.0,7.0,4100,1,0.0,6855,41.2,9,48.9,0,1,7200,2,0.00,0xEE,0,0
4050,8.2,15.0,6.8,4100,1,0.0,6855,41.1,9,48.9,0,1,7200,2,0.00,0xEE,0,0
4079,8.5,15.0,6.5,4100,1,0.0,6788,40.5,1,48.9,0,1,7200,2,0.00,0xEE,0,0
4095,8.8,15.0,6.2,4100,1,0.0,6788,40.6,3,48.9,0,1,7200,2,0.00,0xEE,0,0
4110,9.0,15.0,6.0,4100,1,0.0,6857,40.2,4,48.9,0,1,7200,2,0.00,0xEE,0,0
4141,9.1,15.0,5.9,4100,1,0.0,6790,39.8,6,48.9,0,1,7200,2,0.00,0xEE,0,0
4157,9.2,15.0,5.8,4100,1,0.0,6790,40.0,8,48.9,0,1,7200,2,0.00,0xEE,0,0
4173,9.5,15.0,5.5,4100,1,0.0,6857,39.5,9,48.9,0,1,7200,2,0.00,0xEE,0,0
4189,9.7,15.0,5.3,4100,1,0.0,6857,39.6,9,48.9,0,1,7200,2,0.00,0xEE,0,0
4280,9.9,15.0,5.1,4100,1,0.0,6857,39.2,69,48.9,0,1,7200,2,0.00,0xEE,0,0
4296,10.3,15.0,4.7,3900,1,1.2,6791,38.6,4,48.9,0,1,6563,2,0.00,0xEE,0,0
4311,10.7,15.0,4.3,3823,1,2.8,6788,38.4,6,48.9,0,1,6516,2,0.00,0xEE,0,0
4327,10.9,15.0,4.1,3800,1,4.5,6847,38.6,7,48.9,0,1,6468,2,0.00,0xEE,0,0
4358,11.0,15.0,4.0,3800,1,5.9,6770,38.2,9,48.9,0,1,6426,2,0.00,0xEE,0,0
4374,11.1,15.0,3.9,3800,1,7.0,6761,38.3,9,48.9,0,1,6395,2,0.00,0xEE,0,0
4389,11.2,15.0,3.8,3800,1,7.9,6815,38.1,9,48.9,0,1,6369,2,0.00,0xEE,0,0
4421,11.3,15.0,3.7,3800,1,8.5,6804,37.1,9,48.9,0,1,6352,2,0.00,0xEE,0,0
4436,11.7,15.0,3.3,3800,1,9.3,6724,37.4,9,48.9,0,1,6327,2,0.00,0xEE,0,0
4452,12.4,15.0,2.6,3800,0,11.7,6714,36.8,1,48.9,0,1,6253,2,0.00,0xEE,0,0
4467,12.6,15.0,2.4,3800,0,12.6,6768,36.6,3,48.9,0,1,6225,2,0.00,0xEE,0,0
4498,12.8,15.0,2.2,3800,0,13.1,6758,36.6,5,48.9,0,1,6208,2,0.00,0xEE,0,0
4514,12.9,15.0,2.1,3800,0,13.3,6681,36.2,7,48.9,0,1,6201,2,0.00,0xEE,0,0
4529,13.1,15.0,1.9,3800,0,13.2,6671,36.4,9,48.9,0,1,6204,2,0.00,0xEE,0,0
4560,13.2,15.0,1.8,3800,0,12.7,6724,36.2,9,48.9,0,1,6216,2,0.00,0xEE,0,0
4575,13.3,15.0,1.7,3800,0,12.1,6714,35.9,9,48.9,0,1,6233,2,0.00,0xEE,0,0
4591,13.5,15.0,1.5,3800,0,11.4,6706,35.5,9,48.9,0,1,6251,2,0.00,0xEE,0,0
4622,13.8,15.0,1.2,3800,0,10.9,6629,35.3,9,48.9,0,1,6263,2,0.00,0xEE,0,0
4638,14.2,15.0,0.8,3800,0,10.2,6621,35.1,0,48.9,0,1,6277,2,0.00,0xEE,0,0
4653,14.3,15.0,0.7,3800,0,9.8,6677,35.1,2,48.9,0,1,6288,2,0.00,0xEE,0,0
4667,14.5,15.0,0.5,3800,0,9.4,6666,34.8,4,48.9,0,1,6300,2,0.00,0xEE,0,0
4698,14.7,15.0,0.3,3800,0,8.9,6591,34.6,6,48.9,0,1,6310,2,0.00,0xEE,0,0
4792,14.8,15.0,0.2,3800,0,8.5,6553,34.7,81,48.9,0,1,6321,2,0.00,0xEE,0,0
4809,15.0,15.0,0.0,3800,0,8.1,6544,34.3,8,48.9,0,1,6334,2,0.00,0xEE,0,0
4824,15.1,15.0,-0.1,3800,0,6.6,6600,34.3,9,48.9,0,1,6374,2,0.00,0xEE,0,0
4840,15.3,15.0,-0.3,3804,0,5.4,6593,33.7,9,48.9,0,1,6406,2,0.00,0xEE,0,0
4872,15.5,15.0,-0.5,3814,0,4.7,6523,34.0,9,48.9,0,1,6423,2,0.00,0xEE,0,0
4889,15.8,15.0,-0.8,3818,0,4.3,6517,34.3,0,48.9,0,1,6434,2,0.00,0xEE,0,0
4903,15.9,15.0,-0.9,3822,0,4.2,6510,33.3,2,48.0,0,1,6433,2,0.00,0xEE,0,0
4934,15.9,15.0,-0.9,3831,0,3.8,6567,33.9,4,48.0,0,1,6446,2,0.00,0xEE,0,0
4950,16.0,15.0,-1.0,3828,0,3.8,6563,33.5,6,48.0,0,1,6447,2,0.00,0xEE,0,0
4966,16.1,15.0,-1.1,3831,0,3.6,6557,33.0,8,48.0,0,1,6452,2,0.00,0xEE,0,0
4980,16.2,15.0,-1.2,3829,0,3.6,6487,33.6,9,48.0,0,1,6450,2,0.00,0xEE,0,0
5011,16.2,15.0,-1.2,3837,0,3.4,6483,33.9,9,48.0,0,1,6458,2,0.00,0xEE,0,0
5026,16.1,15.0,-1.1,3847,0,2.9,6480,33.3,9,48.0,0,1,6471,2,0.00,0xEE,0,0
5043,16.1,15.0,-1.1,3856,0,2.4,6538,33.5,9,48.0,0,1,6486,2,0.00,0xEE,0,0
5073,16.2,15.0,-1.2,3861,0,2.0,6537,33.5,9,48.0,0,1,6499,2,0.00,0xEE,0,0
5089,16.2,15.0,-1.2,3867,0,1.2,6533,33.5,1,48.0,0,1,6520,2,0.00,0xEE,0,0
5104,16.1,15.0,-1.1,3887,0,0.5,6468,33.9,3,48.0,0,1,6542,2,0.00,0xEE,0,0
5120,15.9,15.0,-0.9,3907,0,-0.4,6464,34.0,5,48.0,0,1,6571,2,0.00,0xEE,0,0
5151,15.8,15.0,-0.8,3931,0,-1.6,6462,34.1,7,48.0,0,1,6606,2,0.00,0xEE,0,0
5168,15.7,15.0,-0.7,3951,0,-2.6,6525,34.1,9,48.0,0,1,6636,2,0.00,0xEE,0,0
5183,15.6,15.0,-0.6,3965,0,-3.4,6527,33.7,9,48.0,0,1,6662,2,0.00,0xEE,0,0
5214,15.6,15.0,-0.6,3976,0,-4.0,6528,34.1,9,48.0,0,1,6679,2,0.00,0xEE,0,0
5292,15.6,15.0,-0.6,3987,0,-4.2,6476,34.0,74,48.0,0,1,6685,2,0.00,0xEE,0,0
5307,15.6,15.0,-0.6,3988,0,-4.1,6480,34.6,9,48.0,0,1,6683,2,0.00,0xEE,0,0
5339,15.4,15.0,-0.4,3985,0,-3.7,6545,34.7,9,48.0,0,1,6675,2,0.00,0xEE,0,0
5355,15.2,15.0,-0.2,3986,0,-3.7,6550,34.5,9,48.0,0,1,6680,2,0.00,0xEE,0,0
5370,15.0,15.0,-0.0,3993,0,-4.1,6553,35.1,9,48.0,0,1,6693,2,0.00,0xEE,0,0
5385,14.9,15.0,0.1,4004,0,-4.6,6494,35.3,9,48.0,0,1,6710,2,0.00,0xEE,0,0
5417,14.4,15.0,0.6,4022,0,-6.3,6497,35.0,0,48.0,0,1,6763,2,0.00,0xEE,0,0
5433,14.3,15.0,0.7,4054,0,-6.9,6500,35.8,2,48.0,0,1,6783,2,0.00,0xEE,0,0
5448,14.1,15.0,0.9,4066,0,-7.5,6571,35.8,4,48.0,0,1,6803,2,0.00,0xEE,0,0
5478,14.0,15.0,1.0,4079,0,-8.0,6576,35.5,6,48.0,0,1,6821,2,0.00,0xEE,0,0
5494,13.8,15.0,1.2,4087,0,-8.4,6581,36.1,8,48.0,0,1,6833,2,0.00,0xEE,0,0
5509,13.7,15.0,1.3,4092,0,-8.5,6525,36.5,9,48.0,0,1,6839,2,0.00,0xEE,0,0
5525,13.5,15.0,1.5,4100,0,-8.8,6533,36.6,9,48.0,0,1,6851,2,0.00,0xEE,0,0
5556,13.2,15.0,1.8,4100,0,-9.2,6538,36.4,9,48.0,0,1,6865,2,0.00,0xEE,0,0
5572,13.1,15.0,1.9,4100,0,-9.5,6613,37.0,9,48.0,0,1,6876,2,0.00,0xEE,0,0
5587,12.9,15.0,2.1,4100,0,-9.6,6618,36.9,9,48.0,0,1,6881,2,0.00,0xEE,0,0
5618,12.7,15.0,2.3,4100,0,-9.3,6564,36.9,1,48.0,0,1,6876,2,0.00,0xEE,0,0
5634,12.7,15.0,2.3,4099,0,-8.6,6570,37.1,3,48.0,0,1,6858,2,0.00,0xEE,0,0
5650,12.6,15.0,2.4,4086,0,-7.8,6576,37.2,5,48.0,0,1,6837,2,0.00,0xEE,0,0
5665,12.5,15.0,2.5,4074,0,-7.0,6647,37.5,7,48.0,0,1,6818,2,0.00,0xEE,0,0
5695,12.3,15.0,2.7,4068,0,-6.6,6653,38.1,9,48.0,0,1,6808,2,0.00,0xEE,0,0
5710,12.2,15.0,2.8,4066,0,-6.2,6596,37.3,9,48.0,0,1,6801,2,0.00,0xEE,0,0
5803,11.9,15.0,3.1,4077,1,-6.4,6615,38.2,74,48.0,0,1,6811,2,0.00,0xEE,0,0
5819,11.2,15.0,3.8,4082,1,-6.4,6685,38.6,7,48.0,0,1,6821,2,0.00,0xEE,0,0
5834,11.0,15.0,4.0,4090,1,-6.8,6690,38.8,9,48.0,0,1,6835,2,0.00,0xEE,0,0
5850,10.9,15.0,4.1,4099,1,-7.1,6631,38.6,9,48.0,0,1,6846,2,0.00,0xEE,0,0
5881,10.9,15.0,4.1,4099,1,-7.0,6634,38.5,9,48.0,0,1,6843,2,0.00,0xEE,0,0
5897,10.9,15.0,4.1,4090,1,-6.4,6703,39.3,9,48.0,0,1,6826,2,0.00,0xEE,0,0
5912,10.9,15.0,4.1,4077,1,-5.7,6709,38.7,9,48.8,0,1,6806,2,0.00,0xEE,0,0
5944,10.5,15.0,4.5,4074,1,-5.4,6648,39.1,1,48.8,0,1,6803,2,0.00,0xEE,0,0
5959,10.3,15.0,4.7,4078,1,-5.4,6651,39.1,3,48.8,0,1,6805,2,0.00,0xEE,0,0
5974,10.4,15.0,4.6,4072,1,-5.0,6720,39.8,5,48.8,0,1,6793,2,0.00,0xEE,0,0
5991,10.3,15.0,4.7,4066,1,-4.7,6723,39.4,7,48.8,0,1,6785,2,0.00,0xEE,0,0
6022,10.1,15.0,4.9,4067,1,-4.7,6726,39.7,9,48.8,0,1,6788,2,0.00,0xEE,0,0
6038,9.9,15.0,5.1,4075,1,-5.0,6665,40.0,9,48.8,0,1,6799,2,0.00,0xEE,0,0
6053,9.8,15.0,5.2,4081,1,-5.3,6668,39.2,9,48.8,0,1,6808,2,0.00,0xEE,0,0
6084,9.7,15.0,5.3,4084,1,-5.5,6737,40.1,9,48.8,0,1,6814,2,0.00,0xEE,0,0
6100,9.6,15.0,5.4,4088,1,-5.7,6738,40.2,9,48.8,0,1,6822,2,0.00,0xEE,0,0
6115,9.4,15.0,5.6,4093,1,-5.9,6678,39.6,0,48.8,0,1,6831,2,0.00,0xEE,0,0
6130,9.6,15.0,5.4,4084,1,-5.2,6683,39.5,2,48.8,0,1,6808,2,0.00,0xEE,0,0
6161,9.8,15.0,5.2,4061,1,-3.8,6750,39.4,4,48.8,0,1,6768,2,0.00,0xEE,0,0
6177,10.0,15.0,5.0,4028,1,-2.0,6755,40.4,6,48.8,0,1,6715,2,0.00,0xEE,0,0
6192,9.9,15.0,5.1,4002,1,-0.6,6690,39.8,8,48.8,0,1,6678,2,0.00,0xEE,0,0
6224,9.8,15.0,5.2,3991,1,0.2,6691,39.9,9,48.8,0,1,6658,2,0.00,0xEE,0,0
6302,9.7,15.0,5.3,3983,1,0.5,6750,39.8,73,48.8,0,1,6649,2,0.00,0xEE,0,0
6318,9.7,15.0,5.3,3977,1,0.8,6747,39.4,5,48.8,0,1,6640,2,0.00,0xEE,0,0
6349,9.8,15.0,5.2,3973,1,1.1,6680,40.0,7,48.8,0,1,6632,2,0.00,0xEE,0,0
6365,9.8,15.0,5.2,3968,1,1.4,6678,39.6,9,48.8,0,1,6622,2,0.00,0xEE,0,0
6380,9.7,15.0,5.3,3968,1,1.4,6740,40.1,9,48.8,0,1,6625,2,0.00,0xEE,0,0
6396,9.8,15.0,5.2,3968,1,1.4,6738,39.0,9,48.8,0,1,6626,2,0.00,0xEE,0,0
6426,9.8,15.0,5.2,3971,1,1.3,6669,39.6,9,48.8,0,1,6629,2,0.00,0xEE,0,0
6442,10.0,15.0,5.0,3961,1,1.8,6668,39.2,9,48.8,0,1,6610,2,0.00,0xEE,0,0
6457,10.0,15.0,5.0,3955,1,2.3,6730,39.7,0,48.8,0,1,6596,2,0.00,0xEE,0,0
6489,9.9,15.0,5.1,3955,1,2.0,6727,39.5,2,48.8,0,1,6607,2,0.00,0xEE,0,0
6504,9.9,15.0,5.1,3961,1,1.6,6659,39.7,4,48.8,0,1,6620,2,0.00,0xEE,0,0
6520,9.9,15.0,5.1,3968,1,1.2,6656,39.1,6,48.8,0,1,6629,2,0.00,0xEE,0,0
6536,9.9,15.0,5.1,3974,1,1.0,6717,39.5,8,48.8,0,1,6636,2,0.00,0xEE,0,0
6567,10.0,15.0,5.0,3973,1,0.9,6714,39.5,9,48.8,0,1,6637,2,0.00,0xEE,0,0
6582,10.0,15.0,5.0,3974,1,0.8,6648,39.3,9,48.8,0,1,6641,2,0.00,0xEE,0,0
6598,10.0,15.0,5.0,3978,1,0.7,6648,39.5,9,48.8,0,1,6644,2,0.00,0xEE,0,0
6614,10.1,15.0,4.9,3978,1,0.7,6645,39.0,9,48.8,0,1,6642,2,0.00,0xEE,0,0
6644,10.2,15.0,4.8,3970,1,1.0,6709,39.1,9,48.8,0,1,6631,2,0.00,0xEE,0,0
6660,10.4,15.0,4.6,3958,1,2.1,6706,38.9,1,48.8,0,1,6598,2,0.00,0xEE,0,0
6676,10.3,15.0,4.7,3945,1,2.3,6640,39.4,3,48.8,0,1,6595,2,0.00,0xEE,0,0
6707,10.3,15.0,4.7,3950,1,2.1,6638,39.3,5,48.8,0,1,6600,2,0.00,0xEE,0,0
6723,10.2,15.0,4.8,3959,1,1.7,6699,38.9,7,48.8,0,1,6613,2,0.00,0xEE,0,0
6802,10.2,15.0,4.8,3956,1,1.7,6688,38.9,91,48.8,0,1,6613,2,0.00,0xEE,0,0
6818,10.6,15.0,4.4,3953,1,1.7,6621,38.7,2,48.8,0,1,6609,2,0.00,0xEE,0,0
6849,10.8,15.0,4.2,3942,1,2.4,6618,38.3,4,48.8,0,1,6587,2,0.00,0xEE,0,0
6865,11.0,15.0,4.0,3929,1,3.2,6681,38.5,6,48.8,0,1,6564,2,0.00,0xEE,0,0
6880,11.1,15.0,3.9,3913,1,4.0,6680,38.3,8,48.8,0,1,6540,2,0.00,0xEE,0,0
6912,11.1,15.0,3.9,3903,1,4.5,6675,38.4,9,48.8,0,1,6525,2,0.00,0xEE,0,0
6927,11.2,15.0,3.8,3899,1,4.8,6607,38.6,9,48.6,0,1,6517,2,0.00,0xEE,0,0
6942,11.1,15.0,3.9,3902,1,4.7,6603,38.0,9,48.6,0,1,6520,2,0.00,0xEE,0,0
6972,11.2,15.0,3.8,3906,1,4.5,6663,38.3,9,48.6,0,1,6526,2,0.00,0xEE,0,0
6988,11.4,15.0,3.6,3905,1,4.3,6660,38.2,0,48.6,0,1,6528,2,0.00,0xEE,0,0
7004,11.5,15.0,3.5,3904,1,4.3,6591,37.9,2,48.6,0,1,6528,2,0.00,0xEE,0,0
7019,11.4,15.0,3.6,3913,1,3.9,6589,38.3,4,48.6,0,1,6541,2,0.00,0xEE,0,0
7050,11.4,15.0,3.6,3924,1,3.2,6584,38.8,6,48.6,0,1,6558,2,0.00,0xEE,0,0
7065,11.3,15.0,3.7,3938,1,2.3,6645,37.9,8,48.6,0,1,6585,2,0.00,0xEE,0,0
7096,11.4,15.0,3.6,3946,1,1.8,6643,37.8,9,48.6,0,1,6600,2,0.00,0xEE,0,0
7111,11.6,15.0,3.4,3948,1,1.6,6577,37.2,9,48.6,0,1,6602,2,0.00,0xEE,0,0
7127,11.7,15.0,3.3,3945,1,1.9,6576,38.2,9,48.6,0,1,6593,2,0.00,0xEE,0,0
7143,11.8,15.0,3.2,3943,1,2.1,6574,37.8,9,48.6,0,1,6587,2,0.00,0xEE,0,0
7159,11.6,15.0,3.4,3946,1,1.8,6638,38.3,9,48.6,0,1,6597,2,0.00,0xEE,0,0
7190,11.3,15.0,3.7,3958,1,0.2,6637,38.2,1,48.6,0,1,6646,2,0.00,0xEE,0,0
7205,11.3,15.0,3.7,3986,1,-0.6,6571,39.0,3,48.6,0,1,6667,2,0.00,0xEE,0,0
7221,11.3,15.0,3.7,4000,1,-1.2,6571,37.8,5,48.6,0,1,6683,2,0.00,0xEE,0,0
7314,11.3,15.0,3.7,4003,1,-1.2,6640,37.8,89,48.6,0,1,6683,2,0.00,0xEE,0,0
7345,11.5,15.0,3.5,4002,1,-0.8,6640,37.9,1,48.6,0,1,6673,2,0.00,0xEE,0,0
7345,11.6,15.0,3.4,3987,1,-0.4,6643,38.5,3,48.6,0,1,6659,2,0.00,0xEE,0,0
7377,11.5,15.0,3.5,3983,1,-0.2,6578,38.2,5,48.6,0,1,6654,2,0.00,0xEE,0,0
7392,11.4,15.0,3.6,3989,1,-0.3,6581,38.3,6,48.6,0,1,6660,2,0.00,0xEE,0,0
7407,11.3,15.0,3.7,3998,1,-0.7,6645,38.6,8,48.6,0,1,6672,2,0.00,0xEE,0,0
7423,11.2,15.0,3.8,4003,1,-1.0,6645,38.1,9,48.6,0,1,6682,2,0.00,0xEE,0,0
7455,11.2,15.0,3.8,4008,1,-1.3,6648,38.4,9,48.6,0,1,6691,2,0.00,0xEE,0,0
7471,11.3,15.0,3.7,4010,1,-1.4,6584,38.0,9,48.6,0,1,6691,2,0.00,0xEE,0,0
7486,11.3,15.0,3.7,4011,1,-1.3,6586,38.3,9,48.6,0,1,6689,2,0.00,0xEE,0,0
7518,11.2,15.0,3.8,4007,1,-1.1,6653,38.0,0,48.6,0,1,6683,2,0.00,0xEE,0,0
7534,11.3,15.0,3.7,4002,1,-0.9,6654,38.2,2,48.6,0,1,6678,2,0.00,0xEE,0,0
7549,11.3,15.0,3.7,3997,1,-0.6,6654,38.7,4,48.6,0,1,6670,2,0.00,0xEE,0,0
7565,11.2,15.0,3.8,4001,1,-0.7,6593,38.7,6,48.6,0,1,6675,2,0.00,0xEE,0,0
7597,11.0,15.0,4.0,4012,1,-1.2,6594,38.7,8,48.6,0,1,6690,2,0.00,0xEE,0,0
7613,10.8,15.0,4.2,4028,1,-1.9,6660,38.6,9,48.6,0,1,6714,2,0.00,0xEE,0,0
7628,10.8,15.0,4.2,4035,1,-2.4,6662,38.9,9,48.6,0,1,6728,2,0.00,0xEE,0,0
7644,10.8,15.0,4.2,4041,1,-2.8,6600,38.8,9,48.6,0,1,6739,2,0.00,0xEE,0,0
7675,10.8,15.0,4.2,4047,1,-3.0,6603,38.8,9,48.6,0,1,6746,2,0.00,0xEE,0,0
7691,10.7,15.0,4.3,4051,1,-3.2,6605,39.0,9,48.6,0,1,6750,2,0.00,0xEE,0,0
7706,10.7,15.0,4.3,4049,1,-3.1,6672,39.2,1,48.6,0,1,6748,2,0.00,0xEE,0,0
7738,10.7,15.0,4.3,4043,1,-2.8,6677,38.6,3,48.6,0,1,6741,2,0.00,0xEE,0,0
7831,10.7,15.0,4.3,4046,1,-2.8,6622,38.6,87,48.6,0,1,6741,2,0.00,0xEE,0,0
7831,10.6,15.0,4.4,4047,1,-2.7,6625,39.7,9,48.6,0,1,6739,2,0.00,0xEE,0,0
7861,10.3,15.0,4.7,4040,1,-2.2,6693,39.3,0,48.6,0,1,6729,2,0.00,0xEE,0,0
7878,10.3,15.0,4.7,4041,1,-2.2,6694,39.5,2,48.6,0,1,6729,2,0.00,0xEE,0,0
7908,10.2,15.0,4.8,4041,1,-2.2,6632,39.0,4,48.6,0,1,6732,2,0.00,0xEE,0,0
7908,10.1,15.0,4.9,4045,1,-2.3,6634,39.8,6,48.6,0,1,6735,2,0.00,0xEE,0,0
7940,10.1,15.0,4.9,4048,1,-2.4,6702,39.4,8,46.7,0,1,6737,2,0.00,0xEE,0,0
7955,10.0,15.0,5.0,4048,1,-2.5,6705,39.5,9,46.7,0,1,6741,2,0.00,0xEE,0,0
7971,10.0,15.0,5.0,4047,1,-2.4,6706,39.7,9,46.7,0,1,6739,2,0.00,0xEE,0,0
8001,10.0,15.0,5.0,4048,1,-2.4,6643,39.6,9,46.7,0,1,6741,2,0.00,0xEE,0,0
8017,9.9,15.0,5.1,4050,1,-2.4,6645,39.6,9,46.7,0,1,6740,2,0.00,0xEE,0,0
8032,9.9,15.0,5.1,4048,1,-2.4,6712,39.7,9,46.7,0,1,6739,2,0.00,0xEE,0,0
8047,9.9,15.0,5.1,4044,1,-2.0,6714,40.2,1,46.7,0,1,6731,2,0.00,0xEE,0,0
8077,9.8,15.0,5.2,4041,1,-2.0,6653,39.8,3,46.7,0,1,6731,2,0.00,0xEE,0,0
8093,9.7,15.0,5.3,4044,1,-2.0,6653,39.5,5,46.7,0,1,6733,2,0.00,0xEE,0,0
8108,9.7,15.0,5.3,4046,1,-2.0,6720,40.3,7,46.7,0,1,6733,2,0.00,0xEE,0,0
8139,9.6,15.0,5.4,4048,1,-2.2,6721,40.1,9,46.7,0,1,6739,2,0.00,0xEE,0,0
8154,9.5,15.0,5.5,4053,1,-2.5,6657,39.8,9,46.7,0,1,6749,2,0.00,0xEE,0,0
8169,9.5,15.0,5.5,4056,1,-2.6,6659,39.7,9,46.7,0,1,6752,2,0.00,0xEE,0,0
8200,9.6,15.0,5.4,4053,1,-2.3,6662,39.9,9,46.7,0,1,6742,2,0.00,0xEE,0,0
8216,9.7,15.0,5.3,4040,1,-1.6,6729,39.8,9,46.7,0,1,6724,2,0.00,0xEE,0,0
8231,9.7,15.0,5.3,4029,1,-0.6,6730,39.9,1,46.7,0,1,6693,2,0.00,0xEE,0,0
8324,9.7,15.0,5.3,4021,1,-0.6,6666,39.9,85,46.7,0,1,6693,2,0.00,0xEE,0,0
8341,9.7,15.0,5.3,4020,1,-0.4,6730,39.2,9,46.7,0,1,6690,2,0.00,0xEE,0,0
8356,9.8,15.0,5.2,4006,1,0.3,6732,39.6,9,46.7,0,1,6670,2,0.00,0xEE,0,0
8372,10.0,15.0,5.0,3991,1,1.9,6666,39.8,0,46.7,0,1,6623,2,0.00,0xEE,0,0
8404,10.0,15.0,5.0,3978,1,2.6,6666,39.4,2,46.7,0,1,6603,2,0.00,0xEE,0,0
8420,9.9,15.0,5.1,3967,1,2.6,6730,39.9,3,46.7,0,1,6603,2,0.00,0xEE,0,0
8435,9.8,15.0,5.2,3972,1,2.3,6727,39.9,5,46.7,0,1,6614,2,0.00,0xEE,0,0
8450,9.6,15.0,5.4,3985,1,1.5,6726,39.3,7,46.7,0,1,6639,2,0.00,0xEE,0,0
8480,9.6,15.0,5.4,3999,1,0.7,6659,39.8,9,46.7,0,1,6660,2,0.00,0xEE,0,0
8495,9.8,15.0,5.2,4002,1,0.6,6659,39.4,9,46.7,0,1,6663,2,0.00,0xEE,0,0
8510,10.0,15.0,5.0,3995,1,0.8,6721,39.4,9,46.7,0,1,6654,2,0.00,0xEE,0,0
8542,10.1,15.0,4.9,3984,1,1.3,6721,39.4,9,46.7,0,1,6639,2,0.00,0xEE,0,0
8559,10.1,15.0,4.9,3977,1,1.7,6654,39.3,9,46.7,0,1,6629,2,0.00,0xEE,0,0
8574,10.2,15.0,4.8,3974,1,2.1,6654,39.3,1,46.7,0,1,6615,2,0.00,0xEE,0,0
8605,10.2,15.0,4.8,3967,1,2.4,6715,39.1,2,46.7,0,1,6608,2,0.00,0xEE,0,0
8621,10.2,15.0,4.8,3964,1,2.4,6714,39.6,4,46.7,0,1,6606,2,0.00,0xEE,0,0
8636,10.3,15.0,4.7,3960,1,2.5,6648,38.8,6,46.7,0,1,6603,2,0.00,0xEE,0,0
8653,10.3,15.0,4.7,3961,1,2.6,6645,39.1,8,46.7,0,1,6601,2,0.00,0xEE,0,0
8684,10.4,15.0,4.6,3960,1,2.7,6644,39.1,9,46.7,0,1,6598,2,0.00,0xEE,0,0
8699,10.4,15.0,4.6,3959,1,2.6,6706,39.0,9,46.7,0,1,6600,2,0.00,0xEE,0,0
8715,10.5,15.0,4.5,3959,1,2.5,6703,38.7,9,46.7,0,1,6603,2,0.00,0xEE,0,0
8731,10.6,15.0,4.4,3959,1,2.5,6637,38.8,9,46.7,0,1,6600,2,0.00,0xEE,0,0
8824,10.7,15.0,4.3,3955,1,2.7,6691,39.3,74,46.7,0,1,6594,2,0.00,0xEE,0,0
8840,10.7,15.0,4.3,3954,1,2.7,6688,38.7,9,46.7,0,1,6595,2,0.00,0xEE,0,0
8855,10.8,15.0,4.2,3957,1,2.4,6623,38.4,9,46.7,0,1,6603,2,0.00,0xEE,0,0
8886,10.9,15.0,4.1,3959,1,2.3,6621,38.5,9,46.7,0,1,6604,2,0.00,0xEE,0,0
8902,11.0,15.0,4.0,3958,1,2.5,6618,38.7,0,46.7,0,1,6596,2,0.00,0xEE,0,0
8918,11.0,15.0,4.0,3954,1,2.5,6683,38.5,2,46.7,0,1,6597,2,0.00,0xEE,0,0
8949,11.0,15.0,4.0,3956,1,2.4,6680,38.3,4,47.6,0,1,6601,2,0.00,0xEE,0,0
8964,11.0,15.0,4.0,3961,1,2.1,6613,38.6,6,47.6,0,1,6608,2,0.00,0xEE,0,0
8979,11.1,15.0,3.9,3964,1,2.0,6612,38.3,8,47.6,0,1,6611,2,0.00,0xEE,0,0
9011,11.1,15.0,3.9,3968,1,1.7,6675,38.8,9,47.6,0,1,6619,2,0.00,0xEE,0,0
9026,11.1,15.0,3.9,3969,1,1.6,6674,38.3,9,47.6,0,1,6622,2,0.00,0xEE,0,0
9042,11.1,15.0,3.9,3976,1,1.2,6674,38.5,9,47.6,0,1,6634,2,0.00,0xEE,0,0
9057,11.2,15.0,3.8,3978,1,1.1,6607,38.1,9,47.6,0,1,6635,2,0.00,0xEE,0,0
9087,11.2,15.0,3.8,3980,1,1.1,6607,38.2,9,47.6,0,1,6636,2,0.00,0xEE,0,0
9102,11.3,15.0,3.7,3972,1,1.4,6672,38.8,1,47.6,0,1,6625,2,0.00,0xEE,0,0
9117,11.3,15.0,3.7,3970,1,1.5,6671,38.1,3,47.6,0,1,6624,2,0.00,0xEE,0,0
9148,11.3,15.0,3.7,3970,1,1.4,6606,38.2,5,47.6,0,1,6625,2,0.00,0xEE,0,0
9163,11.3,15.0,3.7,3973,1,1.3,6603,38.7,7,47.6,0,1,6627,2,0.00,0xEE,0,0
9179,11.3,15.0,3.7,3977,1,1.2,6605,38.1,9,47.6,0,1,6631,2,0.00,0xEE,0,0
9210,11.3,15.0,3.7,3980,1,0.9,6668,38.3,9,47.6,0,1,6639,2,0.00,0xEE,0,0
9225,11.3,15.0,3.7,3985,1,0.6,6666,38.3,9,47.6,0,1,6649,2,0.00,0xEE,0,0
9240,11.2,15.0,3.8,3994,1,0.2,6603,38.2,9,47.6,0,1,6661,2,0.00,0xEE,0,0
9332,11.2,15.0,3.8,4003,1,-0.1,6603,38.3,73,47.6,0,1,6670,2,0.00,0xEE,0,0
9348,11.3,15.0,3.7,4002,1,-0.1,6669,37.7,8,47.6,0,1,6670,2,0.00,0xEE,0,0
9363,11.3,15.0,3.7,4003,1,-0.3,6669,38.4,9,47.6,0,1,6674,2,0.00,0xEE,0,0
9395,11.5,15.0,3.5,3993,1,0.2,6607,37.7,9,47.6,0,1,6659,2,0.00,0xEE,0,0
9410,11.5,15.0,3.5,3988,1,0.5,6606,38.2,9,47.6,0,1,6650,2,0.00,0xEE,0,0
9425,11.6,15.0,3.4,3976,1,1.6,6609,38.0,0,47.6,0,1,6619,2,0.00,0xEE,0,0
9441,11.7,15.0,3.3,3964,1,1.9,6672,38.3,2,47.6,0,1,6609,2,0.00,0xEE,0,0
9473,11.5,15.0,3.5,3967,1,1.7,6672,38.1,4,47.6,0,1,6616,2,0.00,0xEE,0,0
9487,11.5,15.0,3.5,3974,1,1.4,6606,38.1,6,47.6,0,1,6626,2,0.00,0xEE,0,0
9502,11.4,15.0,3.6,3983,1,1.0,6606,38.6,8,47.6,0,1,6638,2,0.00,0xEE,0,0
9549,11.4,15.0,3.6,3992,1,0.5,6671,38.2,9,47.6,0,1,6651,2,0.00,0xEE,0,0
9549,11.3,15.0,3.7,4002,1,-0.1,6669,38.4,9,47.6,0,1,6671,2,0.00,0xEE,0,0
9565,11.2,15.0,3.8,4013,1,-0.8,6669,38.3,9,47.6,0,1,6691,2,0.00,0xEE,0,0
9581,11.2,15.0,3.8,4025,1,-1.4,6606,37.5,9,47.6,0,1,6708,2,0.00,0xEE,0,0
9611,11.3,15.0,3.7,4030,1,-1.6,6609,38.2,9,47.6,0,1,6714,2,0.00,0xEE,0,0
9627,11.5,15.0,3.5,4017,1,-1.0,6674,37.9,1,47.6,0,1,6695,2,0.00,0xEE,0,0
9657,11.6,15.0,3.4,4004,1,-0.4,6675,37.8,3,47.6,0,1,6675,2,0.00,0xEE,0,0
9672,11.7,15.0,3.3,3991,1,0.4,6613,37.8,5,47.6,0,1,6654,2,0.00,0xEE,0,0
9687,11.7,15.0,3.3,3980,1,1.1,6613,38.2,7,47.6,0,1,6633,2,0.00,0xEE,0,0
9703,11.7,15.0,3.3,3974,1,1.5,6613,38.0,9,47.6,0,1,6620,2,0.00,0xEE,0,0
9733,11.6,15.0,3.4,3971,1,1.7,6678,37.6,9,47.6,0,1,6618,2,0.00,0xEE,0,0
9749,11.6,15.0,3.4,3973,1,1.5,6677,38.3,9,47.6,0,1,6624,2,0.00,0xEE,0,0
9825,11.4,15.0,3.6,3984,1,1.0,6612,38.5,73,47.6,0,1,6638,2,0.00,0xEE,0,0
9856,11.3,15.0,3.7,3989,1,0.8,6612,38.0,8,47.6,0,1,6645,2,0.00,0xEE,0,0
9872,11.3,15.0,3.7,4000,1,0.1,6677,37.9,9,47.6,0,1,6666,2,0.00,0xEE,0,0
9887,11.5,15.0,3.5,4002,1,-0.1,6677,37.8,9,47.6,0,1,6671,2,0.00,0xEE,0,0
9918,11.6,15.0,3.4,3997,1,0.0,6613,37.9,9,47.6,0,1,6665,2,0.00,0xEE,0,0
9934,11.7,15.0,3.3,3995,1,0.2,6615,38.5,9,47.6,0,1,6659,2,0.00,0xEE,0,0
9949,11.3,15.0,3.7,4002,1,-0.7,6613,38.0,0,47.6,0,1,6689,2,0.00,0xEE,0,0
9964,11.1,15.0,3.9,4030,1,-1.6,6680,38.5,2,47.6,0,1,6716,2,0.00,0xEE,0,0
9995,11.1,15.0,3.9,4040,1,-2.2,6680,38.4,4,47.6,0,1,6735,2,0.00,0xEE,0,0
10011,11.1,15.0,3.9,4049,1,-2.7,6616,37.9,6,47.6,0,1,6746,2,0.00,0xEE,0,0
10026,11.1,15.0,3.9,4055,1,-2.8,6618,38.5,8,47.6,0,1,6752,2,0.00,0xEE,0,0
10056,11.3,15.0,3.7,4046,1,-2.4,6685,37.7,9,47.6,0,1,6738,2,0.00,0xEE,0,0
10072,11.4,15.0,3.6,4030,1,-1.6,6687,38.0,9,47.6,0,1,6714,2,0.00,0xEE,0,0
10087,11.6,15.0,3.4,4010,1,-0.6,6690,38.3,9,47.6,0,1,6683,2,0.00,0xEE,0,0
10103,11.6,15.0,3.4,3999,1,0.2,6626,38.0,9,47.6,0,1,6661,2,0.00,0xEE,0,0
10133,11.5,15.0,3.5,3993,1,1.1,6691,38.2,0,47.6,0,1,6639,2,0.00,0xEE,0,0
10148,11.4,15.0,3.6,3986,1,1.1,6693,38.2,2,47.6,0,1,6639,2,0.00,0xEE,0,0
10164,11.4,15.0,3.6,3987,1,1.0,6693,37.8,4,47.6,0,1,6643,2,0.00,0xEE,0,0
10195,11.3,15.0,3.7,3993,1,0.7,6629,38.2,5,47.6,0,1,6650,2,0.00,0xEE,0,0
10210,11.4,15.0,3.6,3993,1,0.8,6629,37.9,7,47.6,0,1,6648,2,0.00,0xEE,0,0
10225,11.6,15.0,3.4,3989,1,1.0,6694,37.9,9,47.6,0,1,6640,2,0.00,0xEE,0,0
10256,11.7,15.0,3.3,3979,1,1.4,6694,37.5,9,47.6,0,1,6628,2,0.00,0xEE,0,0
10332,11.7,15.0,3.3,3974,1,1.7,6626,38.3,74,47.6,0,1,6621,2,0.00,0xEE,0,0
10364,11.4,15.0,3.6,3993,1,0.7,6626,37.8,8,47.6,0,1,6651,2,0.00,0xEE,0,0
10379,11.3,15.0,3.7,4011,1,-0.2,6688,38.2,9,47.6,0,1,6679,2,0.00,0xEE,0,0
10394,11.4,15.0,3.6,4015,1,-0.6,6688,37.9,9,47.6,0,1,6689,2,0.00,0xEE,0,0
10409,11.6,15.0,3.4,4012,1,-0.6,6625,37.9,9,47.6,0,1,6686,2,0.00,0xEE,0,0
10441,11.7,15.0,3.3,4008,1,-0.2,6625,37.7,9,47.6,0,1,6675,2,0.00,0xEE,0,0
10456,11.7,15.0,3.3,4003,1,0.4,6688,37.4,0,47.6,0,1,6656,2,0.00,0xEE,0,0
10471,11.8,15.0,3.2,3996,1,1.0,6688,37.6,1,47.6,0,1,6640,2,0.00,0xEE,0,0
10501,11.9,15.0,3.1,3973,1,1.6,6688,37.8,4,47.6,0,1,6620,2,0.00,0xEE,0,0
10517,11.9,15.0,3.1,3968,1,2.1,6622,37.7,5,47.6,0,1,6608,2,0.00,0xEE,0,0
10533,11.9,15.0,3.1,3964,1,2.2,6622,37.7,7,47.6,0,1,6604,2,0.00,0xEE,0,0
10548,11.9,15.0,3.1,3966,1,2.2,6684,37.7,9,47.6,0,1,6606,2,0.00,0xEE,0,0
10580,11.9,15.0,3.1,3968,1,2.0,6683,37.6,9,47.6,0,1,6611,2,0.00,0xEE,0,0
10595,11.9,15.0,3.1,3968,1,1.8,6618,36.8,9,47.6,0,1,6615,2,0.00,0xEE,0,0
10611,11.9,15.0,3.1,3972,1,1.7,6616,37.7,9,47.6,0,1,6618,2,0.00,0xEE,0,0
10643,12.1,15.0,2.9,3969,0,1.9,6615,37.3,9,47.6,0,1,6612,2,0.00,0xEE,0,0
10660,12.3,15.0,2.7,3962,0,2.7,6677,36.7,1,47.6,0,1,6588,2,0.00,0xEE,0,0
10676,12.3,15.0,2.7,3946,0,3.0,6677,37.2,3,47.6,0,1,6578,2,0.00,0xEE,0,0
10691,12.4,15.0,2.6,3941,0,3.2,6610,37.3,5,47.6,0,1,6572,2,0.00,0xEE,0,0
10722,12.4,15.0,2.6,3943,0,3.2,6609,37.1,7,47.6,0,1,6572,2,0.00,0xEE,0,0
10738,12.4,15.0,2.6,3946,0,3.1,6669,37.1,9,47.6,0,1,6574,2,0.00,0xEE,0,0
10753,12.4,15.0,2.6,3946,0,3.0,6669,37.3,9,47.6,0,1,6577,2,0.00,0xEE,0,0
10847,12.5,15.0,2.5,3948,0,2.8,6596,36.8,74,47.6,0,1,6581,2,0.00,0xEE,0,0
10863,12.4,15.0,2.6,3966,0,1.8,6594,37.0,7,47.6,0,1,6610,2,0.00,0xEE,0,0
10879,12.5,15.0,2.5,3975,0,1.2,6657,36.6,9,47.6,0,1,6627,2,0.00,0xEE,0,0
10895,12.6,15.0,2.4,3976,0,1.0,6657,36.9,9,47.6,0,1,6631,2,0.00,0xEE,0,0
10926,12.7,15.0,2.3,3976,0,1.0,6657,36.7,9,47.6,0,1,6629,2,0.00,0xEE,0,0
10942,12.8,15.0,2.2,3974,0,1.2,6593,36.8,9,47.6,0,1,6624,2,0.00,0xEE,0,0
10959,12.8,15.0,2.2,3973,0,1.3,6593,37.2,9,49.5,0,1,6619,2,0.00,0xEE,0,0
10973,12.6,15.0,2.4,3977,0,0.5,6656,36.5,1,49.5,0,1,6646,2,0.00,0xEE,0,0
11005,12.6,15.0,2.4,3993,0,0.0,6657,36.8,2,49.5,0,1,6659,2,0.00,0xEE,0,0
11021,12.8,15.0,2.2,3989,0,0.2,6593,36.5,4,49.5,0,1,6652,2,0.00,0xEE,0,0
11037,12.9,15.0,2.1,3984,0,0.6,6593,37.1,6,49.5,0,1,6641,2,0.00,0xEE,0,0
11068,12.9,15.0,2.1,3979,0,0.9,6593,36.7,8,49.5,0,1,6631,2,0.00,0xEE,0,0
11084,12.8,15.0,2.2,3980,0,0.9,6657,36.8,9,49.5,0,1,6633,2,0.00,0xEE,0,0
11099,12.9,15.0,2.1,3978,0,0.9,6657,36.7,9,49.5,0,1,6632,2,0.00,0xEE,0,0
11115,12.9,15.0,2.1,3980,0,0.9,6593,36.7,9,49.5,0,1,6633,2,0.00,0xEE,0,0
11147,12.9,15.0,2.1,3979,0,0.9,6594,36.9,9,49.5,0,1,6632,2,0.00,0xEE,0,0
11165,12.8,15.0,2.2,3982,0,0.5,6659,37.4,0,49.5,0,1,6645,2,0.00,0xEE,0,0
11178,12.8,15.0,2.2,3992,0,0.1,6659,36.7,1,49.5,0,1,6655,2,0.00,0xEE,0,0
11194,12.6,15.0,2.4,4005,0,-0.6,6660,37.3,3,49.5,0,1,6677,2,0.00,0xEE,0,0
11224,12.7,15.0,2.3,4012,0,-1.0,6597,36.7,5,49.5,0,1,6687,2,0.00,0xEE,0,0
11239,12.6,15.0,2.4,4023,0,-1.5,6599,37.1,7,49.5,0,1,6702,2,0.00,0xEE,0,0
11255,12.8,15.0,2.2,4021,0,-1.3,6663,36.5,9,49.5,0,1,6695,2,0.00,0xEE,0,0
11348,12.6,15.0,2.4,4021,0,-1.4,6671,37.2,74,49.5,0,1,6700,2,0.00,0xEE,0,0
11364,12.5,15.0,2.5,4023,0,-1.5,6609,36.9,6,49.5,0,1,6704,2,0.00,0xEE,0,0
11379,12.5,15.0,2.5,4024,0,-1.4,6609,37.0,8,49.5,0,1,6702,2,0.00,0xEE,0,0
11410,12.6,15.0,2.4,4022,0,-1.2,6677,37.4,9,49.5,0,1,6696,2,0.00,0xEE,0,0
11425,12.6,15.0,2.4,4015,0,-0.9,6678,36.9,9,49.5,0,1,6687,2,0.00,0xEE,0,0
11441,12.6,15.0,2.4,4009,0,-0.6,6680,37.0,9,49.5,0,1,6679,2,0.00,0xEE,0,0
11472,12.6,15.0,2.4,4006,0,-0.3,6618,37.1,9,49.5,0,1,6671,2,0.00,0xEE,0,0
11487,12.6,15.0,2.4,4003,0,-0.1,6619,36.9,9,49.5,0,1,6665,2,0.00,0xEE,0,0
11503,12.7,15.0,2.3,4000,0,0.5,6683,37.3,1,49.5,0,1,6648,2,0.00,0xEE,0,0
11519,12.6,15.0,2.4,3993,0,0.5,6684,37.2,3,49.5,0,1,6648,2,0.00,0xEE,0,0
11550,12.4,15.0,2.6,3998,0,0.2,6621,37.8,5,49.5,0,1,6659,2,0.00,0xEE,0,0
11566,12.2,15.0,2.8,4014,0,-0.6,6621,37.5,7,49.5,0,1,6684,2,0.00,0xEE,0,0
11581,12.1,15.0,2.9,4032,0,-1.6,6687,37.6,9,49.5,0,1,6712,2,0.00,0xEE,0,0
11611,12.0,15.0,3.0,4048,1,-2.5,6687,37.7,9,49.5,0,1,6739,2,0.00,0xEE,0,0
11627,12.0,15.0,3.0,4059,1,-3.2,6687,36.9,9,49.5,0,1,6760,2,0.00,0xEE,0,0
11643,11.9,15.0,3.1,4070,1,-3.7,6626,38.2,9,49.5,0,1,6774,2,0.00,0xEE,0,0
11674,11.8,15.0,3.2,4084,1,-4.4,6629,38.1,9,49.5,0,1,6794,2,0.00,0xEE,0,0
11689,11.6,15.0,3.4,4099,1,-5.4,6697,37.3,1,49.5,0,1,6826,2,0.00,0xEE,0,0
11704,11.8,15.0,3.2,4090,1,-4.8,6702,37.4,3,49.5,0,1,6806,2,0.00,0xEE,0,0
11720,12.1,15.0,2.9,4065,0,-3.5,6641,37.5,5,49.5,0,1,6766,2,0.00,0xEE,0,0
11751,12.1,15.0,2.9,4043,0,-2.0,6645,37.8,7,49.5,0,1,6726,2,0.00,0xEE,0,0
11767,12.1,15.0,2.9,4025,0,-0.9,6714,37.1,8,49.5,0,1,6694,2,0.00,0xEE,0,0
11858,12.1,15.0,2.9,4005,0,0.1,6717,37.4,74,49.5,0,1,6667,2,0.00,0xEE,0,0
11873,12.1,15.0,2.9,3994,0,0.7,6653,37.8,5,49.5,0,1,6649,2,0.00,0xEE,0,0
11889,12.0,15.0,3.0,3994,1,0.8,6651,37.5,7,49.5,0,1,6648,2,0.00,0xEE,0,0
11905,11.9,15.0,3.1,3993,1,0.8,6715,37.1,9,49.5,0,1,6650,2,0.00,0xEE,0,0
11935,12.1,15.0,2.9,3983,0,1.2,6715,37.1,9,49.5,0,1,6635,2,0.00,0xEE,0,0
11950,12.3,15.0,2.7,3970,0,2.0,6650,37.0,9,49.5,0,1,6610,2,0.00,0xEE,0,0
11965,12.5,15.0,2.5,3955,0,2.9,6648,37.4,9,49.5,0,1,6584,2,0.00,0xEE,0,0
11996,12.4,15.0,2.6,3945,0,3.4,6711,37.2,9,49.5,0,1,6571,2,0.00,0xEE,0,0
12011,12.3,15.0,2.7,3945,0,3.1,6709,37.1,1,49.5,0,1,6582,2,0.00,0xEE,0,0
12026,12.3,15.0,2.7,3953,0,2.8,6640,36.9,3,49.5,0,1,6590,2,0.00,0xEE,0,0
12057,12.5,15.0,2.5,3952,0,2.8,6640,36.9,5,49.5,0,1,6587,2,0.00,0xEE,0,0
12072,12.6,15.0,2.4,3950,0,3.0,6637,36.9,7,49.5,0,1,6581,2,0.00,0xEE,0,0
12088,12.7,15.0,2.3,3945,0,3.1,6699,37.0,8,49.5,0,1,6576,2,0.00,0xEE,0,0
12103,12.7,15.0,2.3,3944,0,3.1,6696,36.6,9,49.5,0,1,6577,2,0.00,0xEE,0,0
12135,12.8,15.0,2.2,3943,0,3.2,6631,36.6,9,49.5,0,1,6574,2,0.00,0xEE,0,0
12150,12.9,15.0,2.1,3941,0,3.3,6628,36.8,9,49.5,0,1,6568,2,0.00,0xEE,0,0
12165,13.0,15.0,2.0,3935,0,3.5,6688,36.4,9,49.5,0,1,6561,2,0.00,0xEE,0,0
12197,13.1,15.0,1.9,3930,0,3.8,6688,37.1,0,49.5,0,1,6551,2,0.00,0xEE,0,0
12212,13.0,15.0,2.0,3935,0,3.3,6619,37.1,2,49.5,0,1,6568,2,0.00,0xEE,0,0
12227,12.7,15.0,2.3,3959,0,2.1,6618,36.3,4,49.5,0,1,6604,2,0.00,0xEE,0,0
12258,12.7,15.0,2.3,3979,0,1.0,6615,36.5,6,49.5,0,1,6636,2,0.00,0xEE,0,0
12272,12.9,15.0,2.1,3983,0,0.6,6677,36.4,8,49.5,0,1,6644,2,0.00,0xEE,0,0
12350,13.2,15.0,1.8,3977,0,0.9,6609,36.2,74,49.5,0,1,6633,2,0.00,0xEE,0,0
12381,13.4,15.0,1.6,3969,0,1.4,6607,35.9,4,49.5,0,1,6616,2,0.00,0xEE,0,0
12397,13.5,15.0,1.5,3958,0,2.0,6607,36.0,6,49.5,0,1,6597,2,0.00,0xEE,0,0
12411,13.6,15.0,1.4,3946,0,2.6,6671,36.7,8,49.5,0,1,6580,2,0.00,0xEE,0,0
12441,13.6,15.0,1.4,3939,0,2.9,6669,36.1,9,49.5,0,1,6571,2,0.00,0xEE,0,0
12457,13.5,15.0,1.5,3937,0,3.0,6603,35.7,9,49.5,0,1,6571,2,0.00,0xEE,0,0
12473,13.5,15.0,1.5,3942,0,2.8,6602,36.3,9,49.5,0,1,6577,2,0.00,0xEE,0,0
12488,13.4,15.0,1.6,3952,0,2.3,6665,36.4,9,49.5,0,1,6592,2,0.00,0xEE,0,0
12520,13.4,15.0,1.6,3962,0,1.6,6663,36.1,9,49.5,0,1,6611,2,0.00,0xEE,0,0
12536,13.3,15.0,1.7,3977,0,0.2,6662,35.9,1,49.5,0,1,6652,2,0.00,0xEE,0,0
12551,13.5,15.0,1.5,3989,0,0.1,6597,35.9,3,49.5,0,1,6654,2,0.00,0xEE,0,0
12581,13.7,15.0,1.3,3984,0,0.4,6597,36.1,5,49.5,0,1,6642,2,0.00,0xEE,0,0
12597,13.7,15.0,1.3,3979,0,0.7,6660,36.0,7,49.5,0,1,6633,2,0.00,0xEE,0,0
12612,13.7,15.0,1.3,3976,0,0.9,6662,35.8,9,49.5,0,1,6629,2,0.00,0xEE,0,0
12628,13.7,15.0,1.3,3970,0,1.0,6596,35.8,9,49.5,0,1,6624,2,0.00,0xEE,0,0
12660,13.8,15.0,1.2,3967,0,1.3,6596,35.9,9,49.5,0,1,6617,2,0.00,0xEE,0,0
12675,13.8,15.0,1.2,3963,0,1.6,6597,35.7,9,49.5,0,1,6607,2,0.00,0xEE,0,0
12691,13.9,15.0,1.1,3957,0,1.8,6659,35.7,9,49.5,0,1,6600,2,0.00,0xEE,0,0
12721,13.9,15.0,1.1,3952,0,2.2,6659,35.6,0,49.5,0,1,6590,2,0.00,0xEE,0,0
12737,14.0,15.0,1.0,3948,0,2.3,6594,35.5,2,49.5,0,1,6587,2,0.00,0xEE,0,0
12768,14.0,15.0,1.0,3948,0,2.3,6594,36.1,4,49.5,0,1,6585,2,0.00,0xEE,0,0
12784,14.0,15.0,1.0,3949,0,2.3,6593,35.6,6,49.5,0,1,6584,2,0.00,0xEE,0,0
12861,14.0,15.0,1.0,3946,0,2.3,6650,35.6,90,49.5,0,1,6584,2,0.00,0xEE,0,0
12876,14.0,15.0,1.0,3948,0,1.5,6648,35.6,1,49.5,0,1,6609,2,0.00,0xEE,0,0
12907,13.9,15.0,1.1,3976,0,0.6,6583,35.8,3,49.5,0,1,6633,2,0.00,0xEE,0,0
12922,14.0,15.0,1.0,3986,0,0.1,6583,35.5,5,49.5,0,1,6647,2,0.00,0xEE,0,0
12937,13.9,15.0,1.1,3996,0,-0.5,6645,36.1,7,49.5,0,1,6664,2,0.00,0xEE,0,0
12953,13.8,15.0,1.2,4006,0,-1.1,6647,36.0,9,49.5,0,1,6682,2,0.00,0xEE,0,0
12985,13.7,15.0,1.3,4019,0,-1.9,6648,35.8,9,48.6,0,1,6706,2,0.00,0xEE,0,0
13000,13.6,15.0,1.4,4034,0,-2.6,6586,36.3,9,48.6,0,1,6726,2,0.00,0xEE,0,0
13016,13.6,15.0,1.4,4044,0,-3.0,6587,36.0,9,48.6,0,1,6739,2,0.00,0xEE,0,0
13048,13.6,15.0,1.4,4049,0,-3.2,6656,36.0,9,48.6,0,1,6744,2,0.00,0xEE,0,0
13063,13.7,15.0,1.3,4048,0,-2.9,6659,35.7,0,48.6,0,1,6734,2,0.00,0xEE,0,0
13078,13.8,15.0,1.2,4030,0,-2.3,6599,35.9,2,48.6,0,1,6717,2,0.00,0xEE,0,0
13094,13.8,15.0,1.2,4020,0,-1.6,6602,36.5,4,48.6,0,1,6698,2,0.00,0xEE,0,0
13124,13.5,15.0,1.5,4023,0,-1.6,6603,36.6,6,48.6,0,1,6701,2,0.00,0xEE,0,0
13140,13.3,15.0,1.7,4031,0,-2.1,6671,35.7,8,48.6,0,1,6718,2,0.00,0xEE,0,0
13155,13.2,15.0,1.8,4039,0,-2.6,6672,36.1,9,48.6,0,1,6732,2,0.00,0xEE,0,0
13186,13.4,15.0,1.6,4036,0,-2.5,6610,36.2,9,48.6,0,1,6728,2,0.00,0xEE,0,0
13202,13.5,15.0,1.5,4030,0,-2.1,6613,36.2,9,48.6,0,1,6714,2,0.00,0xEE,0,0
13217,13.4,15.0,1.6,4026,0,-1.7,6681,36.5,9,48.6,0,1,6704,2,0.00,0xEE,0,0
13247,13.4,15.0,1.6,4020,0,-1.4,6683,36.0,9,48.6,0,1,6696,2,0.00,0xEE,0,0
13263,13.3,15.0,1.7,4017,0,-1.1,6684,36.3,1,48.6,0,1,6691,2,0.00,0xEE,0,0
13278,13.2,15.0,1.8,4019,0,-1.2,6622,36.4,3,48.6,0,1,6693,2,0.00,0xEE,0,0
13371,13.2,15.0,1.8,4021,0,-1.2,6693,36.4,87,48.6,0,1,6693,2,0.00,0xEE,0,0
13387,13.2,15.0,1.8,4018,0,-1.1,6693,36.5,9,48.6,0,1,6692,2,0.00,0xEE,0,0
13402,13.2,15.0,1.8,4015,0,-0.9,6694,36.6,0,48.6,0,1,6685,2,0.00,0xEE,0,0
13417,13.1,15.0,1.9,4016,0,-0.9,6631,36.6,2,48.6,0,1,6687,2,0.00,0xEE,0,0
13448,13.0,15.0,2.0,4021,0,-1.1,6632,36.9,4,48.6,0,1,6693,2,0.00,0xEE,0,0
13463,12.9,15.0,2.1,4030,0,-1.5,6697,37.2,6,48.6,0,1,6706,2,0.00,0xEE,0,0
13478,12.8,15.0,2.2,4038,0,-2.0,6699,36.4,8,48.6,0,1,6722,2,0.00,0xEE,0,0
13510,12.8,15.0,2.2,4040,0,-2.3,6637,36.5,9,48.6,0,1,6728,2,0.00,0xEE,0,0
13525,13.0,15.0,2.0,4035,0,-1.9,6638,36.4,9,48.6,0,1,6716,2,0.00,0xEE,0,0
13540,13.1,15.0,1.9,4023,0,-1.2,6705,37.2,9,48.6,0,1,6694,2,0.00,0xEE,0,0
13570,13.1,15.0,1.9,4014,0,-0.7,6705,36.7,9,48.6,0,1,6682,2,0.00,0xEE,0,0
13586,13.0,15.0,2.0,4011,0,-0.5,6708,36.5,9,48.6,0,1,6679,2,0.00,0xEE,0,0
13602,12.8,15.0,2.2,4013,0,-0.7,6644,37.1,1,48.6,0,1,6686,2,0.00,0xEE,0,0
13617,12.8,15.0,2.2,4022,0,-1.0,6645,36.5,3,48.6,0,1,6695,2,0.00,0xEE,0,0
13648,12.8,15.0,2.2,4023,0,-1.0,6711,36.5,5,48.6,0,1,6694,2,0.00,0xEE,0,0
13663,13.0,15.0,2.0,4013,0,-0.6,6711,36.8,7,48.6,0,1,6681,2,0.00,0xEE,0,0
13679,13.0,15.0,2.0,4004,0,-0.2,6648,36.9,9,48.6,0,1,6668,2,0.00,0xEE,0,0
13710,12.9,15.0,2.1,4006,0,-0.1,6648,37.0,9,48.6,0,1,6670,2,0.00,0xEE,0,0
13725,12.7,15.0,2.3,4014,0,-0.5,6714,36.7,9,48.6,0,1,6681,2,0.00,0xEE,0,0
13740,12.8,15.0,2.2,4014,0,-0.6,6714,36.6,9,48.6,0,1,6684,2,0.00,0xEE,0,0
13771,12.8,15.0,2.2,4010,0,-0.5,6715,36.9,9,48.6,0,1,6681,2,0.00,0xEE,0,0
13786,12.8,15.0,2.2,4008,0,-0.3,6650,36.3,0,48.6,0,1,6674,2,0.00,0xEE,0,0
13864,12.8,15.0,2.2,4008,0,-0.3,6717,36.3,84,48.6,0,1,6674,2,0.00,0xEE,0,0
13895,12.8,15.0,2.2,4006,0,-0.3,6717,36.7,9,48.6,0,1,6674,2,0.00,0xEE,0,0
13910,12.9,15.0,2.1,4001,0,-0.1,6651,36.7,9,48.6,0,1,6668,2,0.00,0xEE,0,0
13926,12.9,15.0,2.1,3999,0,0.3,6653,36.8,0,48.6,0,1,6658,2,0.00,0xEE,0,0
13941,12.8,15.0,2.2,3998,0,0.3,6653,36.6,2,48.6,0,1,6659,2,0.00,0xEE,0,0
13972,12.8,15.0,2.2,3999,0,0.2,6717,36.9,4,48.6,0,1,6663,2,0.00,0xEE,0,0
13987,12.8,15.0,2.2,4001,0,-0.0,6715,37.3,6,46.7,0,1,6669,2,0.00,0xEE,0,0
14003,12.7,15.0,2.3,4008,0,-0.3,6653,37.0,7,46.7,0,1,6678,2,0.00,0xEE,0,0
14032,12.6,15.0,2.4,4017,0,-0.8,6651,36.6,9,46.7,0,1,6691,2,0.00,0xEE,0,0
14049,12.7,15.0,2.3,4018,0,-0.8,6717,36.5,9,46.7,0,1,6691,2,0.00,0xEE,0,0
14080,12.9,15.0,2.1,4007,0,-0.3,6717,36.3,9,46.7,0,1,6676,2,0.00,0xEE,0,0
14095,13.1,15.0,1.9,3990,0,0.5,6653,36.4,9,46.7,0,1,6649,2,0.00,0xEE,0,0
14111,13.2,15.0,1.8,3974,0,1.5,6653,36.2,9,46.7,0,1,6621,2,0.00,0xEE,0,0
14128,13.2,15.0,1.8,3961,0,2.7,6717,36.5,1,46.7,0,1,6588,2,0.00,0xEE,0,0
14141,13.1,15.0,1.9,3955,0,2.5,6715,36.7,3,46.7,0,1,6594,2,0.00,0xEE,0,0
14173,13.0,15.0,2.0,3963,0,2.0,6648,37.0,5,46.7,0,1,6610,2,0.00,0xEE,0,0
14188,12.9,15.0,2.1,3976,0,1.3,6647,36.6,7,46.7,0,1,6629,2,0.00,0xEE,0,0
14204,12.9,15.0,2.1,3985,0,0.8,6647,36.5,9,46.7,0,1,6644,2,0.00,0xEE,0,0
14234,13.0,15.0,2.0,3990,0,0.5,6708,36.6,9,46.7,0,1,6654,2,0.00,0xEE,0,0
14249,13.0,15.0,2.0,3992,0,0.2,6708,36.6,9,46.7,0,1,6660,2,0.00,0xEE,0,0
14265,13.0,15.0,2.0,3995,0,0.0,6643,37.1,9,46.7,0,1,6665,2,0.00,0xEE,0,0
14295,13.0,15.0,2.0,3999,0,-0.1,6643,36.5,9,46.7,0,1,6670,2,0.00,0xEE,0,0
14373,13.0,15.0,2.0,3999,0,-0.2,6705,36.5,74,46.7,0,1,6671,2,0.00,0xEE,0,0
14388,13.1,15.0,1.9,3997,0,-0.2,6641,36.4,9,46.7,0,1,6670,2,0.00,0xEE,0,0
14418,13.1,15.0,1.9,3994,0,0.1,6641,36.0,9,46.7,0,1,6662,2,0.00,0xEE,0,0
14434,13.2,15.0,1.8,3990,0,0.4,6641,36.8,9,46.7,0,1,6653,2,0.00,0xEE,0,0
14449,13.2,15.0,1.8,3982,0,0.9,6705,36.3,1,46.7,0,1,6639,2,0.00,0xEE,0,0
14479,13.2,15.0,1.8,3978,0,1.0,6705,36.4,3,46.7,0,1,6636,2,0.00,0xEE,0,0
14495,13.2,15.0,1.8,3977,0,1.1,6640,36.1,5,46.7,0,1,6632,2,0.00,0xEE,0,0
14510,13.2,15.0,1.8,3977,0,1.2,6640,36.5,7,46.7,0,1,6631,2,0.00,0xEE,0,0
14541,13.3,15.0,1.7,3972,0,1.3,6703,36.2,9,46.7,0,1,6626,2,0.00,0xEE,0,0
14557,13.3,15.0,1.7,3968,0,1.5,6702,36.1,9,46.7,0,1,6622,2,0.00,0xEE,0,0
14572,13.4,15.0,1.6,3964,0,1.8,6637,35.9,9,46.7,0,1,6612,2,0.00,0xEE,0,0
14586,13.5,15.0,1.5,3957,0,2.2,6635,35.9,9,46.7,0,1,6599,2,0.00,0xEE,0,0
14617,13.7,15.0,1.3,3949,0,2.7,6635,35.9,9,46.7,0,1,6585,2,0.00,0xEE,0,0
14633,13.7,15.0,1.3,3939,0,3.3,6697,35.9,0,46.7,0,1,6567,2,0.00,0xEE,0,0
14648,13.8,15.0,1.2,3933,0,3.3,6696,35.8,2,46.7,0,1,6565,2,0.00,0xEE,0,0
14679,13.8,15.0,1.2,3936,0,3.2,6628,36.0,4,46.7,0,1,6568,2,0.00,0xEE,0,0
14694,13.8,15.0,1.2,3939,0,3.0,6625,35.6,6,46.7,0,1,6572,2,0.00,0xEE,0,0
14710,13.9,15.0,1.1,3938,0,2.9,6685,35.6,8,46.7,0,1,6575,2,0.00,0xEE,0,0
14740,14.0,15.0,1.0,3936,0,3.0,6685,36.0,9,46.7,0,1,6573,2,0.00,0xEE,0,0
14756,13.9,15.0,1.1,3939,0,2.7,6618,36.1,9,46.7,0,1,6582,2,0.00,0xEE,0,0
14771,13.8,15.0,1.2,3954,0,1.9,6615,35.5,9,46.7,0,1,6604,2,0.00,0xEE,0,0
14786,13.6,15.0,1.4,3974,0,0.9,6613,36.0,9,46.7,0,1,6634,2,0.00,0xEE,0,0
14878,13.8,15.0,1.2,3978,0,0.5,6675,35.4,73,46.7,0,1,6644,2,0.00,0xEE,0,0
14893,14.0,15.0,1.0,3977,0,0.5,6675,35.3,8,46.7,0,1,6641,2,0.00,0xEE,0,0
14923,14.2,15.0,0.8,3968,0,1.1,6609,35.7,9,46.7,0,1,6624,2,0.00,0xEE,0,0
14939,14.3,15.0,0.7,3959,0,1.6,6609,35.2,9,46.7,0,1,6607,2,0.00,0xEE,0,0
14954,14.3,15.0,0.7,3950,0,2.1,6672,35.3,9,46.7,0,1,6594,2,0.00,0xEE,0,0
14985,14.3,15.0,0.7,3942,0,2.4,6672,35.9,0,46.7,0,1,6586,2,0.00,0xEE,0,0
14999,14.1,15.0,0.9,3953,0,1.9,6606,35.7,2,47.6,0,1,6601,2,0.00,0xEE,0,0
15015,14.0,15.0,1.0,3967,0,1.1,6605,35.7,4,47.6,0,1,6625,2,0.00,0xEE,0,0
15030,13.9,15.0,1.1,3983,0,0.2,6605,35.7,6,47.6,0,1,6651,2,0.00,0xEE,0,0
15061,13.9,15.0,1.1,3994,0,-0.5,6668,35.4,8,47.6,0,1,6671,2,0.00,0xEE,0,0
15077,13.9,15.0,1.1,4003,0,-1.1,6666,35.7,9,47.6,0,1,6686,2,0.00,0xEE,0,0
15092,13.9,15.0,1.1,4012,0,-1.4,6603,35.7,9,47.6,0,1,6697,2,0.00,0xEE,0,0
15123,13.9,15.0,1.1,4017,0,-1.7,6603,35.4,9,47.6,0,1,6704,2,0.00,0xEE,0,0
15138,13.9,15.0,1.1,4021,0,-1.8,6669,35.9,9,47.6,0,1,6707,2,0.00,0xEE,0,0
15153,13.9,15.0,1.1,4020,0,-1.8,6671,35.7,9,47.6,0,1,6707,2,0.00,0xEE,0,0
15184,14.0,15.0,1.0,4011,0,-1.4,6672,35.5,1,47.6,0,1,6694,2,0.00,0xEE,0,0
15199,14.1,15.0,0.9,4004,0,-0.9,6609,36.0,3,47.6,0,1,6679,2,0.00,0xEE,0,0
15214,14.1,15.0,0.9,3996,0,-0.3,6612,35.6,5,47.6,0,1,6664,2,0.00,0xEE,0,0
15230,14.1,15.0,0.9,3989,0,0.0,6675,35.1,7,47.6,0,1,6654,2,0.00,0xEE,0,0
15261,14.0,15.0,1.0,3984,0,0.2,6677,35.6,9,47.6,0,1,6649,2,0.00,0xEE,0,0
15276,14.0,15.0,1.0,3980,0,0.4,6612,36.0,9,47.6,0,1,6645,2,0.00,0xEE,0,0
15292,14.0,15.0,1.0,3980,0,0.5,6612,35.4,9,47.6,0,1,6642,2,0.00,0xEE,0,0
15385,13.9,15.0,1.1,3987,0,0.2,6675,36.0,73,47.6,0,1,6652,2,0.00,0xEE,0,0
15400,13.8,15.0,1.2,3989,0,0.0,6675,36.1,8,47.6,0,1,6658,2,0.00,0xEE,0,0
15416,13.6,15.0,1.4,4005,0,-0.8,6677,35.6,9,47.6,0,1,6683,2,0.00,0xEE,0,0
15447,13.6,15.0,1.4,4018,0,-1.4,6613,36.0,9,47.6,0,1,6701,2,0.00,0xEE,0,0
15463,13.8,15.0,1.2,4020,0,-1.5,6612,35.6,9,47.6,0,1,6702,2,0.00,0xEE,0,0
15479,13.8,15.0,1.2,4019,0,-1.5,6680,36.1,9,47.6,0,1,6702,2,0.00,0xEE,0,0
15495,13.7,15.0,1.3,4018,0,-1.5,6680,36.2,9,47.6,0,1,6702,2,0.00,0xEE,0,0
15526,13.5,15.0,1.5,4030,0,-2.1,6616,35.6,1,47.6,0,1,6720,2,0.00,0xEE,0,0
15541,13.6,15.0,1.4,4031,0,-2.0,6619,36.4,3,47.6,0,1,6719,2,0.00,0xEE,0,0
15556,13.7,15.0,1.3,4027,0,-1.7,6621,35.9,5,47.6,0,1,6710,2,0.00,0xEE,0,0
15587,13.7,15.0,1.3,4017,0,-1.3,6687,35.5,7,47.6,0,1,6698,2,0.00,0xEE,0,0
15602,13.7,15.0,1.3,4007,0,-0.8,6688,36.0,9,47.6,0,1,6684,2,0.00,0xEE,0,0
15618,13.7,15.0,1.3,4002,0,-0.4,6626,35.9,9,47.6,0,1,6672,2,0.00,0xEE,0,0
15649,13.7,15.0,1.3,3997,0,-0.0,6628,35.4,9,47.6,0,1,6661,2,0.00,0xEE,0,0
15665,13.7,15.0,1.3,3990,0,0.2,6693,35.9,9,47.6,0,1,6653,2,0.00,0xEE,0,0
15680,13.7,15.0,1.3,3985,0,0.5,6693,36.3,9,47.6,0,1,6647,2,0.00,0xEE,0,0
15696,13.6,15.0,1.4,3985,0,0.2,6628,35.6,0,47.6,0,1,6655,2,0.00,0xEE,0,0
15727,13.6,15.0,1.4,3994,0,0.1,6628,35.9,2,47.6,0,1,6660,2,0.00,0xEE,0,0
15742,13.7,15.0,1.3,3994,0,0.1,6626,36.2,4,47.6,0,1,6659,2,0.00,0xEE,0,0
15758,13.7,15.0,1.3,3989,0,0.3,6690,35.9,6,47.6,0,1,6653,2,0.00,0xEE,0,0
15789,13.6,15.0,1.4,3991,0,0.2,6690,36.2,8,47.6,0,1,6657,2,0.00,0xEE,0,0
15805,13.6,15.0,1.4,3996,0,-0.0,6625,36.0,9,47.6,0,1,6663,2,0.00,0xEE,0,0
15883,13.5,15.0,1.5,4001,0,-0.3,6691,35.2,74,47.6,0,1,6670,2,0.00,0xEE,0,0
15914,13.9,15.0,1.1,3987,0,0.4,6691,35.6,6,47.6,0,1,6648,2,0.00,0xEE,0,0
15930,14.0,15.0,1.0,3973,0,1.1,6693,35.9,8,47.6,0,1,6627,2,0.00,0xEE,0,0
15945,14.0,15.0,1.0,3965,0,1.6,6626,35.7,9,47.6,0,1,6613,2,0.00,0xEE,0,0
15960,13.9,15.0,1.1,3966,0,1.7,6625,36.0,9,47.6,0,1,6612,2,0.00,0xEE,0,0
15990,13.9,15.0,1.1,3965,0,1.7,6690,35.7,9,47.6,0,1,6613,2,0.00,0xEE,0,0
16005,13.8,15.0,1.2,3967,0,1.5,6687,35.8,9,48.5,0,1,6618,2,0.00,0xEE,0,0
16020,13.9,15.0,1.1,3969,0,1.3,6622,35.8,9,48.5,0,1,6622,2,0.00,0xEE,0,0
16051,13.8,15.0,1.2,3976,0,0.8,6623,35.8,1,48.5,0,1,6637,2,0.00,0xEE,0,0
16066,13.7,15.0,1.3,3992,0,0.2,6685,36.3,3,48.5,0,1,6656,2,0.00,0xEE,0,0
16081,13.7,15.0,1.3,4000,0,-0.4,6685,35.9,5,48.5,0,1,6672,2,0.00,0xEE,0,0
16112,13.6,15.0,1.4,4008,0,-0.9,6685,35.8,7,48.5,0,1,6687,2,0.00,0xEE,0,0
16143,13.8,15.0,1.2,4010,0,-0.9,6622,35.6,9,48.5,0,1,6687,2,0.00,0xEE,0,0
16143,13.8,15.0,1.2,4008,0,-0.7,6622,35.7,9,48.5,0,1,6681,2,0.00,0xEE,0,0
16173,13.9,15.0,1.1,4002,0,-0.4,6688,35.8,9,48.5,0,1,6670,2,0.00,0xEE,0,0
16189,13.9,15.0,1.1,3995,0,-0.1,6690,35.9,9,48.5,0,1,6661,2,0.00,0xEE,0,0
16205,13.9,15.0,1.1,3991,0,0.1,6628,35.7,9,48.5,0,1,6657,2,0.00,0xEE,0,0
16221,13.9,15.0,1.1,3990,0,0.4,6629,36.3,0,48.5,0,1,6648,2,0.00,0xEE,0,0
16267,13.7,15.0,1.3,3994,0,0.1,6629,36.4,2,48.5,0,1,6659,2,0.00,0xEE,0,0
16267,13.5,15.0,1.5,4007,0,-0.7,6693,35.9,4,48.5,0,1,6683,2,0.00,0xEE,0,0
16283,13.3,15.0,1.7,4024,0,-1.7,6691,36.2,6,48.5,0,1,6713,2,0.00,0xEE,0,0
16314,13.4,15.0,1.6,4037,0,-2.3,6628,36.2,8,48.5,0,1,6731,2,0.00,0xEE,0,0
16390,13.4,15.0,1.6,4043,0,-2.6,6700,36.4,74,48.5,0,1,6739,2,0.00,0xEE,0,0
16406,13.4,15.0,1.6,4035,0,-2.2,6703,36.2,4,48.5,0,1,6727,2,0.00,0xEE,0,0
16436,13.4,15.0,1.6,4029,0,-1.8,6641,36.2,6,48.5,0,1,6715,2,0.00,0xEE,0,0
16451,13.4,15.0,1.6,4024,0,-1.4,6644,36.3,8,48.5,0,1,6704,2,0.00,0xEE,0,0
16466,13.4,15.0,1.6,4020,0,-1.0,6644,36.3,9,48.5,0,1,6695,2,0.00,0xEE,0,0
16498,13.3,15.0,1.7,4015,0,-0.8,6709,36.6,9,48.5,0,1,6690,2,0.00,0xEE,0,0
16514,13.3,15.0,1.7,4011,0,-0.7,6712,36.0,9,48.5,0,1,6686,2,0.00,0xEE,0,0
16529,13.2,15.0,1.8,4015,0,-0.8,6648,36.7,9,48.5,0,1,6691,2,0.00,0xEE,0,0
16545,13.2,15.0,1.8,4019,0,-1.0,6648,36.4,9,48.5,0,1,6695,2,0.00,0xEE,0,0
16577,13.3,15.0,1.7,4013,0,-0.7,6714,36.1,1,48.5,0,1,6688,2,0.00,0xEE,0,0
16592,13.4,15.0,1.6,4001,0,-0.2,6714,36.2,3,48.5,0,1,6670,2,0.00,0xEE,0,0
16607,13.5,15.0,1.5,3989,0,0.6,6650,36.1,5,48.5,0,1,6649,2,0.00,0xEE,0,0
16638,13.5,15.0,1.5,3983,0,1.1,6650,36.5,7,48.5,0,1,6636,2,0.00,0xEE,0,0
16654,13.4,15.0,1.6,3976,0,1.3,6715,36.2,9,48.5,0,1,6630,2,0.00,0xEE,0,0
16670,13.4,15.0,1.6,3976,0,1.2,6714,36.3,9,48.5,0,1,6632,2,0.00,0xEE,0,0
16686,13.4,15.0,1.6,3976,0,1.2,6712,36.1,9,48.5,0,1,6635,2,0.00,0xEE,0,0
16717,13.3,15.0,1.7,3982,0,0.9,6648,36.3,9,48.5,0,1,6641,2,0.00,0xEE,0,0
16733,13.4,15.0,1.6,3983,0,0.9,6647,35.7,9,48.5,0,1,6642,2,0.00,0xEE,0,0
16764,13.6,15.0,1.4,3980,0,1.2,6711,36.7,0,48.5,0,1,6630,2,0.00,0xEE,0,0
16764,13.5,15.0,1.5,3972,0,1.3,6709,36.2,2,48.5,0,1,6628,2,0.00,0xEE,0,0
16794,13.5,15.0,1.5,3977,0,1.1,6644,36.1,4,48.5,0,1,6634,2,0.00,0xEE,0,0
16810,13.4,15.0,1.6,3983,0,0.9,6643,36.0,6,48.5,0,1,6642,2,0.00,0xEE,0,0
16889,13.4,15.0,1.6,3980,0,0.9,6703,36.0,83,48.5,0,1,6642,2,0.00,0xEE,0,0
16905,13.5,15.0,1.5,3980,0,0.8,6638,36.4,9,48.5,0,1,6644,2,0.00,0xEE,0,0
16936,13.5,15.0,1.5,3983,0,0.6,6638,36.0,9,48.5,0,1,6647,2,0.00,0xEE,0,0
16951,13.6,15.0,1.4,3985,0,0.6,6702,36.0,9,48.5,0,1,6649,2,0.00,0xEE,0,0
16967,13.7,15.0,1.3,3984,0,0.7,6700,35.9,0,48.5,0,1,6646,2,0.00,0xEE,0,0
16982,13.7,15.0,1.3,3979,0,0.8,6637,36.0,2,48.5,0,1,6643,2,0.00,0xEE,0,0
17014,13.7,15.0,1.3,3978,0,0.9,6634,35.8,4,48.0,0,1,6638,2,0.00,0xEE,0,0
17029,13.7,15.0,1.3,3980,0,0.9,6634,36.5,6,48.0,0,1,6640,2,0.00,0xEE,0,0
17044,13.6,15.0,1.4,3983,0,0.6,6697,36.1,7,48.0,0,1,6647,2,0.00,0xEE,0,0
17076,13.5,15.0,1.5,3989,0,0.2,6696,36.1,9,48.0,0,1,6659,2,0.00,0xEE,0,0
17091,13.5,15.0,1.5,3995,0,-0.2,6631,36.0,9,48.0,0,1,6671,2,0.00,0xEE,0,0
17107,13.5,15.0,1.5,4002,0,-0.5,6631,36.3,9,48.0,0,1,6680,2,0.00,0xEE,0,0
17123,13.5,15.0,1.5,4006,0,-0.6,6693,35.7,9,48.0,0,1,6684,2,0.00,0xEE,0,0
17154,13.6,15.0,1.4,4005,0,-0.6,6694,36.0,9,48.0,0,1,6683,2,0.00,0xEE,0,0
17170,13.8,15.0,1.2,3997,0,0.3,6632,35.4,1,48.0,0,1,6654,2,0.00,0xEE,0,0
17185,13.9,15.0,1.1,3975,0,1.0,6631,35.7,3,48.0,0,1,6633,2,0.00,0xEE,0,0
17215,14.0,15.0,1.0,3966,0,1.6,6631,35.6,5,48.0,0,1,6616,2,0.00,0xEE,0,0
17230,14.0,15.0,1.0,3957,0,2.0,6694,36.1,7,48.0,0,1,6605,2,0.00,0xEE,0,0
17245,14.0,15.0,1.0,3951,0,2.3,6694,35.6,8,48.0,0,1,6596,2,0.00,0xEE,0,0
17275,14.0,15.0,1.0,3947,0,2.4,6628,35.6,9,48.0,0,1,6592,2,0.00,0xEE,0,0
17291,14.0,15.0,1.0,3947,0,2.5,6628,35.9,9,48.0,0,1,6590,2,0.00,0xEE,0,0
17306,14.0,15.0,1.0,3949,0,2.4,6690,35.4,9,48.0,0,1,6592,2,0.00,0xEE,0,0
17398,14.1,15.0,0.9,3946,0,2.3,6616,35.5,75,48.0,0,1,6594,2,0.00,0xEE,0,0
17413,14.1,15.0,0.9,3950,0,2.2,6615,35.5,8,48.0,0,1,6597,2,0.00,0xEE,0,0
17429,14.1,15.0,0.9,3958,0,1.8,6677,35.6,9,48.0,0,1,6609,2,0.00,0xEE,0,0
17461,14.1,15.0,0.9,3964,0,1.4,6677,35.2,9,48.0,0,1,6621,2,0.00,0xEE,0,0
17477,14.1,15.0,0.9,3972,0,0.9,6675,35.8,9,48.0,0,1,6635,2,0.00,0xEE,0,0
17493,14.2,15.0,0.8,3979,0,0.3,6609,35.4,1,48.0,0,1,6651,2,0.00,0xEE,0,0
17509,14.2,15.0,0.8,3984,0,0.3,6607,35.4,3,48.0,0,1,6650,2,0.00,0xEE,0,0
17540,14.2,15.0,0.8,3986,0,0.2,6672,35.6,5,48.0,0,1,6651,2,0.00,0xEE,0,0
17556,14.2,15.0,0.8,3985,0,0.2,6672,35.3,6,48.0,0,1,6652,2,0.00,0xEE,0,0
17571,14.2,15.0,0.8,3986,0,0.1,6607,35.5,8,48.0,0,1,6656,2,0.00,0xEE,0,0
17602,14.2,15.0,0.8,3987,0,0.1,6607,35.0,9,48.0,0,1,6657,2,0.00,0xEE,0,0
17617,14.2,15.0,0.8,3990,0,-0.0,6607,35.6,9,48.0,0,1,6660,2,0.00,0xEE,0,0
17633,14.2,15.0,0.8,3992,0,-0.2,6674,36.0,9,48.0,0,1,6665,2,0.00,0xEE,0,0
17648,14.1,15.0,0.9,3998,0,-0.6,6674,35.5,9,48.0,0,1,6677,2,0.00,0xEE,0,0
17680,14.2,15.0,0.8,4004,0,-0.6,6609,35.1,0,48.0,0,1,6676,2,0.00,0xEE,0,0
17695,14.4,15.0,0.6,3998,0,0.0,6610,36.1,2,48.0,0,1,6655,2,0.00,0xEE,0,0
17710,14.4,15.0,0.6,3980,0,0.5,6677,35.6,3,48.0,0,1,6643,2,0.00,0xEE,0,0
17741,14.2,15.0,0.8,3982,0,0.4,6675,35.3,5,48.0,0,1,6648,2,0.00,0xEE,0,0
17756,14.0,15.0,1.0,3991,0,-0.1,6677,36.0,7,48.0,0,1,6665,2,0.00,0xEE,0,0
17771,14.1,15.0,0.9,3998,0,-0.5,6612,35.5,9,48.0,0,1,6674,2,0.00,0xEE,0,0
17787,14.1,15.0,0.9,4004,0,-0.7,6613,35.6,9,48.0,0,1,6681,2,0.00,0xEE,0,0
17818,14.1,15.0,0.9,4006,0,-0.8,6680,35.3,9,48.0,0,1,6682,2,0.00,0xEE,0,0
17895,14.1,15.0,0.9,4006,0,-0.9,6618,35.6,66,48.0,0,1,6685,2,0.00,0xEE,0,0
17910,14.0,15.0,1.0,4007,0,-0.8,6619,35.1,1,48.0,0,1,6685,2,0.00,0xEE,0,0
17925,14.1,15.0,0.9,4003,0,-0.7,6683,35.5,3,48.0,0,1,6680,2,0.00,0xEE,0,0
17956,14.1,15.0,0.9,3998,0,-0.4,6684,35.7,5,48.0,0,1,6673,2,0.00,0xEE,0,0
17973,14.1,15.0,0.9,3992,0,-0.1,6619,35.3,7,48.0,0,1,6664,2,0.00,0xEE,0,0
17988,14.1,15.0,0.9,3991,0,0.0,6619,35.6,9,48.0,0,1,6660,2,0.00,0xEE,0,0
18018,14.1,15.0,0.9,3990,0,0.1,6619,35.5,9,48.8,0,1,6656,2,0.00,0xEE,0,0
18034,14.1,15.0,0.9,3987,0,0.2,6684,35.1,9,48.8,0,1,6654,2,0.00,0xEE,0,0
18049,14.2,15.0,0.8,3982,0,0.5,6684,35.4,9,48.8,0,1,6646,2,0.00,0xEE,0,0
18080,14.3,15.0,0.7,3974,0,1.0,6621,35.0,9,48.8,0,1,6630,2,0.00,0xEE,0,0
18110,14.4,15.0,0.6,3967,0,2.0,6619,35.1,0,48.8,0,1,6601,2,0.00,0xEE,0,0
18110,14.4,15.0,0.6,3955,0,2.2,6684,35.2,2,48.8,0,1,6595,2,0.00,0xEE,0,0
18125,14.5,15.0,0.5,3948,0,2.5,6683,35.6,4,48.8,0,1,6587,2,0.00,0xEE,0,0
18156,14.4,15.0,0.6,3946,0,2.5,6680,35.0,6,48.8,0,1,6587,2,0.00,0xEE,0,0
18171,14.4,15.0,0.6,3951,0,2.3,6615,35.3,8,48.8,0,1,6593,2,0.00,0xEE,0,0
18186,14.5,15.0,0.5,3954,0,2.2,6613,34.9,9,48.8,0,1,6596,2,0.00,0xEE,0,0
18216,14.5,15.0,0.5,3955,0,2.0,6674,35.2,9,48.8,0,1,6601,2,0.00,0xEE,0,0
18232,14.5,15.0,0.5,3956,0,1.8,6674,35.7,9,48.8,0,1,6606,2,0.00,0xEE,0,0
18248,14.3,15.0,0.7,3971,0,1.0,6607,35.8,9,48.8,0,1,6632,2,0.00,0xEE,0,0
18279,14.1,15.0,0.9,3993,0,-0.2,6607,35.1,9,48.8,0,1,6666,2,0.00,0xEE,0,0
18295,14.1,15.0,0.9,4026,0,-2.1,6607,35.2,1,48.8,0,1,6719,2,0.00,0xEE,0,0
18310,14.2,15.0,0.8,4027,0,-2.2,6672,35.4,3,48.8,0,1,6720,2,0.00,0xEE,0,0
18403,14.2,15.0,0.8,4030,0,-2.2,6615,35.4,90,48.8,0,1,6720,2,0.00,0xEE,0,0
18419,14.3,15.0,0.7,4028,0,-1.4,6683,35.5,1,48.8,0,1,6698,2,0.00,0xEE,0,0
18434,14.3,15.0,0.7,4006,0,-0.8,6683,35.1,3,48.8,0,1,6680,2,0.00,0xEE,0,0
18464,14.2,15.0,0.8,3999,0,-0.4,6684,35.5,5,48.8,0,1,6671,2,0.00,0xEE,0,0
18480,14.2,15.0,0.8,3997,0,-0.2,6621,35.6,7,48.8,0,1,6665,2,0.00,0xEE,0,0
18496,14.1,15.0,0.9,3999,0,-0.2,6622,35.2,9,48.8,0,1,6665,2,0.00,0xEE,0,0
18511,14.2,15.0,0.8,3995,0,0.0,6688,35.3,9,48.8,0,1,6659,2,0.00,0xEE,0,0
18542,14.3,15.0,0.7,3986,0,0.4,6688,35.2,9,48.8,0,1,6646,2,0.00,0xEE,0,0
18558,14.4,15.0,0.6,3974,0,1.0,6625,35.1,9,48.8,0,1,6629,2,0.00,0xEE,0,0
18574,14.5,15.0,0.5,3965,0,1.6,6626,34.8,9,48.8,0,1,6612,2,0.00,0xEE,0,0
18605,14.5,15.0,0.5,3957,0,2.4,6691,35.4,0,48.8,0,1,6588,2,0.00,0xEE,0,0
18621,14.4,15.0,0.6,3951,0,2.3,6690,35.4,2,48.8,0,1,6592,2,0.00,0xEE,0,0
18637,14.3,15.0,0.7,3958,0,1.9,6690,34.6,4,48.8,0,1,6606,2,0.00,0xEE,0,0
18652,14.4,15.0,0.6,3965,0,1.5,6623,35.0,6,48.8,0,1,6616,2,0.00,0xEE,0,0
18684,14.5,15.0,0.5,3963,0,1.5,6622,35.0,8,48.8,0,1,6615,2,0.00,0xEE,0,0
18699,14.7,15.0,0.3,3959,0,1.7,6687,34.9,9,48.8,0,1,6606,2,0.00,0xEE,0,0
18715,14.7,15.0,0.3,3955,0,1.8,6687,35.1,9,48.8,0,1,6603,2,0.00,0xEE,0,0
18745,14.7,15.0,0.3,3954,0,1.8,6619,35.0,9,48.8,0,1,6603,2,0.00,0xEE,0,0
18761,14.6,15.0,0.4,3959,0,1.7,6618,35.1,9,48.8,0,1,6608,2,0.00,0xEE,0,0
18777,14.6,15.0,0.4,3964,0,1.4,6618,35.0,9,48.8,0,1,6615,2,0.00,0xEE,0,0
18792,14.6,15.0,0.4,3968,0,0.8,6680,35.1,1,48.8,0,1,6634,2,0.00,0xEE,0,0
18823,14.5,15.0,0.5,3979,0,0.4,6680,34.7,3,48.8,0,1,6645,2,0.00,0xEE,0,0
18900,14.5,15.0,0.5,3981,0,0.4,6613,34.7,87,48.8,0,1,6645,2,0.00,0xEE,0,0
18916,14.5,15.0,0.5,3984,0,0.3,6612,35.5,9,48.8,0,1,6647,2,0.00,0xEE,0,0
18948,14.6,15.0,0.4,3989,0,-0.2,6677,35.1,0,48.8,0,1,6660,2,0.00,0xEE,0,0
18963,14.6,15.0,0.4,3993,0,-0.3,6677,35.6,2,48.8,0,1,6664,2,0.00,0xEE,0,0
18978,14.5,15.0,0.5,3996,0,-0.5,6613,35.1,4,48.8,0,1,6670,2,0.00,0xEE,0,0
19009,14.5,15.0,0.5,4000,0,-0.6,6613,35.1,6,47.0,0,1,6674,2,0.00,0xEE,0,0
19024,14.5,15.0,0.5,4002,0,-0.7,6615,34.6,8,47.0,0,1,6676,2,0.00,0xEE,0,0
19040,14.5,15.0,0.5,4000,0,-0.7,6678,35.2,9,47.0,0,1,6677,2,0.00,0xEE,0,0
19056,14.6,15.0,0.4,3996,0,-0.5,6680,34.9,9,47.0,0,1,6670,2,0.00,0xEE,0,0
19086,14.6,15.0,0.4,3993,0,-0.4,6616,35.3,9,47.0,0,1,6668,2,0.00,0xEE,0,0
19101,14.5,15.0,0.5,3997,0,-0.5,6616,35.6,9,47.0,0,1,6671,2,0.00,0xEE,0,0
19117,14.3,15.0,0.7,4009,0,-1.1,6681,35.5,9,47.0,0,1,6689,2,0.00,0xEE,0,0
19148,14.2,15.0,0.8,4020,0,-2.1,6681,35.1,1,47.0,0,1,6718,2,0.00,0xEE,0,0
19163,14.4,15.0,0.6,4021,0,-1.9,6618,34.9,3,47.0,0,1,6711,2,0.00,0xEE,0,0
19178,14.5,15.0,0.5,4010,0,-1.2,6621,35.0,5,47.0,0,1,6691,2,0.00,0xEE,0,0
19209,14.6,15.0,0.4,3998,0,-0.5,6622,35.5,6,47.0,0,1,6668,2,0.00,0xEE,0,0
19225,14.7,15.0,0.3,3984,0,0.3,6688,34.9,8,47.0,0,1,6648,2,0.00,0xEE,0,0
19240,14.7,15.0,0.3,3972,0,0.9,6690,34.9,9,47.0,0,1,6629,2,0.00,0xEE,0,0
19256,14.7,15.0,0.3,3962,0,1.5,6623,35.0,9,47.0,0,1,6613,2,0.00,0xEE,0,0
19288,14.8,15.0,0.2,3956,0,1.9,6623,34.9,9,47.0,0,1,6600,2,0.00,0xEE,0,0
19304,14.8,15.0,0.2,3952,0,2.2,6687,34.6,9,47.0,0,1,6592,2,0.00,0xEE,0,0
19319,14.9,15.0,0.1,3947,0,2.5,6684,34.4,0,47.0,0,1,6582,2,0.00,0xEE,0,0
19413,14.9,15.0,0.1,3943,0,2.5,6613,34.4,84,47.0,0,1,6582,2,0.00,0xEE,0,0
19429,15.0,15.0,-0.0,3942,0,2.5,6612,34.4,8,47.0,0,1,6579,2,0.00,0xEE,0,0
19444,15.2,15.0,-0.2,3936,0,2.8,6609,35.0,9,47.0,0,1,6569,2,0.00,0xEE,0,0
19460,15.1,15.0,-0.1,3939,0,2.6,6672,35.1,9,47.0,0,1,6577,2,0.00,0xEE,0,0
19490,14.6,15.0,0.4,3954,0,0.3,6671,35.0,1,47.0,0,1,6649,2,0.00,0xEE,0,0
19506,14.6,15.0,0.4,3998,0,-0.9,6603,34.6,3,47.0,0,1,6681,2,0.00,0xEE,0,0
19521,14.8,15.0,0.2,4007,0,-1.3,6603,34.6,5,47.0,0,1,6692,2,0.00,0xEE,0,0
19551,14.9,15.0,0.1,4005,0,-1.2,6669,34.3,7,47.0,0,1,6686,2,0.00,0xEE,0,0
19566,15.1,15.0,-0.1,3995,0,-0.7,6669,34.7,8,47.0,0,1,6670,2,0.00,0xEE,0,0
19583,15.0,15.0,-0.0,3989,0,-0.3,6671,35.0,9,47.0,0,1,6660,2,0.00,0xEE,0,0
19614,15.0,15.0,0.0,3987,0,-0.1,6606,34.3,9,47.0,0,1,6654,2,0.00,0xEE,0,0
19630,15.0,15.0,-0.0,3983,0,0.2,6607,34.5,9,47.0,0,1,6646,2,0.00,0xEE,0,0
19645,15.1,15.0,-0.1,3978,0,0.5,6672,34.6,9,47.0,0,1,6635,2,0.00,0xEE,0,0
19660,15.2,15.0,-0.2,3966,0,1.3,6672,34.5,0,47.0,0,1,6613,2,0.00,0xEE,0,0
19692,15.2,15.0,-0.2,3961,0,1.5,6609,34.8,2,47.0,0,1,6608,2,0.00,0xEE,0,0
19707,15.1,15.0,-0.1,3962,0,1.3,6609,35.0,4,47.0,0,1,6614,2,0.00,0xEE,0,0
19724,15.0,15.0,0.0,3971,0,0.8,6609,34.3,5,47.0,0,1,6628,2,0.00,0xEE,0,0
19739,14.8,15.0,0.2,3985,0,-0.0,6671,35.0,7,47.0,0,1,6654,2,0.00,0xEE,0,0
19771,14.9,15.0,0.1,3992,0,-0.5,6671,34.6,9,47.0,0,1,6668,2,0.00,0xEE,0,0
19786,14.8,15.0,0.2,4001,0,-1.1,6606,35.0,9,47.0,0,1,6684,2,0.00,0xEE,0,0
19802,14.8,15.0,0.2,4010,0,-1.5,6607,35.0,9,47.0,0,1,6695,2,0.00,0xEE,0,0
19833,14.7,15.0,0.3,4024,0,-2.0,6672,34.8,9,47.0,0,1,6712,2,0.00,0xEE,0,0
19911,14.7,15.0,0.3,4028,0,-2.3,6680,34.9,74,47.0,0,1,6720,2,0.00,0xEE,0,0
19927,14.7,15.0,0.3,4028,0,-2.2,6618,35.0,9,47.0,0,1,6717,2,0.00,0xEE,0,0
19959,14.7,15.0,0.3,4023,0,-1.8,6619,35.0,9,47.0,0,1,6706,2,0.00,0xEE,0,0
19975,14.7,15.0,0.3,4015,0,-1.5,6685,35.1,9,47.0,0,1,6697,2,0.00,0xEE,0,0
19991,14.7,15.0,0.3,4010,0,-1.3,6687,34.8,9,47.0,0,1,6691,2,0.00,0xEE,0,0
20007,14.7,15.0,0.3,4007,0,-0.8,6623,34.9,1,47.0,0,1,6678,2,0.00,0xEE,0,0
20039,14.7,15.0,0.3,3997,0,-0.5,6623,34.8,2,47.0,0,1,6667,2,0.00,0xEE,0,0
20055,14.8,15.0,0.2,3990,0,0.0,6623,35.1,4,47.0,0,1,6653,2,0.00,0xEE,0,0
20071,14.7,15.0,0.3,3984,0,0.3,6688,35.0,6,47.0,0,1,6645,2,0.00,0xEE,0,0
20087,14.7,15.0,0.3,3983,0,0.4,6688,35.1,8,47.0,0,1,6645,2,0.00,0xEE,0,0
20118,14.6,15.0,0.4,3985,0,0.3,6623,34.7,9,47.0,0,1,6647,2,0.00,0xEE,0,0
20133,14.7,15.0,0.3,3986,0,0.3,6625,34.9,9,47.0,0,1,6646,2,0.00,0xEE,0,0
20149,14.8,15.0,0.2,3978,0,0.7,6688,34.6,9,47.0,0,1,6635,2,0.00,0xEE,0,0
20164,14.9,15.0,0.1,3967,0,1.2,6688,34.7,9,47.0,0,1,6620,2,0.00,0xEE,0,0
20195,15.0,15.0,0.0,3957,0,1.7,6688,35.2,9,47.0,0,1,6605,2,0.00,0xEE,0,0
20211,14.8,15.0,0.2,3959,0,1.7,6623,34.5,1,47.0,0,1,6606,2,0.00,0xEE,0,0
20227,14.9,15.0,0.1,3960,0,1.7,6623,34.5,3,47.0,0,1,6606,2,0.00,0xEE,0,0
20258,15.0,15.0,-0.0,3953,0,1.9,6687,34.6,5,47.0,0,1,6597,2,0.00,0xEE,0,0
20273,15.1,15.0,-0.1,3945,0,2.3,6683,34.7,7,47.0,0,1,6586,2,0.00,0xEE,0,0
20289,15.1,15.0,-0.1,3946,0,2.3,6618,34.4,9,47.0,0,1,6584,2,0.00,0xEE,0,0
20305,15.0,15.0,-0.0,3951,0,2.1,6615,35.0,9,47.0,0,1,6591,2,0.00,0xEE,0,0
20336,14.9,15.0,0.1,3963,0,1.5,6678,35.1,9,47.0,0,1,6610,2,0.00,0xEE,0,0
20412,14.8,15.0,0.2,3977,0,0.6,6674,34.3,73,47.0,0,1,6638,2,0.00,0xEE,0,0
20428,14.7,15.0,0.3,3981,0,0.3,6607,35.0,8,47.0,0,1,6646,2,0.00,0xEE,0,0
20459,14.8,15.0,0.2,3990,0,-0.2,6607,34.5,9,47.0,0,1,6658,2,0.00,0xEE,0,0
20475,15.0,15.0,0.0,3989,0,-0.1,6607,34.5,9,47.0,0,1,6654,2,0.00,0xEE,0,0
20490,15.2,15.0,-0.2,3979,0,0.4,6671,35.0,9,47.0,0,1,6639,2,0.00,0xEE,0,0
20521,15.1,15.0,-0.1,3975,0,0.6,6671,34.7,9,47.0,0,1,6634,2,0.00,0xEE,0,0
20537,15.0,15.0,-0.0,3978,0,0.5,6607,34.5,0,47.0,0,1,6638,2,0.00,0xEE,0,0
20553,15.1,15.0,-0.1,3978,0,0.6,6606,34.6,1,47.0,0,1,6634,2,0.00,0xEE,0,0
20568,15.1,15.0,-0.1,3977,0,0.7,6669,34.7,3,47.0,0,1,6630,2,0.00,0xEE,0,0
20600,15.1,15.0,-0.1,3975,0,0.7,6669,34.0,5,47.0,0,1,6631,2,0.00,0xEE,0,0
20615,15.1,15.0,-0.1,3976,0,0.6,6669,34.6,7,47.0,0,1,6635,2,0.00,0xEE,0,0
20631,15.2,15.0,-0.2,3973,0,0.8,6605,34.2,9,47.0,0,1,6627,2,0.00,0xEE,0,0
20662,15.3,15.0,-0.3,3965,0,1.2,6605,33.9,9,47.0,0,1,6612,2,0.00,0xEE,0,0
20677,15.5,15.0,-0.5,3951,0,1.9,6668,34.5,9,47.0,0,1,6592,2,0.00,0xEE,0,0
20692,15.4,15.0,-0.4,3944,0,2.3,6666,34.3,9,47.0,0,1,6583,2,0.00,0xEE,0,0
20724,15.4,15.0,-0.4,3943,0,2.3,6602,34.4,9,47.0,0,1,6584,2,0.00,0xEE,0,0
20739,15.3,15.0,-0.3,3950,0,1.5,6599,34.4,1,47.0,0,1,6604,2,0.00,0xEE,0,0
20755,15.3,15.0,-0.3,3965,0,1.1,6599,34.3,3,47.0,0,1,6616,2,0.00,0xEE,0,0
20770,15.3,15.0,-0.3,3970,0,0.8,6662,34.0,4,47.0,0,1,6624,2,0.00,0xEE,0,0
20801,15.4,15.0,-0.4,3967,0,0.9,6660,33.8,6,47.0,0,1,6620,2,0.00,0xEE,0,0
20816,15.6,15.0,-0.6,3961,0,1.3,6596,34.8,8,47.0,0,1,6609,2,0.00,0xEE,0,0
20831,15.5,15.0,-0.5,3964,0,1.2,6594,34.6,9,47.0,0,1,6611,2,0.00,0xEE,0,0
20924,15.3,15.0,-0.3,3974,0,0.6,6659,34.2,74,47.0,0,1,6631,2,0.00,0xEE,0,0
20940,15.1,15.0,-0.1,3994,0,-0.5,6659,34.5,7,47.0,0,1,6664,2,0.00,0xEE,0,0
20955,15.1,15.0,-0.1,4003,0,-1.1,6594,34.2,9,47.0,0,1,6679,2,0.00,0xEE,0,0
20986,15.2,15.0,-0.2,4008,0,-1.3,6596,34.4,9,47.0,0,1,6684,2,0.00,0xEE,0,0
21002,15.3,15.0,-0.3,4006,0,-1.1,6596,34.1,9,47.0,0,1,6679,2,0.00,0xEE,0,0
21016,15.4,15.0,-0.4,3995,0,-0.6,6660,33.7,9,48.6,0,1,6663,2,0.00,0xEE,0,0
21047,15.5,15.0,-0.5,3981,0,0.1,6662,34.2,9,48.6,0,1,6642,2,0.00,0xEE,0,0
21063,15.7,15.0,-0.7,3964,0,1.7,6599,34.0,0,48.6,0,1,6593,2,0.00,0xEE,0,0
21079,15.8,15.0,-0.8,3942,0,2.4,6600,34.4,2,48.6,0,1,6576,2,0.00,0xEE,0,0
21095,15.5,15.0,-0.5,3947,0,2.2,6663,34.7,4,48.6,0,1,6583,2,0.00,0xEE,0,0
21125,15.3,15.0,-0.3,3962,0,1.4,6662,34.9,6,48.6,0,1,6609,2,0.00,0xEE,0,0
21140,15.0,15.0,0.0,3988,0,-0.1,6660,34.9,8,48.6,0,1,6655,2,0.00,0xEE,0,0
21155,14.8,15.0,0.2,4018,0,-1.8,6596,34.5,9,48.6,0,1,6703,2,0.00,0xEE,0,0
21186,14.8,15.0,0.2,4042,0,-3.1,6596,34.8,9,48.6,0,1,6739,2,0.00,0xEE,0,0
21202,14.9,15.0,0.1,4051,0,-3.6,6663,34.1,9,48.6,0,1,6753,2,0.00,0xEE,0,0
21217,15.1,15.0,-0.1,4044,0,-3.4,6665,34.3,9,48.6,0,1,6743,2,0.00,0xEE,0,0
21248,15.3,15.0,-0.3,4029,0,-2.5,6605,34.4,9,48.6,0,1,6718,2,0.00,0xEE,0,0
21265,15.4,15.0,-0.4,4014,0,-0.8,6606,34.2,1,48.6,0,1,6668,2,0.00,0xEE,0,0
21279,15.4,15.0,-0.4,3990,0,-0.1,6607,34.4,3,48.6,0,1,6648,2,0.00,0xEE,0,0
21294,15.4,15.0,-0.4,3976,0,0.6,6674,33.9,5,48.6,0,1,6629,2,0.00,0xEE,0,0
21326,15.4,15.0,-0.4,3967,0,1.2,6675,34.2,7,48.6,0,1,6612,2,0.00,0xEE,0,0
21341,15.5,15.0,-0.5,3957,0,1.7,6609,34.4,8,48.6,0,1,6598,2,0.00,0xEE,0,0
21433,15.4,15.0,-0.4,3956,0,1.9,6606,34.3,74,48.6,0,1,6592,2,0.00,0xEE,0,0
21449,15.3,15.0,-0.3,3963,0,1.3,6669,33.8,5,48.6,0,1,6610,2,0.00,0xEE,0,0
21464,15.3,15.0,-0.3,3973,0,0.7,6668,34.7,7,48.6,0,1,6629,2,0.00,0xEE,0,0
21480,15.4,15.0,-0.4,3978,0,0.4,6603,34.1,8,48.6,0,1,6635,2,0.00,0xEE,0,0
21512,15.3,15.0,-0.3,3986,0,0.1,6602,34.4,9,48.6,0,1,6645,2,0.00,0xEE,0,0
21527,15.5,15.0,-0.5,3982,0,0.1,6665,34.0,9,48.6,0,1,6641,2,0.00,0xEE,0,0
21542,15.4,15.0,-0.4,3985,0,-0.1,6665,35.1,9,48.6,0,1,6648,2,0.00,0xEE,0,0
21573,15.5,15.0,-0.5,3983,0,0.0,6666,34.1,9,48.6,0,1,6644,2,0.00,0xEE,0,0
21588,15.5,15.0,-0.5,3989,0,-0.0,6602,33.8,0,48.6,0,1,6646,2,0.00,0xEE,0,0
21604,15.5,15.0,-0.5,3984,0,0.2,6603,34.0,2,48.6,0,1,6640,2,0.00,0xEE,0,0
21619,15.7,15.0,-0.7,3973,0,0.6,6666,34.2,4,48.6,0,1,6625,2,0.00,0xEE,0,0
21650,15.6,15.0,-0.6,3968,0,0.9,6668,34.4,6,48.6,0,1,6618,2,0.00,0xEE,0,0
21666,15.5,15.0,-0.5,3967,0,0.9,6603,34.2,7,48.6,0,1,6619,2,0.00,0xEE,0,0
21681,15.5,15.0,-0.5,3973,0,0.7,6603,34.0,9,48.6,0,1,6626,2,0.00,0xEE,0,0
21712,15.5,15.0,-0.5,3977,0,0.5,6602,34.2,9,48.6,0,1,6631,2,0.00,0xEE,0,0
21728,15.5,15.0,-0.5,3979,0,0.3,6666,34.3,9,48.6,0,1,6637,2,0.00,0xEE,0,0
21744,15.4,15.0,-0.4,3983,0,0.0,6666,34.3,9,48.6,0,1,6644,2,0.00,0xEE,0,0
21760,15.4,15.0,-0.4,3989,0,-0.3,6603,34.2,9,48.6,0,1,6653,2,0.00,0xEE,0,0
21790,15.4,15.0,-0.4,3997,0,-0.7,6603,34.1,1,48.6,0,1,6665,2,0.00,0xEE,0,0
21805,15.4,15.0,-0.4,4001,0,-0.8,6668,34.6,3,48.6,0,1,6667,2,0.00,0xEE,0,0
21821,15.4,15.0,-0.4,4001,0,-0.9,6668,34.4,4,48.6,0,1,6670,2,0.00,0xEE,0,0
21852,15.3,15.0,-0.3,4004,0,-1.1,6669,34.1,6,48.6,0,1,6677,2,0.00,0xEE,0,0
21929,15.3,15.0,-0.3,4004,0,-1.1,6610,34.1,90,48.6,0,1,6677,2,0.00,0xEE,0,0
21944,15.3,15.0,-0.3,4001,0,-0.8,6612,34.2,2,48.6,0,1,6670,2,0.00,0xEE,0,0
21975,15.3,15.0,-0.3,3998,0,-0.7,6678,34.7,4,48.6,0,1,6666,2,0.00,0xEE,0,0
21990,15.2,15.0,-0.2,3999,0,-0.8,6678,34.8,5,48.6,0,1,6670,2,0.00,0xEE,0,0
22005,15.0,15.0,-0.0,4010,0,-1.3,6615,34.2,7,48.6,0,1,6685,2,0.00,0xEE,0,0
22036,15.0,15.0,0.0,4020,0,-1.8,6616,34.7,9,48.6,0,1,6700,2,0.00,0xEE,0,0
22052,15.0,15.0,0.0,4027,0,-2.1,6681,34.9,9,48.6,0,1,6708,2,0.00,0xEE,0,0
22066,14.9,15.0,0.1,4030,0,-2.3,6684,34.8,9,48.6,0,1,6715,2,0.00,0xEE,0,0
22096,14.9,15.0,0.1,4031,0,-2.4,6685,34.8,9,48.6,0,1,6720,2,0.00,0xEE,0,0
22112,14.9,15.0,0.1,4035,0,-2.5,6623,34.3,9,48.6,0,1,6723,2,0.00,0xEE,0,0
22143,15.1,15.0,-0.1,4030,0,-1.6,6623,34.5,1,48.6,0,1,6694,2,0.00,0xEE,0,0
22143,15.2,15.0,-0.2,4003,0,-0.8,6691,35.2,2,48.6,0,1,6669,2,0.00,0xEE,0,0
22190,15.2,15.0,-0.2,3990,0,-0.0,6691,34.4,4,48.6,0,1,6650,2,0.00,0xEE,0,0
22190,15.1,15.0,-0.1,3987,0,0.3,6626,34.8,6,48.6,0,1,6642,2,0.00,0xEE,0,0
22205,15.1,15.0,-0.1,3982,0,0.6,6629,34.4,8,48.6,0,1,6633,2,0.00,0xEE,0,0
22236,15.0,15.0,-0.0,3982,0,0.6,6693,34.7,9,48.6,0,1,6632,2,0.00,0xEE,0,0
22251,15.2,15.0,-0.2,3973,0,1.0,6693,34.1,9,48.6,0,1,6621,2,0.00,0xEE,0,0
22267,15.2,15.0,-0.2,3968,0,1.2,6693,34.4,9,48.6,0,1,6614,2,0.00,0xEE,0,0
22283,15.3,15.0,-0.3,3961,0,1.6,6628,34.7,9,48.6,0,1,6602,2,0.00,0xEE,0,0
22315,15.2,15.0,-0.2,3960,0,1.8,6626,34.5,9,48.6,0,1,6598,2,0.00,0xEE,0,0
22346,15.1,15.0,-0.1,3970,0,1.1,6690,34.6,1,48.6,0,1,6619,2,0.00,0xEE,0,0
22346,15.0,15.0,0.0,3979,0,0.5,6688,34.7,3,48.6,0,1,6636,2,0.00,0xEE,0,0
22437,15.0,15.0,0.0,3980,0,0.5,6621,34.7,87,48.6,0,1,6636,2,0.00,0xEE,0,0
22453,15.0,15.0,0.0,3983,0,0.4,6621,34.9,9,48.6,0,1,6639,2,0.00,0xEE,0,0
22468,14.9,15.0,0.1,3992,0,-0.8,6683,34.9,0,48.6,0,1,6674,2,0.00,0xEE,0,0
22499,14.9,15.0,0.1,4009,0,-1.3,6683,34.7,2,48.6,0,1,6687,2,0.00,0xEE,0,0
22515,14.9,15.0,0.1,4015,0,-1.6,6621,34.8,4,48.6,0,1,6698,2,0.00,0xEE,0,0
22531,14.9,15.0,0.1,4019,0,-1.8,6622,35.0,6,48.6,0,1,6702,2,0.00,0xEE,0,0
22561,14.8,15.0,0.2,4025,0,-2.0,6622,34.9,8,48.6,0,1,6708,2,0.00,0xEE,0,0
22577,14.8,15.0,0.2,4026,0,-2.1,6687,34.9,9,48.6,0,1,6713,2,0.00,0xEE,0,0
22592,14.8,15.0,0.2,4027,0,-2.2,6688,35.5,9,48.6,0,1,6716,2,0.00,0xEE,0,0
22608,14.8,15.0,0.2,4029,0,-2.2,6626,34.5,9,48.6,0,1,6715,2,0.00,0xEE,0,0
22640,14.8,15.0,0.2,4026,0,-2.0,6628,34.8,9,48.6,0,1,6708,2,0.00,0xEE,0,0
22655,14.9,15.0,0.1,4018,0,-1.4,6694,34.6,9,48.6,0,1,6692,2,0.00,0xEE,0,0
22670,15.0,15.0,0.0,3993,0,-0.1,6696,35.1,1,48.6,0,1,6653,2,0.00,0xEE,0,0
22702,14.9,15.0,0.1,3987,0,0.2,6697,34.9,3,48.6,0,1,6647,2,0.00,0xEE,0,0
22718,14.8,15.0,0.2,3990,0,0.1,6632,35.0,5,48.6,0,1,6649,2,0.00,0xEE,0,0
22733,14.7,15.0,0.3,3995,0,-0.1,6632,34.8,7,48.6,0,1,6656,2,0.00,0xEE,0,0
22750,14.8,15.0,0.2,3995,0,-0.2,6697,34.6,9,48.6,0,1,6658,2,0.00,0xEE,0,0
22781,14.8,15.0,0.2,3991,0,-0.1,6697,34.8,9,48.6,0,1,6654,2,0.00,0xEE,0,0
22797,14.9,15.0,0.1,3989,0,0.1,6632,35.1,9,48.6,0,1,6648,2,0.00,0xEE,0,0
22813,14.8,15.0,0.2,3993,0,0.0,6632,35.3,9,48.6,0,1,6653,2,0.00,0xEE,0,0
22829,14.7,15.0,0.3,4000,0,-0.3,6696,35.1,9,48.6,0,1,6664,2,0.00,0xEE,0,0
22859,14.7,15.0,0.3,4008,0,-0.9,6697,34.7,0,48.6,0,1,6679,2,0.00,0xEE,0,0
22938,14.7,15.0,0.3,4008,0,-0.9,6635,34.7,84,48.6,0,1,6679,2,0.00,0xEE,0,0
22953,14.8,15.0,0.2,4006,0,-0.8,6637,34.9,8,48.6,0,1,6675,2,0.00,0xEE,0,0
22984,14.9,15.0,0.1,3996,0,-0.2,6702,35.0,9,48.6,0,1,6656,2,0.00,0xEE,0,0
23000,14.8,15.0,0.2,3988,0,0.2,6702,34.8,9,48.6,0,1,6647,2,0.00,0xEE,0,0
23015,14.8,15.0,0.2,3986,0,0.3,6703,34.7,1,48.6,0,1,6645,2,0.00,0xEE,0,0
23031,14.8,15.0,0.2,3986,0,0.3,6638,34.9,3,46.7,0,1,6644,2,0.00,0xEE,0,0
23063,14.8,15.0,0.2,3984,0,0.5,6638,34.9,5,46.7,0,1,6640,2,0.00,0xEE,0,0
23078,14.8,15.0,0.2,3982,0,0.4,6703,34.7,7,46.7,0,1,6641,2,0.00,0xEE,0,0
23094,14.8,15.0,0.2,3982,0,0.4,6702,35.0,9,46.7,0,1,6642,2,0.00,0xEE,0,0
23124,14.8,15.0,0.2,3980,0,0.5,6637,34.5,9,46.7,0,1,6638,2,0.00,0xEE,0,0
23141,14.8,15.0,0.2,3982,0,0.5,6637,35.1,9,46.7,0,1,6639,2,0.00,0xEE,0,0
23157,14.9,15.0,0.1,3974,0,0.8,6699,34.2,9,46.7,0,1,6629,2,0.00,0xEE,0,0
23172,15.0,15.0,-0.0,3964,0,1.3,6700,34.4,9,46.7,0,1,6614,2,0.00,0xEE,0,0
23203,15.2,15.0,-0.2,3947,0,2.7,6634,34.5,0,46.7,0,1,6573,2,0.00,0xEE,0,0
23218,15.1,15.0,-0.1,3941,0,2.6,6634,34.9,2,46.7,0,1,6576,2,0.00,0xEE,0,0
23233,14.9,15.0,0.1,3953,0,2.0,6632,35.1,4,46.7,0,1,6595,2,0.00,0xEE,0,0
23264,14.8,15.0,0.2,3967,0,1.1,6693,34.5,6,46.7,0,1,6622,2,0.00,0xEE,0,0
23279,14.9,15.0,0.1,3976,0,0.5,6691,34.6,8,46.7,0,1,6638,2,0.00,0xEE,0,0
23294,15.0,15.0,0.0,3981,0,0.2,6626,34.6,9,46.7,0,1,6644,2,0.00,0xEE,0,0
23325,15.1,15.0,-0.1,3982,0,0.3,6626,35.1,9,46.7,0,1,6642,2,0.00,0xEE,0,0
23340,15.0,15.0,-0.0,3984,0,0.2,6688,34.7,9,46.7,0,1,6644,2,0.00,0xEE,0,0
23356,15.0,15.0,0.0,3985,0,0.1,6688,34.4,9,46.7,0,1,6649,2,0.00,0xEE,0,0
23448,15.1,15.0,-0.1,3983,0,0.1,6626,34.4,74,46.7,0,1,6647,2,0.00,0xEE,0,0
23464,15.2,15.0,-0.2,3982,0,0.2,6626,34.4,9,46.7,0,1,6644,2,0.00,0xEE,0,0
23479,15.3,15.0,-0.3,3975,0,0.6,6690,34.2,9,46.7,0,1,6629,2,0.00,0xEE,0,0
23510,15.3,15.0,-0.3,3967,0,1.0,6690,34.7,9,46.7,0,1,6620,2,0.00,0xEE,0,0
23525,15.3,15.0,-0.3,3961,0,1.2,6626,34.4,9,46.7,0,1,6613,2,0.00,0xEE,0,0
23541,15.0,15.0,0.0,3965,0,0.4,6626,35.0,1,46.7,0,1,6640,2,0.00,0xEE,0,0
23557,14.8,15.0,0.2,3998,0,-0.7,6626,34.5,3,46.7,0,1,6673,2,0.00,0xEE,0,0
23587,14.7,15.0,0.3,4014,0,-1.7,6690,34.9,5,46.7,0,1,6702,2,0.00,0xEE,0,0
23603,14.7,15.0,0.3,4024,0,-2.3,6690,35.0,7,46.7,0,1,6719,2,0.00,0xEE,0,0
23619,14.8,15.0,0.2,4031,0,-2.6,6626,34.8,9,46.7,0,1,6727,2,0.00,0xEE,0,0
23650,14.8,15.0,0.2,4034,0,-2.7,6626,34.9,9,46.7,0,1,6730,2,0.00,0xEE,0,0
23665,14.8,15.0,0.2,4035,0,-2.7,6693,34.9,9,46.7,0,1,6729,2,0.00,0xEE,0,0
23682,14.8,15.0,0.2,4031,0,-2.5,6696,34.4,9,46.7,0,1,6724,2,0.00,0xEE,0,0
23697,14.8,15.0,0.2,4025,0,-2.3,6632,35.1,9,46.7,0,1,6716,2,0.00,0xEE,0,0
23728,14.7,15.0,0.3,4021,0,-1.7,6635,35.0,0,46.7,0,1,6700,2,0.00,0xEE,0,0
23744,14.7,15.0,0.3,4018,0,-1.4,6635,34.6,2,46.7,0,1,6692,2,0.00,0xEE,0,0
23759,14.8,15.0,0.2,4003,0,-0.9,6702,34.7,4,46.7,0,1,6678,2,0.00,0xEE,0,0
23790,14.9,15.0,0.1,3989,0,-0.2,6703,34.7,6,46.7,0,1,6657,2,0.00,0xEE,0,0
23806,15.0,15.0,0.0,3978,0,0.5,6641,34.7,7,46.7,0,1,6636,2,0.00,0xEE,0,0
23821,15.0,15.0,0.0,3969,0,1.1,6640,34.8,9,46.7,0,1,6620,2,0.00,0xEE,0,0
23837,15.0,15.0,0.0,3963,0,1.5,6703,34.4,9,46.7,0,1,6609,2,0.00,0xEE,0,0
23869,15.0,15.0,0.0,3957,0,1.7,6703,34.7,9,46.7,0,1,6603,2,0.00,0xEE,0,0
23947,15.1,15.0,-0.1,3949,0,2.1,6634,34.3,66,46.7,0,1,6591,2,0.00,0xEE,0,0
23962,15.1,15.0,-0.1,3951,0,1.9,6696,34.7,2,46.7,0,1,6598,2,0.00,0xEE,0,0
23978,14.9,15.0,0.1,3964,0,1.1,6694,35.0,3,46.7,0,1,6622,2,0.00,0xEE,0,0
23995,14.9,15.0,0.1,3977,0,0.4,6629,34.7,5,46.7,0,1,6640,2,0.00,0xEE,0,0
24026,14.9,15.0,0.1,3987,0,-0.1,6628,34.7,7,46.7,0,1,6656,2,0.00,0xEE,0,0
24041,15.0,15.0,0.0,3990,0,-0.3,6628,34.9,9,48.9,0,1,6660,2,0.00,0xEE,0,0
24056,14.9,15.0,0.1,3995,0,-0.6,6690,35.1,9,48.9,0,1,6669,2,0.00,0xEE,0,0
24086,14.8,15.0,0.2,4000,0,-1.0,6690,34.5,9,48.9,0,1,6680,2,0.00,0xEE,0,0
24102,14.7,15.0,0.3,4013,0,-1.6,6626,35.2,9,48.9,0,1,6699,2,0.00,0xEE,0,0
24118,14.8,15.0,0.2,4017,0,-1.8,6628,34.7,9,48.9,0,1,6705,2,0.00,0xEE,0,0
24133,14.7,15.0,0.3,4022,0,-2.2,6691,34.9,1,48.9,0,1,6715,2,0.00,0xEE,0,0
24165,14.7,15.0,0.3,4022,0,-2.2,6693,34.6,3,48.9,0,1,6717,2,0.00,0xEE,0,0
24180,14.8,15.0,0.2,4016,0,-1.9,6631,35.0,4,48.9,0,1,6707,2,0.00,0xEE,0,0
24195,14.9,15.0,0.1,4007,0,-1.3,6631,34.5,6,48.9,0,1,6689,2,0.00,0xEE,0,0
24226,14.9,15.0,0.1,3999,0,-0.8,6634,34.9,8,48.9,0,1,6673,2,0.00,0xEE,0,0
24242,14.9,15.0,0.1,3989,0,-0.3,6697,35.3,9,48.9,0,1,6660,2,0.00,0xEE,0,0
24257,14.8,15.0,0.2,3986,0,-0.1,6697,34.5,9,48.9,0,1,6657,2,0.00,0xEE,0,0
24288,14.7,15.0,0.3,3989,0,-0.2,6634,35.1,9,48.9,0,1,6660,2,0.00,0xEE,0,0
24304,14.8,15.0,0.2,3988,0,-0.0,6632,34.7,9,48.9,0,1,6655,2,0.00,0xEE,0,0
24320,14.8,15.0,0.2,3984,0,0.3,6699,34.9,0,48.9,0,1,6644,2,0.00,0xEE,0,0
24335,14.8,15.0,0.2,3978,0,0.3,6697,35.0,2,48.9,0,1,6644,2,0.00,0xEE,0,0
24367,14.7,15.0,0.3,3979,0,0.3,6632,35.1,4,48.9,0,1,6647,2,0.00,0xEE,0,0
24445,14.7,15.0,0.3,3984,0,-0.0,6694,35.1,74,48.9,0,1,6655,2,0.00,0xEE,0,0
24475,14.8,15.0,0.2,3980,0,0.1,6629,34.4,3,48.9,0,1,6650,2,0.00,0xEE,0,0
24490,15.0,15.0,-0.0,3967,0,0.9,6629,34.5,5,48.9,0,1,6625,2,0.00,0xEE,0,0
24506,15.2,15.0,-0.2,3949,0,2.0,6628,34.6,7,48.9,0,1,6592,2,0.00,0xEE,0,0
24521,15.2,15.0,-0.2,3936,0,2.7,6691,34.4,9,48.9,0,1,6573,2,0.00,0xEE,0,0
24552,15.1,15.0,-0.1,3930,0,2.9,6690,35.0,9,48.9,0,1,6567,2,0.00,0xEE,0,0
24568,15.2,15.0,-0.2,3929,0,3.1,6623,34.4,9,48.9,0,1,6563,2,0.00,0xEE,0,0
24584,15.2,15.0,-0.2,3929,0,3.1,6621,34.1,9,48.9,0,1,6562,2,0.00,0xEE,0,0
24615,15.3,15.0,-0.3,3922,0,3.3,6681,34.2,9,48.9,0,1,6554,2,0.00,0xEE,0,0
24630,15.5,15.0,-0.5,3917,0,3.6,6680,34.9,0,48.9,0,1,6543,2,0.00,0xEE,0,0
24646,15.4,15.0,-0.4,3915,0,3.5,6677,34.3,2,48.9,0,1,6548,2,0.00,0xEE,0,0
24661,15.4,15.0,-0.4,3923,0,3.1,6609,34.2,4,48.9,0,1,6559,2,0.00,0xEE,0,0
24692,15.4,15.0,-0.4,3935,0,2.6,6607,34.9,6,48.9,0,1,6574,2,0.00,0xEE,0,0
24708,15.3,15.0,-0.3,3946,0,1.8,6671,34.5,8,48.9,0,1,6596,2,0.00,0xEE,0,0
24724,15.2,15.0,-0.2,3960,0,1.0,6668,34.3,9,48.9,0,1,6621,2,0.00,0xEE,0,0
24755,15.2,15.0,-0.2,3977,0,0.1,6603,34.6,9,48.9,0,1,6647,2,0.00,0xEE,0,0
24770,15.2,15.0,-0.2,3991,0,-0.7,6602,34.5,9,48.9,0,1,6667,2,0.00,0xEE,0,0
24787,15.2,15.0,-0.2,4000,0,-1.2,6602,34.5,9,48.9,0,1,6683,2,0.00,0xEE,0,0
24802,15.2,15.0,-0.2,4005,0,-1.6,6666,34.7,9,48.9,0,1,6693,2,0.00,0xEE,0,0
24833,15.0,15.0,-0.0,4018,0,-2.4,6666,34.5,1,48.9,0,1,6717,2,0.00,0xEE,0,0
24849,15.0,15.0,-0.0,4024,0,-2.6,6603,34.2,3,48.9,0,1,6722,2,0.00,0xEE,0,0
24864,15.2,15.0,-0.2,4019,0,-2.2,6605,34.3,5,48.9,0,1,6712,2,0.00,0xEE,0,0
24955,15.2,15.0,-0.2,4020,0,-2.2,6675,34.3,89,48.9,0,1,6712,2,0.00,0xEE,0,0
24971,15.3,15.0,-0.3,4014,0,-0.9,6678,34.6,0,48.9,0,1,6672,2,0.00,0xEE,0,0
24986,15.3,15.0,-0.3,3983,0,-0.0,6616,34.1,2,48.9,0,1,6648,2,0.00,0xEE,0,0
25017,15.2,15.0,-0.2,3978,0,0.4,6616,34.6,4,48.9,0,1,6638,2,0.00,0xEE,0,0
25033,15.1,15.0,-0.1,3976,0,0.5,6618,34.8,6,48.0,0,1,6634,2,0.00,0xEE,0,0
25049,15.1,15.0,-0.1,3975,0,0.4,6681,34.6,8,48.0,0,1,6637,2,0.00,0xEE,0,0
25079,15.1,15.0,-0.1,3975,0,0.4,6683,34.1,9,48.0,0,1,6640,2,0.00,0xEE,0,0
25094,15.1,15.0,-0.1,3978,0,0.3,6618,34.6,9,48.0,0,1,6642,2,0.00,0xEE,0,0
25110,15.1,15.0,-0.1,3980,0,0.2,6618,34.7,9,48.0,0,1,6644,2,0.00,0xEE,0,0
25126,15.1,15.0,-0.1,3980,0,0.1,6681,34.6,9,48.0,0,1,6647,2,0.00,0xEE,0,0
25157,15.1,15.0,-0.1,3980,0,0.0,6681,34.3,9,48.0,0,1,6648,2,0.00,0xEE,0,0
25173,15.1,15.0,-0.1,3979,0,0.0,6616,34.5,1,48.0,0,1,6648,2,0.00,0xEE,0,0
25189,15.1,15.0,-0.1,3980,0,0.1,6616,34.9,3,48.0,0,1,6647,2,0.00,0xEE,0,0
25219,15.1,15.0,-0.1,3980,0,0.2,6616,34.4,5,48.0,0,1,6644,2,0.00,0xEE,0,0
25234,15.1,15.0,-0.1,3980,0,0.1,6680,34.7,7,48.0,0,1,6647,2,0.00,0xEE,0,0
25250,15.1,15.0,-0.1,3981,0,0.0,6680,34.6,9,48.0,0,1,6650,2,0.00,0xEE,0,0
25265,15.0,15.0,-0.0,3986,0,-0.1,6616,34.5,9,48.0,0,1,6654,2,0.00,0xEE,0,0
25295,15.1,15.0,-0.1,3985,0,-0.1,6616,34.0,9,48.0,0,1,6652,2,0.00,0xEE,0,0
25311,15.1,15.0,-0.1,3984,0,0.0,6680,34.9,9,48.0,0,1,6648,2,0.00,0xEE,0,0
25327,15.0,15.0,-0.0,3985,0,-0.1,6681,34.9,9,48.0,0,1,6653,2,0.00,0xEE,0,0
25358,14.8,15.0,0.2,3993,0,-1.2,6680,34.8,0,48.0,0,1,6688,2,0.00,0xEE,0,0
25373,14.8,15.0,0.2,4013,0,-1.6,6618,34.7,2,48.0,0,1,6699,2,0.00,0xEE,0,0
25450,14.8,15.0,0.2,4014,0,-1.6,6623,34.7,86,48.0,0,1,6699,2,0.00,0xEE,0,0
25482,14.8,15.0,0.2,4012,0,-1.6,6688,35.1,9,48.0,0,1,6698,2,0.00,0xEE,0,0
25497,14.9,15.0,0.1,4006,0,-1.3,6688,34.8,9,48.0,0,1,6689,2,0.00,0xEE,0,0
25513,14.9,15.0,0.1,3998,0,-0.7,6626,34.6,1,48.0,0,1,6672,2,0.00,0xEE,0,0
25544,14.9,15.0,0.1,3991,0,-0.3,6628,34.6,3,48.0,0,1,6659,2,0.00,0xEE,0,0
25560,15.0,15.0,0.0,3980,0,0.3,6693,34.6,5,48.0,0,1,6643,2,0.00,0xEE,0,0
25575,15.1,15.0,-0.1,3968,0,0.9,6693,34.1,7,48.0,0,1,6626,2,0.00,0xEE,0,0
25590,15.1,15.0,-0.1,3959,0,1.3,6629,35.0,9,48.0,0,1,6614,2,0.00,0xEE,0,0
25621,14.9,15.0,0.1,3963,0,1.2,6628,35.0,9,48.0,0,1,6617,2,0.00,0xEE,0,0
25636,14.8,15.0,0.2,3972,0,0.8,6626,34.7,9,48.0,0,1,6632,2,0.00,0xEE,0,0
25653,14.8,15.0,0.2,3980,0,0.3,6688,34.4,9,48.0,0,1,6646,2,0.00,0xEE,0,0
25683,15.0,15.0,0.0,3975,0,0.4,6690,33.9,9,48.0,0,1,6640,2,0.00,0xEE,0,0
25699,15.5,15.0,-0.5,3960,0,2.4,6625,34.7,0,48.0,0,1,6579,2,0.00,0xEE,0,0
25715,15.5,15.0,-0.5,3924,0,3.3,6623,34.2,2,48.0,0,1,6551,2,0.00,0xEE,0,0
25731,15.4,15.0,-0.4,3917,0,3.7,6687,34.4,4,48.0,0,1,6543,2,0.00,0xEE,0,0
25761,15.3,15.0,-0.3,3918,0,3.5,6685,34.5,6,48.0,0,1,6549,2,0.00,0xEE,0,0
25777,15.2,15.0,-0.2,3927,0,2.9,6683,34.6,8,48.0,0,1,6566,2,0.00,0xEE,0,0
25792,15.2,15.0,-0.2,3941,0,2.2,6615,34.5,9,48.0,0,1,6585,2,0.00,0xEE,0,0
25824,15.1,15.0,-0.1,3957,0,1.4,6615,34.9,9,48.0,0,1,6610,2,0.00,0xEE,0,0
25840,15.1,15.0,-0.1,3968,0,0.7,6675,34.0,9,48.0,0,1,6630,2,0.00,0xEE,0,0
25855,15.0,15.0,-0.0,3982,0,-0.2,6675,34.8,9,48.0,0,1,6656,2,0.00,0xEE,0,0
25871,15.2,15.0,-0.2,3989,0,-0.6,6610,34.2,9,48.0,0,1,6664,2,0.00,0xEE,0,0
25964,15.1,15.0,-0.1,4000,0,-1.1,6610,35.0,74,48.0,0,1,6680,2,0.00,0xEE,0,0
25980,15.2,15.0,-0.2,3998,0,-1.1,6677,34.5,9,48.0,0,1,6678,2,0.00,0xEE,0,0
25995,15.1,15.0,-0.1,4000,0,-1.2,6677,34.2,9,48.0,0,1,6683,2,0.00,0xEE,0,0
26026,15.2,15.0,-0.2,3997,0,-0.8,6613,34.7,0,48.0,0,1,6670,2,0.00,0xEE,0,0
26042,15.1,15.0,-0.1,3994,0,-0.7,6613,34.7,1,47.0,0,1,6670,2,0.00,0xEE,0,0
26057,15.0,15.0,-0.0,3997,0,-0.8,6680,34.8,3,47.0,0,1,6674,2,0.00,0xEE,0,0
26088,15.0,15.0,0.0,4000,0,-1.1,6678,34.6,5,47.0,0,1,6681,2,0.00,0xEE,0,0
26105,15.0,15.0,0.0,4000,0,-1.1,6680,34.3,7,47.0,0,1,6681,2,0.00,0xEE,0,0
26120,15.0,15.0,-0.0,4000,0,-1.0,6618,34.7,9,47.0,0,1,6678,2,0.00,0xEE,0,0
26135,15.0,15.0,-0.0,3999,0,-0.8,6616,34.7,9,47.0,0,1,6674,2,0.00,0xEE,0,0
26166,15.0,15.0,0.0,3999,0,-0.8,6683,34.6,9,47.0,0,1,6672,2,0.00,0xEE,0,0
26182,15.0,15.0,0.0,3996,0,-0.7,6683,34.2,9,47.0,0,1,6669,2,0.00,0xEE,0,0
26197,15.0,15.0,-0.0,3991,0,-0.5,6619,35.0,9,47.0,0,1,6664,2,0.00,0xEE,0,0
26228,14.9,15.0,0.1,3993,0,-0.7,6619,34.7,0,47.0,0,1,6672,2,0.00,0xEE,0,0
26244,14.8,15.0,0.2,4002,0,-0.9,6621,34.4,2,47.0,0,1,6679,2,0.00,0xEE,0,0
26260,15.0,15.0,0.0,3995,0,-0.6,6687,34.1,4,47.0,0,1,6669,2,0.00,0xEE,0,0
26275,15.2,15.0,-0.2,3981,0,0.0,6687,34.7,6,47.0,0,1,6647,2,0.00,0xEE,0,0
26307,15.3,15.0,-0.3,3967,0,0.9,6625,34.4,8,47.0,0,1,6623,2,0.00,0xEE,0,0
26322,15.3,15.0,-0.3,3956,0,1.5,6626,34.1,9,47.0,0,1,6606,2,0.00,0xEE,0,0
26337,15.4,15.0,-0.4,3945,0,2.1,6688,34.0,9,47.0,0,1,6586,2,0.00,0xEE,0,0
26369,15.5,15.0,-0.5,3930,0,2.8,6688,34.2,9,47.0,0,1,6566,2,0.00,0xEE,0,0
26384,15.5,15.0,-0.5,3918,0,3.4,6623,34.7,9,47.0,0,1,6548,2,0.00,0xEE,0,0
26463,15.5,15.0,-0.5,3915,0,3.6,6613,34.2,74,47.0,0,1,6543,2,0.00,0xEE,0,0
26494,15.5,15.0,-0.5,3916,0,3.5,6674,34.1,9,47.0,0,1,6548,2,0.00,0xEE,0,0
26510,15.5,15.0,-0.5,3926,0,2.7,6671,34.8,9,47.0,0,1,6568,2,0.00,0xEE,0,0
26525,15.5,15.0,-0.5,3938,0,2.1,6605,34.1,9,47.0,0,1,6585,2,0.00,0xEE,0,0
26540,15.5,15.0,-0.5,3948,0,1.6,6605,34.1,9,47.0,0,1,6600,2,0.00,0xEE,0,0
26572,15.4,15.0,-0.4,3969,0,0.4,6666,34.6,1,47.0,0,1,6633,2,0.00,0xEE,0,0
26588,15.3,15.0,-0.3,3984,0,-0.5,6665,34.5,3,47.0,0,1,6661,2,0.00,0xEE,0,0
26603,15.2,15.0,-0.2,4002,0,-1.6,6665,34.3,5,47.0,0,1,6693,2,0.00,0xEE,0,0
26633,15.2,15.0,-0.2,4017,0,-2.4,6600,34.9,7,47.0,0,1,6715,2,0.00,0xEE,0,0
26648,15.0,15.0,-0.0,4034,0,-3.2,6602,34.9,9,47.0,0,1,6740,2,0.00,0xEE,0,0
26664,14.9,15.0,0.1,4048,0,-4.1,6669,34.9,9,47.0,0,1,6766,2,0.00,0xEE,0,0
26680,14.8,15.0,0.2,4063,0,-4.9,6672,34.5,9,47.0,0,1,6791,2,0.00,0xEE,0,0
26711,14.9,15.0,0.1,4063,0,-5.0,6675,34.4,9,47.0,0,1,6792,2,0.00,0xEE,0,0
26727,15.0,15.0,-0.0,4056,0,-4.5,6615,34.6,9,47.0,0,1,6775,2,0.00,0xEE,0,0
26743,15.0,15.0,0.0,4041,0,-3.1,6619,35.0,0,47.0,0,1,6737,2,0.00,0xEE,0,0
26774,14.8,15.0,0.2,4034,0,-3.0,6685,35.3,2,47.0,0,1,6736,2,0.00,0xEE,0,0
26790,14.6,15.0,0.4,4038,0,-3.2,6687,35.1,4,47.0,0,1,6744,2,0.00,0xEE,0,0
26805,14.6,15.0,0.4,4041,0,-3.3,6626,34.9,6,47.0,0,1,6747,2,0.00,0xEE,0,0
26820,14.5,15.0,0.5,4043,0,-3.3,6629,35.3,8,47.0,0,1,6747,2,0.00,0xEE,0,0
26853,14.6,15.0,0.4,4038,0,-2.9,6696,34.9,9,47.0,0,1,6736,2,0.00,0xEE,0,0
26867,14.6,15.0,0.4,4031,0,-2.6,6699,35.2,9,47.0,0,1,6728,2,0.00,0xEE,0,0
26884,14.7,15.0,0.3,4020,0,-2.0,6700,34.8,9,47.0,0,1,6711,2,0.00,0xEE,0,0
26977,14.7,15.0,0.3,4011,0,-1.4,6641,34.7,74,47.0,0,1,6693,2,0.00,0xEE,0,0
26992,14.9,15.0,0.1,4003,0,-1.1,6708,34.6,9,47.0,0,1,6682,2,0.00,0xEE,0,0
27008,14.9,15.0,0.1,3981,0,0.1,6708,34.8,9,47.0,0,1,6648,2,0.00,0xEE,0,0
27038,14.9,15.0,0.1,3963,0,1.1,6644,34.9,9,47.0,0,1,6621,2,0.00,0xEE,0,0
27054,14.9,15.0,0.1,3956,0,1.6,6644,35.2,9,47.5,0,1,6606,2,0.00,0xEE,0,0
27069,14.5,15.0,0.5,3959,0,1.1,6706,35.0,0,47.5,0,1,6626,2,0.00,0xEE,0,0
27085,14.4,15.0,0.6,3981,0,0.3,6705,35.3,2,47.5,0,1,6649,2,0.00,0xEE,0,0
27115,14.5,15.0,0.5,3987,0,-0.2,6640,34.9,4,47.5,0,1,6662,2,0.00,0xEE,0,0
27131,14.4,15.0,0.6,3997,0,-0.6,6640,35.4,6,47.5,0,1,6675,2,0.00,0xEE,0,0
27147,14.4,15.0,0.6,4005,0,-1.0,6640,35.4,7,47.5,0,1,6687,2,0.00,0xEE,0,0
27178,14.3,15.0,0.7,4015,0,-1.7,6705,35.3,9,47.5,0,1,6706,2,0.00,0xEE,0,0
27193,14.3,15.0,0.7,4021,0,-2.1,6705,34.8,9,47.5,0,1,6718,2,0.00,0xEE,0,0
27208,14.3,15.0,0.7,4023,0,-2.2,6641,35.6,9,47.5,0,1,6721,2,0.00,0xEE,0,0
27239,14.5,15.0,0.5,4015,0,-1.7,6643,34.7,9,47.5,0,1,6705,2,0.00,0xEE,0,0
27254,14.7,15.0,0.3,4001,0,-0.9,6708,34.9,9,47.5,0,1,6679,2,0.00,0xEE,0,0
27269,14.8,15.0,0.2,3977,0,1.2,6708,35.3,1,47.5,0,1,6618,2,0.00,0xEE,0,0
27285,14.7,15.0,0.3,3955,0,1.6,6643,35.2,3,47.5,0,1,6608,2,0.00,0xEE,0,0
27316,14.5,15.0,0.5,3963,0,1.3,6643,35.3,4,47.5,0,1,6619,2,0.00,0xEE,0,0
27332,14.4,15.0,0.6,3974,0,0.8,6643,35.0,6,47.5,0,1,6636,2,0.00,0xEE,0,0
27347,14.4,15.0,0.6,3979,0,0.4,6705,35.1,8,47.5,0,1,6647,2,0.00,0xEE,0,0
27378,14.5,15.0,0.5,3980,0,0.2,6703,35.6,9,47.5,0,1,6650,2,0.00,0xEE,0,0
27393,14.5,15.0,0.5,3979,0,0.2,6640,35.0,9,47.5,0,1,6652,2,0.00,0xEE,0,0
27472,14.6,15.0,0.4,3980,0,0.2,6700,35.0,74,47.5,0,1,6650,2,0.00,0xEE,0,0
27504,14.6,15.0,0.4,3979,0,0.2,6700,35.0,9,47.5,0,1,6649,2,0.00,0xEE,0,0
27519,14.7,15.0,0.3,3975,0,0.3,6635,35.1,9,47.5,0,1,6645,2,0.00,0xEE,0,0
27534,14.7,15.0,0.3,3975,0,0.4,6632,34.6,9,47.5,0,1,6643,2,0.00,0xEE,0,0
27565,14.8,15.0,0.2,3969,0,0.8,6632,34.6,9,47.5,0,1,6630,2,0.00,0xEE,0,0
27596,14.9,15.0,0.1,3956,0,1.4,6696,35.4,9,47.5,0,1,6611,2,0.00,0xEE,0,0
27596,14.9,15.0,0.1,3946,0,2.0,6694,34.7,0,47.5,0,1,6596,2,0.00,0xEE,0,0
27611,14.8,15.0,0.2,3953,0,1.7,6629,35.0,2,47.5,0,1,6606,2,0.00,0xEE,0,0
27659,14.8,15.0,0.2,3956,0,1.5,6629,34.7,4,47.5,0,1,6610,2,0.00,0xEE,0,0
27659,14.9,15.0,0.1,3955,0,1.5,6688,34.5,6,47.5,0,1,6611,2,0.00,0xEE,0,0
27689,15.0,15.0,0.0,3952,0,1.6,6688,34.7,7,47.5,0,1,6608,2,0.00,0xEE,0,0
27689,15.0,15.0,0.0,3951,0,1.5,6622,34.8,9,47.5,0,1,6608,2,0.00,0xEE,0,0
27720,15.0,15.0,0.0,3954,0,1.4,6621,34.4,9,47.5,0,1,6611,2,0.00,0xEE,0,0
27736,15.0,15.0,-0.0,3955,0,1.5,6618,34.5,9,47.5,0,1,6610,2,0.00,0xEE,0,0
27752,15.1,15.0,-0.1,3949,0,1.7,6681,34.3,9,47.5,0,1,6603,2,0.00,0xEE,0,0
27783,15.3,15.0,-0.3,3940,0,2.1,6680,34.3,9,47.5,0,1,6589,2,0.00,0xEE,0,0
27799,15.4,15.0,-0.4,3934,0,2.8,6612,34.4,1,47.5,0,1,6568,2,0.00,0xEE,0,0
27815,15.3,15.0,-0.3,3930,0,2.8,6610,34.5,3,47.5,0,1,6569,2,0.00,0xEE,0,0
27831,15.3,15.0,-0.3,3936,0,2.5,6672,34.8,4,47.5,0,1,6578,2,0.00,0xEE,0,0
27877,15.2,15.0,-0.2,3944,0,1.9,6671,34.5,6,47.5,0,1,6594,2,0.00,0xEE,0,0
27877,15.2,15.0,-0.2,3953,0,1.3,6669,33.9,8,47.5,0,1,6612,2,0.00,0xEE,0,0
27906,15.2,15.0,-0.2,3961,0,0.9,6603,34.3,9,47.5,0,1,6622,2,0.00,0xEE,0,0
27983,15.3,15.0,-0.3,3964,0,0.7,6665,34.8,74,47.5,0,1,6626,2,0.00,0xEE,0,0
27999,15.1,15.0,-0.1,3978,0,-0.1,6665,33.6,6,47.5,0,1,6653,2,0.00,0xEE,0,0
28014,15.1,15.0,-0.1,3989,0,-0.8,6663,34.4,8,47.5,0,1,6673,2,0.00,0xEE,0,0
28045,15.3,15.0,-0.3,3990,0,-0.8,6599,34.1,9,47.5,0,1,6670,2,0.00,0xEE,0,0
28060,15.4,15.0,-0.4,3986,0,-0.5,6600,34.6,9,48.5,0,1,6660,2,0.00,0xEE,0,0
28076,15.3,15.0,-0.3,3984,0,-0.3,6663,34.5,9,48.5,0,1,6655,2,0.00,0xEE,0,0
28107,15.2,15.0,-0.2,3987,0,-0.5,6665,34.4,9,48.5,0,1,6662,2,0.00,0xEE,0,0
28122,15.3,15.0,-0.3,3989,0,-0.4,6602,34.2,0,48.5,0,1,6659,2,0.00,0xEE,0,0
28138,15.4,15.0,-0.4,3984,0,0.1,6602,33.9,1,48.5,0,1,6643,2,0.00,0xEE,0,0
28169,15.5,15.0,-0.5,3964,0,0.8,6603,34.1,3,48.5,0,1,6623,2,0.00,0xEE,0,0
28184,15.7,15.0,-0.7,3949,0,1.5,6668,33.8,5,48.5,0,1,6600,2,0.00,0xEE,0,0
28200,15.7,15.0,-0.7,3939,0,2.0,6666,34.3,7,48.5,0,1,6585,2,0.00,0xEE,0,0
28215,15.6,15.0,-0.6,3933,0,2.3,6602,34.2,9,48.5,0,1,6579,2,0.00,0xEE,0,0
28246,15.5,15.0,-0.5,3939,0,2.1,6600,34.1,9,48.5,0,1,6586,2,0.00,0xEE,0,0
28262,15.5,15.0,-0.5,3947,0,1.8,6662,34.5,9,48.5,0,1,6596,2,0.00,0xEE,0,0
28277,15.4,15.0,-0.4,3953,0,1.3,6662,34.3,9,48.5,0,1,6608,2,0.00,0xEE,0,0
28308,15.4,15.0,-0.4,3962,0,0.7,6660,34.4,9,48.5,0,1,6626,2,0.00,0xEE,0,0
28323,15.3,15.0,-0.3,3974,0,-0.4,6596,34.4,1,48.5,0,1,6659,2,0.00,0xEE,0,0
28339,15.4,15.0,-0.4,3987,0,-0.7,6596,34.2,2,48.5,0,1,6666,2,0.00,0xEE,0,0
28354,15.3,15.0,-0.3,3993,0,-1.0,6659,34.6,4,48.5,0,1,6673,2,0.00,0xEE,0,0
28385,15.3,15.0,-0.3,3995,0,-1.1,6660,34.4,6,48.5,0,1,6678,2,0.00,0xEE,0,0
28401,15.2,15.0,-0.2,4001,0,-1.5,6660,34.5,8,48.5,0,1,6688,2,0.00,0xEE,0,0
28480,15.2,15.0,-0.2,4009,0,-1.6,6603,34.3,74,48.5,0,1,6694,2,0.00,0xEE,0,0
28512,15.3,15.0,-0.3,4001,0,-1.3,6669,34.5,4,48.5,0,1,6683,2,0.00,0xEE,0,0
28528,15.2,15.0,-0.2,3996,0,-1.0,6669,34.6,6,48.5,0,1,6677,2,0.00,0xEE,0,0
28542,15.2,15.0,-0.2,3994,0,-1.0,6606,34.6,8,48.5,0,1,6675,2,0.00,0xEE,0,0
28573,15.1,15.0,-0.1,3998,0,-1.0,6607,34.2,9,48.5,0,1,6678,2,0.00,0xEE,0,0
28589,15.2,15.0,-0.2,3994,0,-0.8,6609,34.1,9,48.5,0,1,6670,2,0.00,0xEE,0,0
28604,15.3,15.0,-0.3,3982,0,-0.2,6674,34.6,9,48.5,0,1,6652,2,0.00,0xEE,0,0
28619,15.3,15.0,-0.3,3973,0,0.3,6675,34.9,9,48.5,0,1,6638,2,0.00,0xEE,0,0
28650,15.2,15.0,-0.2,3975,0,0.2,6610,34.3,0,48.5,0,1,6642,2,0.00,0xEE,0,0
28666,15.3,15.0,-0.3,3975,0,0.4,6610,34.2,2,48.5,0,1,6635,2,0.00,0xEE,0,0
28681,15.4,15.0,-0.4,3969,0,0.8,6675,34.9,4,48.5,0,1,6624,2,0.00,0xEE,0,0
28712,15.3,15.0,-0.3,3967,0,0.8,6675,34.6,5,48.5,0,1,6625,2,0.00,0xEE,0,0
28727,15.1,15.0,-0.1,3973,0,0.4,6675,34.7,7,48.5,0,1,6637,2,0.00,0xEE,0,0
28743,15.0,15.0,-0.0,3985,0,-0.2,6610,34.3,9,48.5,0,1,6654,2,0.00,0xEE,0,0
28774,15.0,15.0,0.0,3996,0,-0.7,6610,35.0,9,48.5,0,1,6670,2,0.00,0xEE,0,0
28789,15.1,15.0,-0.1,3997,0,-0.9,6677,34.5,9,48.5,0,1,6675,2,0.00,0xEE,0,0
28805,15.0,15.0,-0.0,4000,0,-1.1,6677,34.7,9,48.5,0,1,6682,2,0.00,0xEE,0,0
28820,15.1,15.0,-0.1,3998,0,-1.1,6612,34.5,9,48.5,0,1,6680,2,0.00,0xEE,0,0
28851,15.1,15.0,-0.1,3997,0,-0.9,6612,34.7,1,48.5,0,1,6675,2,0.00,0xEE,0,0
28867,15.0,15.0,-0.0,3999,0,-0.9,6615,35.1,3,48.5,0,1,6676,2,0.00,0xEE,0,0
28883,14.9,15.0,0.1,4002,0,-1.2,6680,34.9,4,48.5,0,1,6684,2,0.00,0xEE,0,0
28914,14.8,15.0,0.2,4011,0,-1.7,6681,35.5,6,48.5,0,1,6701,2,0.00,0xEE,0,0
28991,14.8,15.0,0.2,4015,0,-1.7,6622,35.5,90,48.5,0,1,6701,2,0.00,0xEE,0,0
29007,14.5,15.0,0.5,4027,0,-2.2,6621,35.4,2,48.5,0,1,6718,2,0.00,0xEE,0,0
29038,14.6,15.0,0.4,4027,0,-2.3,6688,34.9,4,48.5,0,1,6721,2,0.00,0xEE,0,0
29053,14.4,15.0,0.6,4034,0,-2.7,6690,35.7,6,48.5,0,1,6734,2,0.00,0xEE,0,0
29069,14.6,15.0,0.4,4031,0,-2.5,6626,34.6,8,47.6,0,1,6725,2,0.00,0xEE,0,0
29084,14.6,15.0,0.4,4025,0,-2.1,6628,34.8,9,47.6,0,1,6713,2,0.00,0xEE,0,0
29115,14.8,15.0,0.2,4009,0,-1.1,6694,35.2,9,47.6,0,1,6684,2,0.00,0xEE,0,0
29131,14.7,15.0,0.3,3998,0,-0.6,6697,35.5,9,47.6,0,1,6670,2,0.00,0xEE,0,0
29147,14.5,15.0,0.5,3999,0,-0.6,6697,35.4,9,47.6,0,1,6673,2,0.00,0xEE,0,0
29178,14.3,15.0,0.7,4010,0,-1.1,6635,35.3,9,47.6,0,1,6690,2,0.00,0xEE,0,0
29194,14.3,15.0,0.7,4019,0,-1.8,6635,34.7,1,47.6,0,1,6708,2,0.00,0xEE,0,0
29210,14.3,15.0,0.7,4020,0,-1.7,6702,35.6,3,47.6,0,1,6707,2,0.00,0xEE,0,0
29226,14.3,15.0,0.7,4019,0,-1.7,6703,35.4,5,47.6,0,1,6707,2,0.00,0xEE,0,0
29256,14.2,15.0,0.8,4024,0,-1.9,6640,35.7,6,47.6,0,1,6713,2,0.00,0xEE,0,0
29271,14.2,15.0,0.8,4027,0,-2.0,6643,35.4,8,47.6,0,1,6717,2,0.00,0xEE,0,0
29287,14.2,15.0,0.8,4029,0,-2.0,6709,35.4,9,47.6,0,1,6716,2,0.00,0xEE,0,0
29303,14.2,15.0,0.8,4022,0,-1.7,6709,35.3,9,47.6,0,1,6708,2,0.00,0xEE,0,0
29334,14.3,15.0,0.7,4014,0,-1.3,6709,35.3,9,47.6,0,1,6696,2,0.00,0xEE,0,0
29350,14.3,15.0,0.7,4007,0,-0.9,6647,35.5,9,47.6,0,1,6683,2,0.00,0xEE,0,0
29365,14.3,15.0,0.7,3999,0,-0.1,6714,35.8,0,47.6,0,1,6662,2,0.00,0xEE,0,0
29396,14.3,15.0,0.7,3988,0,0.2,6714,34.9,1,47.6,0,1,6654,2,0.00,0xEE,0,0
29411,14.2,15.0,0.8,3987,0,0.1,6714,35.6,3,47.6,0,1,6656,2,0.00,0xEE,0,0
29488,14.2,15.0,0.8,3988,0,0.1,6648,35.6,87,47.6,0,1,6656,2,0.00,0xEE,0,0
29520,14.3,15.0,0.7,3988,0,0.2,6648,35.3,9,47.6,0,1,6655,2,0.00,0xEE,0,0
29536,14.2,15.0,0.8,3992,0,-0.0,6711,35.2,1,47.6,0,1,6661,2,0.00,0xEE,0,0
29551,14.2,15.0,0.8,3988,0,-0.0,6712,35.3,3,47.6,0,1,6660,2,0.00,0xEE,0,0
29583,14.3,15.0,0.7,3984,0,0.3,6645,35.6,4,47.6,0,1,6651,2,0.00,0xEE,0,0
29598,14.2,15.0,0.8,3987,0,0.2,6645,35.8,6,47.6,0,1,6653,2,0.00,0xEE,0,0
29613,14.1,15.0,0.9,3994,0,-0.2,6711,36.2,8,47.6,0,1,6668,2,0.00,0xEE,0,0
29628,13.9,15.0,1.1,4008,0,-1.0,6711,35.4,9,47.6,0,1,6693,2,0.00,0xEE,0,0
29660,14.0,15.0,1.0,4016,0,-1.4,6645,35.4,9,47.6,0,1,6704,2,0.00,0xEE,0,0
29676,14.1,15.0,0.9,4015,0,-1.4,6645,35.3,9,47.6,0,1,6700,2,0.00,0xEE,0,0
29692,14.3,15.0,0.7,4006,0,-0.8,6647,35.2,9,47.6,0,1,6682,2,0.00,0xEE,0,0
29723,14.3,15.0,0.7,3994,0,0.3,6712,35.4,0,47.6,0,1,6652,2,0.00,0xEE,0,0
29739,14.3,15.0,0.7,3980,0,0.5,6711,34.9,1,47.6,0,1,6645,2,0.00,0xEE,0,0
29754,14.2,15.0,0.8,3980,0,0.7,6647,35.5,3,47.6,0,1,6642,2,0.00,0xEE,0,0
29769,14.4,15.0,0.6,3971,0,1.1,6647,34.5,5,47.6,0,1,6626,2,0.00,0xEE,0,0
29800,14.4,15.0,0.6,3965,0,1.4,6709,35.6,7,47.6,0,1,6620,2,0.00,0xEE,0,0
29817,14.4,15.0,0.6,3958,0,1.7,6709,35.2,9,47.6,0,1,6611,2,0.00,0xEE,0,0
29832,14.2,15.0,0.8,3969,0,1.2,6641,35.6,9,47.6,0,1,6626,2,0.00,0xEE,0,0
29847,14.2,15.0,0.8,3978,0,0.7,6641,35.7,9,47.6,0,1,6641,2,0.00,0xEE,0,0
29878,14.0,15.0,1.0,3993,0,-0.1,6705,35.1,9,47.6,0,1,6664,2,0.00,0xEE,0,0
29893,14.2,15.0,0.8,3994,0,-0.2,6703,35.1,9,47.6,0,1,6668,2,0.00,0xEE,0,0
29909,14.5,15.0,0.5,3987,0,0.7,6703,34.9,0,47.6,0,1,6637,2,0.00,0xEE,0,0
