t_ms,H_cm,T_cm,E_cm,P,M,D_cms,RPM,RAW_cm,age_ms,F,PRE,CAS,RS,CM,FH,TID,TIN,TST
9,2.6,10.0,0.9,0,0,1.5,0,46.7,72,40.0,0,1,6640,2,0.00,0xEE,0,0
13,2.3,10.0,0.9,0,0,1.5,0,46.5,7,40.0,0,1,6640,2,0.00,0xEE,0,0
13,2.7,10.0,0.9,0,0,1.5,0,46.3,196,40.0,0,1,6640,2,0.00,0xEE,0,0
13,2.9,10.0,0.9,0,0,1.5,0,46.7,4,40.0,0,1,6640,2,0.00,0xEE,0,0
13,2.6,10.0,0.9,0,0,1.5,0,46.9,14,40.0,0,1,6640,2,0.00,0xEE,0,0
13,2.4,10.0,0.9,0,0,1.5,0,46.3,71,40.0,0,1,6640,2,0.00,0xEE,0,0
13,2.5,10.0,0.9,0,0,1.5,0,46.7,10,40.0,0,1,6640,2,0.00,0xEE,0,0
13,2.4,10.0,0.9,0,0,1.5,0,46.1,75,40.0,0,1,6640,2,0.00,0xEE,0,0
13,2.7,10.0,0.9,0,0,1.5,0,46.7,11,33.0,0,1,6640,2,0.00,0xEE,0,0
13,2.5,10.0,0.9,0,0,1.5,0,46.6,76,33.0,0,1,6640,2,0.00,0xEE,0,0
13,2.7,10.0,0.9,0,0,1.5,0,46.1,11,33.0,0,1,6640,2,0.00,0xEE,0,0
13,3.0,10.0,0.9,0,0,1.5,0,46.6,77,33.0,0,1,6640,2,0.00,0xEE,0,0
13,2.7,10.0,0.9,0,0,1.5,0,46.4,12,33.0,0,1,6640,2,0.00,0xEE,0,0
13,2.5,10.0,0.9,0,0,1.5,0,46.6,60,33.0,0,1,6640,2,0.00,0xEE,0,0
13,2.5,10.0,0.9,0,0,1.5,0,46.8,13,33.0,0,1,6640,2,0.00,0xEE,0,0
13,2.7,10.0,0.9,0,0,1.5,0,46.1,61,33.0,0,1,6640,2,0.00,0xEE,0,0
13,2.6,10.0,0.9,0,0,1.5,0,46.9,14,33.0,0,1,6640,2,0.00,0xEE,0,0
13,2.5,10.0,0.9,0,0,1.5,0,46.6,62,33.0,0,1,6640,2,0.00,0xEE,0,0
13,2.5,10.0,0.9,0,0,1.5,0,46.7,15,42.9,0,1,6640,2,0.00,0xEE,0,0
14,2.6,10.0,0.9,0,0,1.5,0,46.5,62,42.9,0,1,6640,2,0.00,0xEE,0,0
14,2.8,10.0,0.9,0,0,1.5,0,46.8,16,42.9,0,1,6640,2,0.00,0xEE,0,0
14,2.6,10.0,0.9,0,0,1.5,0,46.6,55,42.9,0,1,6640,2,0.00,0xEE,0,0
14,2.6,10.0,0.9,0,0,1.5,0,46.7,3,42.9,0,1,6640,2,0.00,0xEE,0,0
14,2.6,10.0,0.9,0,0,1.5,0,47.1,5,42.9,0,1,6640,2,0.00,0xEE,0,0
14,2.5,10.0,0.9,0,0,1.5,0,46.9,7,42.9,0,1,6640,2,0.00,0xEE,0,0
14,2.4,10.0,0.9,0,0,1.5,0,46.4,9,42.9,0,1,6640,2,0.00,0xEE,0,0
14,2.5,10.0,0.9,0,0,1.5,0,46.5,10,42.9,0,1,6640,2,0.00,0xEE,0,0
14,2.6,10.0,0.9,1800,0,1.5,0,46.8,10,42.9,0,1,6640,2,0.00,0xEE,0,0
14,2.8,10.0,0.9,1800,0,1.5,0,46.2,9,42.9,0,1,6640,2,0.00,0xEE,0,0
14,2.7,10.0,0.9,1800,0,1.5,0,47.0,9,42.9,0,1,6640,2,0.00,0xEE,0,0
14,2.4,10.0,0.9,1800,0,1.5,0,46.4,0,42.9,0,1,6640,2,0.00,0xEE,0,0
14,2.5,10.0,0.9,1800,0,1.5,0,46.3,2,42.9,0,1,6640,2,0.00,0xEE,0,0
14,2.7,10.0,0.9,1800,0,1.5,0,46.5,4,42.9,0,1,6640,2,0.00,0xEE,0,0
14,2.8,10.0,0.9,1800,0,1.5,0,46.7,6,42.9,0,1,6640,2,0.00,0xEE,0,0
14,2.7,10.0,0.9,1800,0,1.5,0,46.9,7,42.9,0,1,6640,2,0.00,0xEE,0,0
14,2.6,10.0,0.9,1800,0,1.5,0,46.6,9,42.9,0,1,6640,2,0.00,0xEE,0,0
14,2.6,10.0,0.9,1800,0,1.5,0,46.4,9,42.9,0,1,6640,2,0.00,0xEE,0,0
14,2.6,10.0,0.9,1800,0,1.5,0,46.9,9,42.9,0,1,6640,2,0.00,0xEE,0,0
14,2.6,10.0,0.9,1800,0,1.5,0,47.1,9,42.9,0,1,6640,2,0.00,0xEE,0,0
14,2.5,10.0,0.9,1800,0,1.5,0,46.4,9,42.9,0,1,6640,2,0.00,0xEE,0,0
14,2.7,10.0,0.9,1800,0,1.5,0,46.7,1,42.9,0,1,6640,2,0.00,0xEE,0,0
14,2.8,10.0,0.9,1800,0,1.5,0,46.6,3,42.9,0,1,6640,2,0.00,0xEE,0,0
14,2.7,10.0,0.9,1800,0,1.5,0,46.7,5,42.9,0,1,6640,2,0.00,0xEE,0,0
14,2.6,10.0,0.9,1800,0,1.5,0,46.9,7,42.9,0,1,6640,2,0.00,0xEE,0,0
14,2.6,10.0,0.9,1800,0,1.5,0,46.9,206,39.4,0,1,6640,2,0.00,0xEE,0,0
14,2.5,10.0,0.9,1800,0,1.5,0,46.9,9,39.4,0,1,6640,2,0.00,0xEE,0,0
14,2.4,10.0,0.9,1800,0,1.5,0,46.4,9,39.4,0,1,6640,2,0.00,0xEE,0,0
14,2.4,10.0,0.9,1800,0,1.5,0,46.8,9,39.4,0,1,6640,2,0.00,0xEE,0,0
14,2.6,10.0,0.9,1800,0,1.5,0,46.4,9,39.4,0,1,6640,2,0.00,0xEE,0,0
14,2.6,10.0,0.9,1800,0,1.5,0,46.7,9,39.4,0,1,6640,2,0.00,0xEE,0,0
14,2.6,10.0,0.9,1800,0,1.5,0,46.6,0,39.4,0,1,6640,2,0.00,0xEE,0,0
14,2.6,10.0,0.9,1800,0,1.5,0,46.6,1,39.4,0,1,6640,2,0.00,0xEE,0,0
14,2.6,10.0,0.9,1800,0,1.5,0,46.9,3,39.4,0,1,6640,2,0.00,0xEE,0,0
14,2.6,10.0,0.9,1800,0,1.5,0,46.9,5,39.4,0,1,6640,2,0.00,0xEE,0,0
14,2.5,10.0,0.9,1800,0,1.5,0,46.9,7,39.4,0,1,6640,2,0.00,0xEE,0,0
14,2.4,10.0,0.9,1800,0,1.5,0,46.4,9,39.4,0,1,6640,2,0.00,0xEE,0,0
14,2.4,10.0,0.9,1800,0,1.5,0,46.7,9,39.4,0,1,6640,2,0.00,0xEE,0,0
14,2.5,10.0,0.9,1800,0,1.5,0,47.0,9,39.4,0,1,6640,2,0.00,0xEE,0,0
14,2.5,10.0,0.9,1800,0,1.5,0,47.3,9,39.4,0,1,6640,2,0.00,0xEE,0,0
14,2.4,10.0,0.9,1800,0,1.5,0,46.3,9,39.4,0,1,6640,2,0.00,0xEE,0,0
14,2.3,10.0,0.9,1800,0,1.5,0,46.9,60,39.4,0,1,6640,2,0.00,0xEE,0,0
14,2.3,10.0,0.9,1800,0,1.5,0,47.2,9,39.4,0,1,6640,2,0.00,0xEE,0,0
14,2.3,10.0,0.9,1800,0,1.5,0,47.0,1,39.4,0,1,6640,2,0.00,0xEE,0,0
15,2.4,10.0,0.9,1800,0,1.5,0,46.5,3,39.4,0,1,6640,2,0.00,0xEE,0,0
15,2.5,10.0,0.9,1800,0,1.5,0,46.7,5,39.4,0,1,6640,2,0.00,0xEE,0,0
15,2.7,10.0,0.9,1800,0,1.5,0,46.2,7,39.4,0,1,6640,2,0.00,0xEE,0,0
15,2.7,10.0,0.9,1800,0,1.5,0,46.5,9,39.4,0,1,6640,2,0.00,0xEE,0,0
15,2.8,10.0,0.9,1800,0,1.5,0,46.7,9,39.4,0,1,6640,2,0.00,0xEE,0,0
15,2.8,10.0,0.9,1800,0,1.5,0,46.1,9,39.4,0,1,6640,2,0.00,0xEE,0,0
15,2.7,10.0,0.9,1800,0,1.5,0,47.3,9,39.4,0,1,6640,2,0.00,0xEE,0,0
15,2.6,10.0,0.9,1800,0,1.5,0,46.7,9,39.4,0,1,6640,2,0.00,0xEE,0,0
15,2.5,10.0,0.9,1800,0,1.5,0,46.4,0,39.4,0,1,6640,2,0.00,0xEE,0,0
15,2.4,10.0,0.9,1800,0,1.5,0,46.9,2,39.4,0,1,6640,2,0.00,0xEE,0,0
15,2.6,10.0,0.9,1800,0,1.5,0,46.5,4,39.4,0,1,6640,2,0.00,0xEE,0,0
15,2.6,10.0,0.9,1800,0,1.5,0,46.7,6,39.4,0,1,6640,2,0.00,0xEE,0,0
15,2.6,10.0,0.9,1800,0,1.5,0,46.9,8,39.4,0,1,6640,2,0.00,0xEE,0,0
15,2.5,10.0,0.9,1800,0,1.5,0,47.3,9,39.4,0,1,6640,2,0.00,0xEE,0,0
15,2.4,10.0,0.9,1800,0,1.5,0,46.8,9,39.4,0,1,6640,2,0.00,0xEE,0,0
15,2.4,10.0,0.9,1800,0,1.5,0,46.7,9,39.4,0,1,6640,2,0.00,0xEE,0,0
15,2.4,10.0,0.9,1800,0,1.5,0,47.1,9,39.4,0,1,6640,2,0.00,0xEE,0,0
15,2.4,10.0,0.9,1800,0,1.5,0,47.4,9,39.4,0,1,6640,2,0.00,0xEE,0,0
15,2.4,10.0,0.9,1800,0,1.5,0,46.5,1,39.4,0,1,6640,2,0.00,0xEE,0,0
15,2.6,10.0,0.9,1800,0,1.5,0,46.3,63,39.4,0,1,6640,2,0.00,0xEE,0,0
15,2.8,10.0,0.9,1800,0,1.5,0,46.6,9,39.4,0,1,6640,2,0.00,0xEE,0,0
15,2.8,10.0,0.9,1800,0,1.5,0,47.1,9,39.4,0,1,6640,2,0.00,0xEE,0,0
15,2.7,10.0,0.9,1800,0,1.5,0,46.6,9,39.4,0,1,6640,2,0.00,0xEE,0,0
15,2.7,10.0,0.9,1800,0,1.5,0,46.2,9,39.4,0,1,6640,2,0.00,0xEE,0,0
15,2.6,10.0,0.9,1800,0,1.5,0,47.0,0,39.4,0,1,6640,2,0.00,0xEE,0,0
15,2.5,10.0,0.9,1800,0,1.5,0,46.9,2,39.4,0,1,6640,2,0.00,0xEE,0,0
15,2.3,10.0,0.9,1800,0,1.5,0,47.0,4,49.0,0,1,6640,2,0.00,0xEE,0,0
15,2.3,10.0,0.9,1800,0,1.5,0,46.4,6,49.0,0,1,6640,2,0.00,0xEE,0,0
15,2.5,10.0,0.9,1800,0,1.5,0,46.3,7,49.0,0,1,6640,2,0.00,0xEE,0,0
15,2.7,10.0,0.9,1800,0,1.5,0,47.1,9,49.0,0,1,6640,2,0.00,0xEE,0,0
15,2.7,10.0,0.9,1800,0,1.5,0,46.9,9,49.0,0,1,6640,2,0.00,0xEE,0,0
15,2.5,10.0,0.9,1800,0,1.5,0,46.6,9,49.0,0,1,6640,2,0.00,0xEE,0,0
15,2.5,10.0,0.9,1800,0,1.5,0,46.6,9,49.0,0,1,6640,2,0.00,0xEE,0,0
15,2.6,10.0,0.9,1800,0,1.5,0,47.3,9,49.0,0,1,6640,2,0.00,0xEE,0,0
15,2.5,10.0,0.9,1800,0,1.5,0,46.7,1,49.0,0,1,6640,2,0.00,0xEE,0,0
15,2.4,10.0,0.9,1800,0,1.5,0,46.6,3,49.0,0,1,6640,2,0.00,0xEE,0,0
15,2.5,10.0,0.9,1800,0,1.5,0,46.5,4,49.0,0,1,6640,2,0.00,0xEE,0,0
15,2.6,10.0,0.9,1800,0,1.5,0,46.7,6,49.0,0,1,6640,2,0.00,0xEE,0,0
15,2.6,10.0,0.9,1800,0,1.5,0,46.7,8,49.0,0,1,6640,2,0.00,0xEE,0,0
15,2.6,10.0,0.9,1800,0,1.5,0,46.9,9,49.0,0,1,6640,2,0.00,0xEE,0,0
15,2.6,10.0,0.9,1800,0,1.5,0,46.6,9,49.0,0,1,6640,2,0.00,0xEE,0,0
15,2.6,10.0,0.9,1800,0,1.5,0,46.3,62,49.0,0,1,6640,2,0.00,0xEE,0,0
15,2.6,10.0,0.9,1800,0,1.5,0,46.8,9,49.0,0,1,6640,2,0.00,0xEE,0,0
15,2.7,10.0,0.9,1800,0,1.5,0,46.5,9,49.0,0,1,6640,2,0.00,0xEE,0,0
15,2.6,10.0,0.9,1800,0,1.5,0,46.9,0,49.0,0,1,6640,2,0.00,0xEE,0,0
15,2.6,10.0,0.9,1800,0,1.5,0,46.1,2,49.0,0,1,6640,2,0.00,0xEE,0,0
15,2.6,10.0,0.9,1800,0,1.5,0,46.5,4,49.0,0,1,6640,2,0.00,0xEE,0,0
15,2.7,10.0,0.9,1800,0,1.5,0,46.6,6,49.0,0,1,6640,2,0.00,0xEE,0,0
15,2.7,10.0,0.9,1800,0,1.5,0,46.8,8,49.0,0,1,6640,2,0.00,0xEE,0,0
15,2.7,10.0,0.9,1800,0,1.5,0,46.5,9,49.0,0,1,6640,2,0.00,0xEE,0,0
15,2.7,10.0,0.9,1800,0,1.5,0,46.4,9,49.0,0,1,6640,2,0.00,0xEE,0,0
15,2.7,10.0,0.9,1800,0,1.5,0,47.0,9,49.0,0,1,6640,2,0.00,0xEE,0,0
15,2.8,10.0,0.9,1800,0,1.5,0,46.0,9,49.0,0,1,6640,2,0.00,0xEE,0,0
15,2.8,10.0,0.9,1800,0,1.5,0,46.5,9,49.0,0,1,6640,2,0.00,0xEE,0,0
15,2.8,10.0,0.9,1800,0,1.5,0,47.0,1,49.0,0,1,6640,2,0.00,0xEE,0,0
15,2.8,10.0,0.9,1800,0,1.5,0,46.6,3,49.0,0,1,6640,2,0.00,0xEE,0,0
15,2.7,10.0,0.9,1800,0,1.5,0,46.2,5,49.0,0,1,6640,2,0.00,0xEE,0,0
15,2.7,10.0,0.9,1800,0,1.5,0,47.1,7,49.0,0,1,6640,2,0.00,0xEE,0,0
15,2.5,10.0,0.9,1800,0,1.5,0,47.3,9,49.0,0,1,6640,2,0.00,0xEE,0,0
15,2.3,10.0,0.9,1800,0,1.5,0,46.2,9,49.0,0,1,6640,2,0.00,0xEE,0,0
15,2.4,10.0,0.9,1800,0,1.5,0,46.3,9,49.0,0,1,6640,2,0.00,0xEE,0,0
15,2.7,10.0,0.9,1800,0,1.5,0,46.7,9,49.0,0,1,6640,2,0.00,0xEE,0,0
15,2.8,10.0,0.9,1800,0,1.5,0,46.8,9,49.0,0,1,6640,2,0.00,0xEE,0,0
15,2.5,10.0,0.9,1800,0,1.5,0,46.8,0,49.0,0,1,6640,2,0.00,0xEE,0,0
15,2.5,10.0,0.9,1800,0,1.5,0,46.8,63,49.0,0,1,6640,2,0.00,0xEE,0,0
15,2.5,10.0,0.9,1800,0,1.5,0,46.7,9,49.0,0,1,6640,2,0.00,0xEE,0,0
15,2.5,10.0,0.9,1800,0,1.5,0,46.8,9,49.0,0,1,6640,2,0.00,0xEE,0,0
15,2.5,10.0,0.9,1800,0,1.5,0,47.0,9,49.0,0,1,6640,2,0.00,0xEE,0,0
15,2.5,10.0,0.9,1800,0,1.5,0,46.7,9,49.0,0,1,6640,2,0.00,0xEE,0,0
15,2.5,10.0,0.9,1800,0,1.5,0,46.5,0,49.0,0,1,6640,2,0.00,0xEE,0,0
15,2.6,10.0,0.9,1800,0,1.5,0,46.6,2,49.0,0,1,6640,2,0.00,0xEE,0,0
15,2.6,10.0,0.9,1800,0,1.5,0,46.9,4,49.0,0,1,6640,2,0.00,0xEE,0,0
15,2.7,10.0,0.9,1800,0,1.5,0,46.4,6,49.0,0,1,6640,2,0.00,0xEE,0,0
15,2.6,10.0,0.9,1800,0,1.5,0,46.8,8,49.0,0,1,6640,2,0.00,0xEE,0,0
15,2.6,10.0,0.9,1800,0,1.5,0,46.7,9,49.0,0,1,6640,2,0.00,0xEE,0,0
15,2.5,10.0,0.9,1800,0,1.5,0,47.0,9,49.0,0,1,6640,2,0.00,0xEE,0,0
28,2.5,20.0,0.0,3920,1,0.0,0,46.2,9,49.0,0,1,6600,2,0.00,0xEE,0,0
43,2.6,20.0,17.4,4100,1,0.0,0,46.4,9,49.0,0,1,7200,2,0.00,0xEE,0,0
59,2.8,20.0,17.2,4100,1,0.0,0,46.8,9,49.0,0,1,7200,2,0.00,0xEE,0,0
75,2.7,20.0,17.3,4100,1,0.0,0,46.4,1,49.0,0,1,7200,2,0.00,0xEE,0,0
106,2.7,20.0,17.3,4100,1,0.0,0,46.4,3,49.0,0,1,7200,2,0.00,0xEE,0,0
121,2.8,20.0,17.2,4100,1,0.0,0,46.7,5,49.0,0,1,7200,2,0.00,0xEE,0,0
138,2.8,20.0,17.2,4100,1,0.0,0,46.5,7,49.0,0,1,7200,2,0.00,0xEE,0,0
168,2.7,20.0,17.3,4100,1,0.0,0,46.7,9,49.0,0,1,7200,2,0.00,0xEE,0,0
183,2.6,20.0,17.4,4100,1,0.0,0,47.0,9,49.0,0,1,7200,2,0.00,0xEE,0,0
199,2.6,20.0,17.4,4100,1,0.0,0,46.7,9,49.0,0,1,7200,2,0.00,0xEE,0,0
215,2.5,20.0,17.5,4100,1,0.0,0,46.8,9,49.0,0,1,7200,2,0.00,0xEE,0,0
431,2.5,20.0,17.5,4100,1,0.0,0,46.8,196,49.0,0,1,7200,2,0.00,0xEE,0,0
447,2.5,20.0,17.5,4100,1,0.0,0,46.3,6,49.0,0,1,7200,2,0.00,0xEE,0,0
462,2.6,20.0,17.4,4100,1,0.0,0,46.5,8,49.0,0,1,7200,2,0.00,0xEE,0,0
493,2.7,20.0,17.3,4100,1,0.0,0,46.5,9,49.0,0,1,7200,2,0.00,0xEE,0,0
508,2.8,20.0,17.2,4100,1,0.0,0,46.4,9,49.0,0,1,7200,2,0.00,0xEE,0,0
524,2.8,20.0,17.2,4100,1,0.0,0,46.5,9,49.0,0,1,7200,2,0.00,0xEE,0,0
554,2.8,20.0,17.2,4100,1,0.0,0,46.4,9,49.0,0,1,7200,2,0.00,0xEE,0,0
570,2.8,20.0,17.2,4100,1,0.0,0,46.4,9,49.0,0,1,7200,2,0.00,0xEE,0,0
585,2.8,20.0,17.2,4100,1,0.0,0,47.0,1,49.0,0,1,7200,2,0.00,0xEE,0,0
617,2.7,20.0,17.3,4100,1,0.0,0,46.7,3,49.0,0,1,7200,2,0.00,0xEE,0,0
632,2.5,20.0,17.5,4100,1,0.0,0,46.9,5,49.0,0,1,7200,2,0.00,0xEE,0,0
648,2.5,20.0,17.5,4100,1,0.0,0,46.5,7,49.0,0,1,7200,2,0.00,0xEE,0,0
664,2.5,20.0,17.5,4100,1,0.0,0,46.6,9,49.0,0,1,7200,2,0.00,0xEE,0,0
695,2.6,20.0,17.4,4100,1,0.0,0,46.7,9,49.0,0,1,7200,2,0.00,0xEE,0,0
710,2.6,20.0,17.4,4100,1,0.0,0,47.0,9,49.0,0,1,7200,2,0.00,0xEE,0,0
726,2.6,20.0,17.4,4100,1,0.0,0,46.3,9,49.0,0,1,7200,2,0.00,0xEE,0,0
802,2.5,20.0,17.5,4100,1,0.0,0,46.8,60,49.0,0,1,7200,2,0.00,0xEE,0,0
818,2.6,20.0,17.4,4100,1,0.0,0,46.6,9,49.0,0,1,7200,2,0.00,0xEE,0,0
833,2.5,20.0,17.5,4100,1,0.0,0,47.2,9,49.0,0,1,7200,2,0.00,0xEE,0,0
864,2.5,20.0,17.5,4100,1,0.0,0,46.9,1,49.0,0,1,7200,2,0.00,0xEE,0,0
879,2.5,20.0,17.5,4100,1,0.0,0,46.5,3,49.0,0,1,7200,2,0.00,0xEE,0,0
895,2.4,20.0,17.6,4100,1,0.0,0,47.0,5,49.0,0,1,7200,2,0.00,0xEE,0,0
927,2.4,20.0,17.6,4100,1,0.0,0,47.4,7,43.0,0,1,7200,2,0.00,0xEE,0,0
943,2.3,20.0,17.7,4100,1,0.0,0,47.0,8,43.0,0,1,7200,2,0.00,0xEE,0,0
959,2.3,20.0,17.7,4100,1,0.0,0,46.9,9,43.0,0,1,7200,2,0.00,0xEE,0,0
974,2.3,20.0,17.7,4100,1,0.0,0,46.7,9,43.0,0,1,7200,2,0.00,0xEE,0,0
1005,2.4,20.0,17.6,4100,1,0.0,0,46.6,9,43.0,0,1,7200,2,0.00,0xEE,0,0
1021,2.5,20.0,17.5,4100,1,0.0,0,46.7,9,43.0,0,1,7200,2,0.00,0xEE,0,0
1037,2.6,20.0,17.4,4100,1,0.0,0,47.1,0,43.0,0,1,7200,2,0.00,0xEE,0,0
1053,2.6,20.0,17.4,4100,1,0.0,0,46.6,2,43.0,0,1,7200,2,0.00,0xEE,0,0
1083,2.5,20.0,17.5,4100,1,0.0,0,47.2,4,43.0,0,1,7200,2,0.00,0xEE,0,0
1099,2.5,20.0,17.5,4100,1,0.0,0,46.5,6,43.0,0,1,7200,2,0.00,0xEE,0,0
1115,2.5,20.0,17.5,4100,1,0.0,0,46.6,8,43.0,0,1,7200,2,0.00,0xEE,0,0
1146,2.7,20.0,17.3,4100,1,0.0,0,46.3,9,43.0,0,1,7200,2,0.00,0xEE,0,0
1162,2.7,20.0,17.3,4100,1,0.0,0,46.9,9,43.0,0,1,7200,2,0.00,0xEE,0,0
1177,2.7,20.0,17.3,4100,1,0.0,0,46.7,9,43.0,0,1,7200,2,0.00,0xEE,0,0
1207,2.6,20.0,17.4,4100,1,0.0,0,46.3,9,43.0,0,1,7200,2,0.00,0xEE,0,0
1223,2.6,20.0,17.4,4100,1,0.0,0,47.1,9,43.0,0,1,7200,2,0.00,0xEE,0,0
1300,2.6,20.0,17.4,4100,1,0.0,1621,46.9,61,43.0,0,1,7200,2,0.00,0xEE,0,0
1316,2.6,20.0,17.4,4100,1,0.0,2275,46.7,9,43.0,0,1,7200,2,0.00,0xEE,0,0
1347,2.5,20.0,17.5,4100,1,0.0,2704,46.6,9,43.0,0,1,7200,2,0.00,0xEE,0,0
1362,2.6,20.0,17.4,4100,1,0.0,3026,46.0,9,43.0,0,1,7200,2,0.00,0xEE,0,0
1392,2.6,20.0,17.4,4100,1,0.0,3282,46.9,9,43.0,0,1,7200,2,0.00,0xEE,0,0
1408,2.7,20.0,17.3,4100,1,0.0,3496,46.4,9,43.0,0,1,7200,2,0.00,0xEE,0,0
1439,2.7,20.0,17.3,4100,1,0.0,3718,46.3,0,43.0,0,1,7200,2,0.00,0xEE,0,0
1439,2.6,20.0,17.4,4100,1,0.0,3866,46.7,2,43.0,0,1,7200,2,0.00,0xEE,0,0
1454,2.7,20.0,17.3,4100,1,0.0,4096,46.8,4,43.0,0,1,7200,2,0.00,0xEE,0,0
1484,2.6,20.0,17.4,4100,1,0.0,4218,46.7,6,43.0,0,1,7200,2,0.00,0xEE,0,0
1500,2.6,20.0,17.4,4100,1,0.0,4401,46.7,7,43.0,0,1,7200,2,0.00,0xEE,0,0
1516,2.6,20.0,17.4,4100,1,0.0,4481,46.7,9,43.0,0,1,7200,2,0.00,0xEE,0,0
1546,2.6,20.0,17.4,4100,1,0.0,4634,47.0,9,43.0,0,1,7200,2,0.00,0xEE,0,0
1561,2.6,20.0,17.4,4100,1,0.0,4686,46.5,9,43.0,0,1,7200,2,0.00,0xEE,0,0
1577,2.6,20.0,17.4,4100,1,0.0,4817,46.6,9,43.0,0,1,7200,2,0.00,0xEE,0,0
1607,2.6,20.0,17.4,4100,1,0.0,4849,46.9,9,43.0,0,1,7200,2,0.00,0xEE,0,0
1622,2.6,20.0,17.4,4100,1,0.0,4966,47.0,1,43.0,0,1,7200,2,0.00,0xEE,0,0
1638,2.6,20.0,17.4,4100,1,0.0,5050,46.5,3,43.0,0,1,7200,2,0.00,0xEE,0,0
1669,2.6,20.0,17.4,4100,1,0.0,5059,46.5,4,43.0,0,1,7200,2,0.00,0xEE,0,0
1684,2.8,20.0,17.2,4100,1,0.0,5129,46.5,6,43.0,0,1,7200,2,0.00,0xEE,0,0
1700,2.8,20.0,17.2,4100,1,0.0,5229,46.6,8,43.0,0,1,7200,2,0.00,0xEE,0,0
1715,2.7,20.0,17.3,4100,1,0.0,5224,47.0,9,43.0,0,1,7200,2,0.00,0xEE,0,0
1808,2.6,20.0,17.4,4100,1,0.0,5477,47.5,69,43.0,0,1,7200,2,0.00,0xEE,0,0
1823,2.3,20.0,17.7,4100,1,0.0,5458,47.0,2,43.0,0,1,7200,2,0.00,0xEE,0,0
1839,2.3,20.0,17.7,4100,1,0.0,5502,46.8,3,43.0,0,1,7200,2,0.00,0xEE,0,0
1855,2.4,20.0,17.6,4100,1,0.0,5545,46.7,5,43.0,0,1,7200,2,0.00,0xEE,0,0
1886,2.5,20.0,17.5,4100,1,0.0,5584,46.6,7,43.0,0,1,7200,2,0.00,0xEE,0,0
1901,2.6,20.0,17.4,4100,1,0.0,5667,46.6,9,43.0,0,1,7200,2,0.00,0xEE,0,0
1917,2.6,20.0,17.4,4100,1,0.0,5703,46.8,9,49.0,0,1,7200,2,0.00,0xEE,0,0
1947,2.6,20.0,17.4,4100,1,0.0,5738,46.9,9,49.0,0,1,7200,2,0.00,0xEE,0,0
1962,2.5,20.0,17.5,4100,1,0.0,5772,47.2,9,49.0,0,1,7200,2,0.00,0xEE,0,0
1978,2.4,20.0,17.6,4100,1,0.0,5806,46.9,9,49.0,0,1,7200,2,0.00,0xEE,0,0
1994,2.4,20.0,17.6,4100,1,0.0,5772,46.7,1,49.0,0,1,7200,2,0.00,0xEE,0,0
2024,2.5,20.0,17.5,4100,1,0.0,5801,47.4,2,49.0,0,1,7200,2,0.00,0xEE,0,0
2040,2.6,20.0,17.4,4100,1,0.0,5830,46.2,4,49.0,0,1,7200,2,0.00,0xEE,0,0
2056,2.6,20.0,17.4,4100,1,0.0,5858,46.6,6,49.0,0,1,7200,2,0.00,0xEE,0,0
2086,2.6,20.0,17.4,4100,1,0.0,5884,46.7,8,49.0,0,1,7200,2,0.00,0xEE,0,0
2103,2.7,20.0,17.3,4100,1,0.0,5909,46.5,9,49.0,0,1,7200,2,0.00,0xEE,0,0
2118,2.7,20.0,17.3,4100,1,0.0,5933,46.5,9,49.0,0,1,7200,2,0.00,0xEE,0,0
2134,2.7,20.0,17.3,4100,1,0.0,5957,46.3,9,49.0,0,1,7200,2,0.00,0xEE,0,0
2166,2.8,20.0,17.2,4100,1,0.0,5979,46.5,9,49.0,0,1,7200,2,0.00,0xEE,0,0
2180,2.7,20.0,17.3,4100,1,0.0,6001,46.6,0,49.0,0,1,7200,2,0.00,0xEE,0,0
2196,2.7,20.0,17.3,4100,1,0.0,6022,46.3,1,49.0,0,1,7200,2,0.00,0xEE,0,0
2227,2.7,20.0,17.3,4100,1,0.0,6043,46.4,3,49.0,0,1,7200,2,0.00,0xEE,0,0
2304,2.8,20.0,17.2,4100,1,0.0,6118,46.8,65,49.0,0,1,7200,2,0.00,0xEE,0,0
2320,2.7,20.0,17.3,4100,1,0.0,6200,46.9,9,49.0,0,1,7200,2,0.00,0xEE,0,0
2334,2.6,20.0,17.4,4100,1,0.0,6217,46.2,9,49.0,0,1,7200,2,0.00,0xEE,0,0
2366,2.4,20.0,17.6,4100,1,0.0,6233,47.0,9,49.0,0,1,7200,2,0.00,0xEE,0,0
2381,2.4,20.0,17.6,4100,1,0.0,6248,46.9,1,49.0,0,1,7200,2,0.00,0xEE,0,0
2397,2.4,20.0,17.6,4100,1,0.0,6264,46.6,2,49.0,0,1,7200,2,0.00,0xEE,0,0
2428,2.4,20.0,17.6,4100,1,0.0,6278,47.2,4,49.0,0,1,7200,2,0.00,0xEE,0,0
2444,2.5,20.0,17.5,4100,1,0.0,6294,46.4,6,49.0,0,1,7200,2,0.00,0xEE,0,0
2459,2.6,20.0,17.4,4100,1,0.0,6250,46.6,8,49.0,0,1,7200,2,0.00,0xEE,0,0
2474,2.7,20.0,17.3,4100,1,0.0,6264,46.9,9,49.0,0,1,7200,2,0.00,0xEE,0,0
2506,2.7,20.0,17.3,4100,1,0.0,6276,46.5,9,49.0,0,1,7200,2,0.00,0xEE,0,0
2520,2.7,20.0,17.3,4100,1,0.0,6289,46.5,9,49.0,0,1,7200,2,0.00,0xEE,0,0
2536,2.7,20.0,17.3,4100,1,0.0,6301,47.1,9,49.0,0,1,7200,2,0.00,0xEE,0,0
2567,2.5,20.0,17.5,4100,1,0.0,6377,45.9,0,49.0,0,1,7200,2,0.00,0xEE,0,0
2582,2.5,20.0,17.5,4100,1,0.0,6389,46.4,1,49.0,0,1,7200,2,0.00,0xEE,0,0
2597,2.7,20.0,17.3,4100,1,0.0,6400,46.8,3,49.0,0,1,7200,2,0.00,0xEE,0,0
2628,2.8,20.0,17.2,4100,1,0.0,6412,46.7,5,49.0,0,1,7200,2,0.00,0xEE,0,0
2643,2.7,20.0,17.3,4100,1,0.0,6364,46.5,7,49.0,0,1,7200,2,0.00,0xEE,0,0
2658,2.6,20.0,17.4,4100,1,0.0,6373,46.8,9,49.0,0,1,7200,2,0.00,0xEE,0,0
2674,2.6,20.0,17.4,4100,1,0.0,6385,46.6,9,49.0,0,1,7200,2,0.00,0xEE,0,0
2706,2.6,20.0,17.4,4100,1,0.0,6393,46.6,9,49.0,0,1,7200,2,0.00,0xEE,0,0
2721,2.7,20.0,17.3,4100,1,0.0,6468,46.6,9,49.0,0,1,7200,2,0.00,0xEE,0,0
2799,2.7,20.0,17.3,4100,1,0.0,6443,46.6,69,49.0,0,1,7200,2,0.00,0xEE,0,0
2815,2.7,20.0,17.3,4100,1,0.0,6451,46.4,6,49.0,0,1,7200,2,0.00,0xEE,0,0
2846,2.6,20.0,17.4,4100,1,0.0,6525,46.7,8,49.0,0,1,7200,2,0.00,0xEE,0,0
2862,2.6,20.0,17.4,4100,1,0.0,6533,47.0,9,49.0,0,1,7200,2,0.00,0xEE,0,0
2877,2.5,20.0,17.5,4100,1,0.0,6540,46.8,9,49.0,0,1,7200,2,0.00,0xEE,0,0
2893,2.5,20.0,17.5,4100,1,0.0,6487,46.7,9,49.0,0,1,7200,2,0.00,0xEE,0,0
2925,2.5,20.0,17.5,4100,1,0.0,6493,46.6,9,49.0,0,1,7200,2,0.00,0xEE,0,0
2940,2.6,20.0,17.4,4100,1,0.0,6564,46.8,0,49.0,0,1,7200,2,0.00,0xEE,0,0
2955,2.7,20.0,17.3,4100,1,0.0,6573,46.5,1,49.0,0,1,7200,2,0.00,0xEE,0,0
2986,2.6,20.0,17.4,4100,1,0.0,6578,46.9,3,49.0,0,1,7200,2,0.00,0xEE,0,0
3002,2.6,20.0,17.4,4100,1,0.0,6586,46.6,5,49.0,0,1,7200,2,0.00,0xEE,0,0
3033,2.6,20.0,17.4,4100,1,0.0,6530,46.7,7,49.0,0,1,7200,2,0.00,0xEE,0,0
3048,2.6,20.0,17.4,4100,1,0.0,6537,46.8,9,49.0,0,1,7200,2,0.00,0xEE,0,0
3064,2.6,20.0,17.4,4100,1,0.0,6607,46.4,9,49.0,0,1,7200,2,0.00,0xEE,0,0
3079,2.5,20.0,17.5,4100,1,0.0,6613,46.8,9,49.0,0,1,7200,2,0.00,0xEE,0,0
3094,2.6,20.0,17.4,4100,1,0.0,6619,46.6,9,49.0,0,1,7200,2,0.00,0xEE,0,0
3125,2.5,20.0,17.5,4100,1,0.0,6563,46.8,9,49.0,0,1,7200,2,0.00,0xEE,0,0
3140,2.5,20.0,17.5,4100,1,0.0,6567,46.7,0,49.0,0,1,7200,2,0.00,0xEE,0,0
3155,2.5,20.0,17.5,4100,1,0.0,6638,46.6,2,49.0,0,1,7200,2,0.00,0xEE,0,0
3186,2.5,20.0,17.5,4100,1,0.0,6644,46.9,4,49.0,0,1,7200,2,0.00,0xEE,0,0
3201,2.5,20.0,17.5,4100,1,0.0,6650,46.9,6,49.0,0,1,7200,2,0.00,0xEE,0,0
3216,2.4,20.0,17.6,4100,1,0.0,6591,46.8,8,49.0,0,1,7200,2,0.00,0xEE,0,0
3294,2.4,20.0,17.6,4100,1,0.0,6677,47.1,69,49.0,0,1,7200,2,0.00,0xEE,0,0
3325,2.3,20.0,17.7,4100,1,0.0,6616,47.0,9,49.0,0,1,7200,2,0.00,0xEE,0,0
3340,2.3,20.0,17.7,4100,1,0.0,6622,46.7,1,49.0,0,1,7200,2,0.00,0xEE,0,0
3356,2.4,20.0,17.6,4100,1,0.0,6691,46.6,3,49.0,0,1,7200,2,0.00,0xEE,0,0
3387,2.5,20.0,17.5,4100,1,0.0,6694,46.9,5,49.0,0,1,7200,2,0.00,0xEE,0,0
3403,2.6,20.0,17.4,4100,1,0.0,6634,46.7,7,49.0,0,1,7200,2,0.00,0xEE,0,0
3417,2.6,20.0,17.4,4100,1,0.0,6638,46.7,9,49.0,0,1,7200,2,0.00,0xEE,0,0
3434,2.6,20.0,17.4,4100,1,0.0,6706,46.8,9,49.0,0,1,7200,2,0.00,0xEE,0,0
3464,2.5,20.0,17.5,4100,1,0.0,6711,47.0,9,49.0,0,1,7200,2,0.00,0xEE,0,0
3478,2.5,20.0,17.5,4100,1,0.0,6715,46.7,9,49.0,0,1,7200,2,0.00,0xEE,0,0
3494,2.4,20.0,17.6,4100,1,0.0,6656,46.9,9,49.0,0,1,7200,2,0.00,0xEE,0,0
3525,2.4,20.0,17.6,4100,1,0.0,6657,46.8,0,49.0,0,1,7200,2,0.00,0xEE,0,0
3540,2.5,20.0,17.5,4100,1,0.0,6729,46.7,2,49.0,0,1,7200,2,0.00,0xEE,0,0
3555,2.5,20.0,17.5,4100,1,0.0,6732,46.8,4,49.0,0,1,7200,2,0.00,0xEE,0,0
3587,2.5,20.0,17.5,4100,1,0.0,6672,46.8,6,49.0,0,1,7200,2,0.00,0xEE,0,0
3602,2.5,20.0,17.5,4100,1,0.0,6675,46.0,8,49.0,0,1,7200,2,0.00,0xEE,0,0
3618,2.5,20.0,17.5,4100,1,0.0,6743,46.9,9,49.0,0,1,7200,2,0.00,0xEE,0,0
3633,2.4,20.0,17.6,4100,1,0.0,6747,47.2,9,49.0,0,1,7200,2,0.00,0xEE,0,0
3665,2.4,20.0,17.6,4100,1,0.0,6685,46.8,9,49.0,0,1,7200,2,0.00,0xEE,0,0
3680,2.4,20.0,17.6,4100,1,0.0,6688,46.7,9,49.0,0,1,7200,2,0.00,0xEE,0,0
3696,2.4,20.0,17.6,4100,1,0.0,6758,47.3,9,49.0,0,1,7200,2,0.00,0xEE,0,0
3727,2.4,20.0,17.6,4100,1,0.0,6759,47.0,1,49.0,0,1,7200,2,0.00,0xEE,0,0
3805,2.3,20.0,17.7,4100,1,0.0,6773,47.5,63,49.0,0,1,7200,2,0.00,0xEE,0,0
3821,2.1,20.0,17.9,4100,1,0.0,6709,47.6,9,49.0,0,1,7200,2,0.00,0xEE,0,0
3837,1.9,20.0,18.1,4100,1,0.0,6712,46.5,9,49.0,0,1,7200,2,0.00,0xEE,0,0
3868,2.1,20.0,17.9,4100,1,0.0,6781,46.4,9,49.0,0,1,7200,2,0.00,0xEE,0,0
3883,2.4,20.0,17.6,4100,1,0.0,6784,47.0,9,49.0,0,1,7200,2,0.00,0xEE,0,0
3899,2.7,20.0,17.3,4100,1,0.0,6720,46.3,0,49.0,0,1,7200,2,0.00,0xEE,0,0
3915,2.7,20.0,17.3,4100,1,0.0,6723,46.8,2,49.0,0,1,7200,2,0.00,0xEE,0,0
3946,2.6,20.0,17.4,4100,1,0.0,6790,47.2,4,49.0,0,1,7200,2,0.00,0xEE,0,0
3962,2.5,20.0,17.5,4100,1,0.0,6791,46.7,6,49.0,0,1,7200,2,0.00,0xEE,0,0
3977,2.5,20.0,17.5,4100,1,0.0,6730,46.7,8,49.0,0,1,7200,2,0.00,0xEE,0,0
4008,2.5,20.0,17.5,4100,1,0.0,6732,46.6,9,49.0,0,1,7200,2,0.00,0xEE,0,0
4024,2.6,20.0,17.4,4100,1,0.0,6801,46.5,9,49.0,0,1,7200,2,0.00,0xEE,0,0
4039,2.6,20.0,17.4,4100,1,0.0,6802,47.1,9,49.0,0,1,7200,2,0.00,0xEE,0,0
4055,2.6,20.0,17.4,4100,1,0.0,6738,46.8,9,49.0,0,1,7200,2,0.00,0xEE,0,0
4086,2.5,20.0,17.5,4100,1,0.0,6741,46.6,9,49.0,0,1,7200,2,0.00,0xEE,0,0
4101,2.6,20.0,17.4,4100,1,0.0,6808,46.7,1,49.0,0,1,7200,2,0.00,0xEE,0,0
4117,2.7,20.0,17.3,4100,1,0.0,6808,46.6,3,49.0,0,1,7200,2,0.00,0xEE,0,0
4148,2.6,20.0,17.4,4100,1,0.0,6746,46.8,5,49.0,0,1,7200,2,0.00,0xEE,0,0
4164,2.6,20.0,17.4,4100,1,0.0,6747,46.7,7,49.0,0,1,7200,2,0.00,0xEE,0,0
4180,2.6,20.0,17.4,4100,1,0.0,6815,46.2,9,49.0,0,1,7200,2,0.00,0xEE,0,0
4195,2.6,20.0,17.4,4100,1,0.0,6816,46.8,9,49.0,0,1,7200,2,0.00,0xEE,0,0
4226,2.6,20.0,17.4,4100,1,0.0,6753,46.6,9,49.0,0,1,7200,2,0.00,0xEE,0,0
4304,2.6,20.0,17.4,4100,1,0.0,6759,46.3,69,49.0,0,1,7200,2,0.00,0xEE,0,0
4320,2.7,20.0,17.3,4100,1,0.0,6761,46.8,4,49.0,0,1,7200,2,0.00,0xEE,0,0
4336,2.8,20.0,17.2,4100,1,0.0,6827,46.4,6,49.0,0,1,7200,2,0.00,0xEE,0,0
4367,2.7,20.0,17.3,4100,1,0.0,6764,47.0,8,49.0,0,1,7200,2,0.00,0xEE,0,0
4383,2.6,20.0,17.4,4100,1,0.0,6765,46.7,9,49.0,0,1,7200,2,0.00,0xEE,0,0
4398,2.5,20.0,17.5,4100,1,0.0,6833,46.2,9,49.0,0,1,7200,2,0.00,0xEE,0,0
4414,2.6,20.0,17.4,4100,1,0.0,6833,46.7,9,49.0,0,1,7200,2,0.00,0xEE,0,0
4444,2.6,20.0,17.4,4100,1,0.0,6770,46.6,9,49.0,0,1,7200,2,0.00,0xEE,0,0
4460,2.6,20.0,17.4,4100,1,0.0,6772,46.3,9,49.0,0,1,7200,2,0.00,0xEE,0,0
4475,2.8,20.0,17.2,4100,1,0.0,6836,45.5,1,49.0,0,1,7200,2,0.00,0xEE,0,0
4506,2.8,20.0,17.2,4100,1,0.0,6839,46.5,3,49.0,0,1,7200,2,0.00,0xEE,0,0
4521,3.1,20.0,16.9,4100,1,0.0,6775,45.7,5,49.0,0,1,7200,2,0.00,0xEE,0,0
4536,3.1,20.0,16.9,4100,1,0.0,6775,46.2,7,49.0,0,1,7200,2,0.00,0xEE,0,0
4567,3.3,20.0,16.7,4100,1,0.0,6839,46.2,9,49.0,0,1,7200,2,0.00,0xEE,0,0
4582,3.1,20.0,16.9,4100,1,0.0,6841,46.3,9,49.0,0,1,7200,2,0.00,0xEE,0,0
4598,3.1,20.0,16.9,4100,1,0.0,6776,45.7,9,49.0,0,1,7200,2,0.00,0xEE,0,0
4628,3.1,20.0,16.9,4100,1,0.0,6778,46.1,9,49.0,0,1,7200,2,0.00,0xEE,0,0
4644,3.1,20.0,16.9,4100,1,0.0,6844,46.2,9,49.0,0,1,7200,2,0.00,0xEE,0,0
4659,3.1,20.0,16.9,4100,1,0.0,6778,46.2,0,49.0,0,1,7200,2,0.00,0xEE,0,0
4674,3.3,20.0,16.7,4100,1,0.0,6779,45.4,2,49.0,0,1,7200,2,0.00,0xEE,0,0
4706,3.4,20.0,16.6,4100,1,0.0,6846,45.7,4,49.0,0,1,7200,2,0.00,0xEE,0,0
4721,3.6,20.0,16.4,4100,1,0.0,6846,45.9,6,49.0,0,1,7200,2,0.00,0xEE,0,0
4799,3.6,20.0,16.4,4100,1,0.0,6847,45.6,68,49.0,0,1,7200,2,0.00,0xEE,0,0
4815,3.6,20.0,16.4,4100,1,0.0,6782,45.5,9,49.0,0,1,7200,2,0.00,0xEE,0,0
4846,3.7,20.0,16.3,4100,1,0.0,6782,45.6,9,49.0,0,1,7200,2,0.00,0xEE,0,0
4876,3.9,20.0,16.1,4100,1,0.0,6849,45.1,1,49.0,0,1,7200,2,0.00,0xEE,0,0
4876,4.1,20.0,15.9,4100,1,0.0,6782,45.3,3,49.0,0,1,7200,2,0.00,0xEE,0,0
4907,4.2,20.0,15.8,4100,1,0.0,6782,44.8,5,49.0,0,1,7200,2,0.00,0xEE,0,0
4926,4.2,20.0,15.8,4100,1,0.0,6849,45.1,6,50.0,0,1,7200,2,0.00,0xEE,0,0
4953,4.2,20.0,15.8,4100,1,0.0,6849,45.2,8,50.0,0,1,7200,2,0.00,0xEE,0,0
4953,4.2,20.0,15.8,4100,1,0.0,6784,44.9,9,50.0,0,1,7200,2,0.00,0xEE,0,0
4985,4.3,20.0,15.7,4100,1,0.0,6785,44.8,9,50.0,0,1,7200,2,0.00,0xEE,0,0
5000,4.4,20.0,15.6,4100,1,0.0,6850,44.6,9,50.0,0,1,7200,2,0.00,0xEE,0,0
5015,4.6,20.0,15.4,4100,1,0.0,6850,44.5,9,50.0,0,1,7200,2,0.00,0xEE,0,0
5047,4.8,20.0,15.2,4100,1,0.0,6787,44.3,0,50.0,0,1,7200,2,0.00,0xEE,0,0
5062,4.8,20.0,15.2,4100,1,0.0,6785,44.4,2,50.0,0,1,7200,2,0.00,0xEE,0,0
5077,4.9,20.0,15.1,4100,1,0.0,6852,44.1,4,50.0,0,1,7200,2,0.00,0xEE,0,0
5108,5.0,20.0,15.0,4100,1,0.0,6787,44.5,5,50.0,0,1,7200,2,0.00,0xEE,0,0
5123,5.0,20.0,15.0,4100,1,0.0,6787,44.4,7,50.0,0,1,7200,2,0.00,0xEE,0,0
5139,4.9,20.0,15.1,4100,1,0.0,6852,44.2,9,50.0,0,1,7200,2,0.00,0xEE,0,0
5154,5.0,20.0,15.0,4100,1,0.0,6854,43.9,9,50.0,0,1,7200,2,0.00,0xEE,0,0
5185,5.1,20.0,14.9,4100,1,0.0,6787,44.0,9,50.0,0,1,7200,2,0.00,0xEE,0,0
5200,5.3,20.0,14.7,4100,1,0.0,6787,43.7,9,50.0,0,1,7200,2,0.00,0xEE,0,0
5215,5.4,20.0,14.6,4100,1,0.0,6854,44.0,9,50.0,0,1,7200,2,0.00,0xEE,0,0
5307,5.6,20.0,14.4,4100,1,0.0,6854,43.6,61,50.0,0,1,7200,2,0.00,0xEE,0,0
5322,5.9,20.0,14.1,4100,1,0.0,6788,42.8,9,50.0,0,1,7200,2,0.00,0xEE,0,0
5337,6.1,20.0,13.9,4100,1,0.0,6787,43.0,9,50.0,0,1,7200,2,0.00,0xEE,0,0
5353,6.4,20.0,13.6,4100,1,0.0,6852,42.3,9,50.0,0,1,7200,2,0.00,0xEE,0,0
5385,6.7,20.0,13.3,4100,1,0.0,6852,42.4,9,50.0,0,1,7200,2,0.00,0xEE,0,0
5400,6.9,20.0,13.1,4100,1,0.0,6787,41.8,9,50.0,0,1,7200,2,0.00,0xEE,0,0
5415,7.5,20.0,12.5,4100,1,0.0,6785,41.8,0,50.0,0,1,7200,2,0.00,0xEE,0,0
5446,7.6,20.0,12.4,4100,1,0.0,6852,41.6,2,50.0,0,1,7200,2,0.00,0xEE,0,0
5462,7.7,20.0,12.3,4100,1,0.0,6850,41.4,4,50.0,0,1,7200,2,0.00,0xEE,0,0
5477,7.8,20.0,12.2,4100,1,0.0,6784,41.1,6,50.0,0,1,7200,2,0.00,0xEE,0,0
5510,8.1,20.0,11.9,4100,1,0.0,6784,40.9,8,50.0,0,1,7200,2,0.00,0xEE,0,0
5523,8.2,20.0,11.8,4100,1,0.0,6849,41.4,9,50.0,0,1,7200,2,0.00,0xEE,0,0
5539,8.2,20.0,11.8,4100,1,0.0,6784,41.5,9,50.0,0,1,7200,2,0.00,0xEE,0,0
5554,8.1,20.0,11.9,4100,1,0.0,6784,40.8,9,50.0,0,1,7200,2,0.00,0xEE,0,0
5585,8.2,20.0,11.8,4100,1,0.0,6849,40.6,9,50.0,0,1,7200,2,0.00,0xEE,0,0
5600,8.5,20.0,11.5,4100,1,0.0,6849,40.0,9,50.0,0,1,7200,2,0.00,0xEE,0,0
5615,9.1,20.0,10.9,4100,1,0.0,6782,40.5,1,50.0,0,1,7200,2,0.00,0xEE,0,0
5646,9.3,20.0,10.7,4100,1,0.0,6782,39.6,3,50.0,0,1,7200,2,0.00,0xEE,0,0
5661,9.5,20.0,10.5,4100,1,0.0,6847,39.4,5,50.0,0,1,7200,2,0.00,0xEE,0,0
5677,9.8,20.0,10.2,4100,1,0.0,6847,39.0,7,50.0,0,1,7200,2,0.00,0xEE,0,0
5708,10.2,20.0,9.8,3940,1,1.0,6782,38.9,9,50.0,0,1,6577,2,0.00,0xEE,0,0
5723,10.4,20.0,9.6,3844,1,2.4,6779,38.4,9,50.0,0,1,6550,2,0.00,0xEE,0,0
5817,10.8,20.0,9.2,3814,1,4.3,6732,38.2,82,50.0,0,1,6513,2,0.00,0xEE,0,0
5831,11.0,20.0,9.0,3813,1,4.5,6723,37.5,8,50.0,0,1,6509,2,0.00,0xEE,0,0
5848,11.5,20.0,8.5,3800,1,6.4,6776,36.9,9,50.0,0,1,6469,2,0.00,0xEE,0,0
5879,12.2,20.0,7.8,3800,1,10.6,6765,37.3,1,50.0,0,1,6386,2,0.00,0xEE,0,0
5893,12.3,20.0,7.7,3800,1,11.9,6755,36.2,3,50.0,0,1,6363,2,0.00,0xEE,0,0
5909,12.7,20.0,7.3,3800,1,13.3,6677,36.1,5,50.0,0,1,6334,2,0.00,0xEE,0,0
5940,13.0,20.0,7.0,3800,1,14.7,6668,36.5,7,47.7,0,1,6305,2,0.00,0xEE,0,0
5955,13.4,20.0,6.6,3800,1,16.0,6720,36.2,9,47.7,0,1,6277,2,0.00,0xEE,0,0
5971,13.4,20.0,6.6,3800,1,16.3,6709,35.9,9,47.7,0,1,6273,2,0.00,0xEE,0,0
6002,13.5,20.0,6.5,3800,1,15.9,6632,35.1,9,47.7,0,1,6279,2,0.00,0xEE,0,0
6017,13.7,20.0,6.3,3800,1,15.2,6623,35.8,9,47.7,0,1,6291,2,0.00,0xEE,0,0
6033,14.0,20.0,6.0,3800,1,14.6,6677,35.3,9,47.7,0,1,6298,2,0.00,0xEE,0,0
6064,14.3,20.0,5.7,3800,1,13.2,6668,35.0,0,47.7,0,1,6322,2,0.00,0xEE,0,0
6094,14.4,20.0,5.6,3800,1,12.1,6659,34.6,2,47.7,0,1,6340,2,0.00,0xEE,0,0
6094,14.7,20.0,5.3,3800,1,11.3,6584,34.5,4,47.7,0,1,6353,2,0.00,0xEE,0,0
6111,15.0,20.0,5.0,3800,1,10.7,6574,34.4,6,47.7,0,1,6360,2,0.00,0xEE,0,0
6142,15.1,20.0,4.9,3800,1,10.2,6629,34.5,7,47.7,0,1,6368,2,0.00,0xEE,0,0
6157,15.2,20.0,4.8,3800,1,9.3,6621,34.7,9,47.7,0,1,6384,2,0.00,0xEE,0,0
6173,15.2,20.0,4.8,3800,1,8.2,6613,34.2,9,47.7,0,1,6405,2,0.00,0xEE,0,0
6188,15.3,20.0,4.7,3800,1,7.1,6541,34.0,9,47.7,0,1,6424,2,0.00,0xEE,0,0
6220,15.4,20.0,4.6,3808,1,6.3,6534,33.8,9,47.7,0,1,6436,2,0.00,0xEE,0,0
6235,15.7,20.0,4.3,3809,1,6.0,6589,33.8,9,47.7,0,1,6440,2,0.00,0xEE,0,0
6312,15.8,20.0,4.2,3813,1,5.8,6560,33.7,74,47.7,0,1,6443,2,0.00,0xEE,0,0
6343,15.9,20.0,4.1,3815,1,5.5,6490,33.7,9,47.7,0,1,6450,2,0.00,0xEE,0,0
6359,16.0,20.0,4.0,3829,1,4.4,6485,33.1,9,47.7,0,1,6469,2,0.00,0xEE,0,0
6374,16.2,20.0,3.8,3833,1,3.9,6480,33.1,9,47.7,0,1,6476,2,0.00,0xEE,0,0
6406,16.6,20.0,3.4,3834,1,4.2,6537,33.0,1,47.7,0,1,6467,2,0.00,0xEE,0,0
6422,16.7,20.0,3.3,3828,1,4.3,6533,33.4,3,47.7,0,1,6464,2,0.00,0xEE,0,0
6437,16.6,20.0,3.4,3832,1,4.1,6528,33.3,5,47.7,0,1,6470,2,0.00,0xEE,0,0
6453,16.5,20.0,3.5,3841,1,3.3,6459,33.7,7,47.7,0,1,6486,2,0.00,0xEE,0,0
6484,16.3,20.0,3.7,3858,1,2.0,6457,33.6,9,47.7,0,1,6512,2,0.00,0xEE,0,0
6499,16.2,20.0,3.8,3875,1,0.6,6453,32.8,9,47.7,0,1,6539,2,0.00,0xEE,0,0
6515,16.3,20.0,3.7,3888,1,-0.3,6451,33.1,9,47.7,0,1,6555,2,0.00,0xEE,0,0
6546,16.4,20.0,3.6,3889,1,-0.5,6511,33.5,9,47.7,0,1,6558,2,0.00,0xEE,0,0
6562,16.5,20.0,3.5,3892,1,-0.6,6510,33.7,9,47.7,0,1,6560,2,0.00,0xEE,0,0
6578,16.1,20.0,3.9,3897,1,-1.9,6510,33.6,0,47.7,0,1,6587,2,0.00,0xEE,0,0
6594,16.1,20.0,3.9,3915,1,-2.5,6447,33.5,2,47.7,0,1,6599,2,0.00,0xEE,0,0
6625,16.1,20.0,3.9,3922,1,-2.8,6446,33.8,4,47.7,0,1,6606,2,0.00,0xEE,0,0
6640,16.0,20.0,4.0,3930,1,-3.1,6447,34.2,6,47.7,0,1,6613,2,0.00,0xEE,0,0
6656,15.9,20.0,4.1,3937,1,-3.6,6510,34.0,8,47.7,0,1,6624,2,0.00,0xEE,0,0
6686,15.8,20.0,4.2,3943,1,-4.1,6510,33.8,9,47.7,0,1,6635,2,0.00,0xEE,0,0
6702,15.7,20.0,4.3,3949,1,-4.5,6511,34.5,9,47.7,0,1,6644,2,0.00,0xEE,0,0
6718,15.7,20.0,4.3,3949,1,-4.5,6451,33.9,9,47.7,0,1,6644,2,0.00,0xEE,0,0
6733,15.8,20.0,4.2,3950,1,-4.2,6453,33.8,9,47.7,0,1,6638,2,0.00,0xEE,0,0
6826,15.8,20.0,4.2,3949,1,-3.6,6462,34.0,74,47.7,0,1,6629,2,0.00,0xEE,0,0
6841,15.8,20.0,4.2,3948,1,-3.4,6527,35.0,9,47.7,0,1,6627,2,0.00,0xEE,0,0
6857,15.4,20.0,4.6,3950,1,-3.2,6527,35.5,9,47.7,0,1,6630,2,0.00,0xEE,0,0
6888,14.8,20.0,5.2,3968,1,-4.4,6530,36.0,9,47.7,0,1,6658,2,0.00,0xEE,0,0
6903,14.1,20.0,5.9,4001,1,-6.8,6469,36.0,9,47.7,0,1,6710,2,0.00,0xEE,0,0
6918,13.7,20.0,6.3,4054,1,-11.1,6472,35.9,1,48.0,0,1,6794,2,0.00,0xEE,0,0
6949,13.7,20.0,6.3,4065,1,-11.9,6476,36.2,3,48.0,0,1,6810,2,0.00,0xEE,0,0
6965,13.6,20.0,6.4,4069,1,-12.1,6544,36.5,5,48.0,0,1,6816,2,0.00,0xEE,0,0
6981,13.4,20.0,6.6,4073,1,-12.2,6551,36.5,7,48.0,0,1,6821,2,0.00,0xEE,0,0
6996,13.2,20.0,6.8,4076,1,-12.2,6558,36.4,9,48.0,0,1,6824,2,0.00,0xEE,0,0
7027,13.1,20.0,6.9,4077,1,-11.9,6504,36.7,9,48.0,0,1,6819,2,0.00,0xEE,0,0
7043,13.0,20.0,7.0,4073,1,-11.2,6510,36.9,9,48.0,0,1,6808,2,0.00,0xEE,0,0
7058,12.9,20.0,7.1,4068,1,-10.4,6581,37.2,9,48.0,0,1,6796,2,0.00,0xEE,0,0
7089,12.7,20.0,7.3,4064,1,-9.8,6587,37.3,9,48.0,0,1,6790,2,0.00,0xEE,0,0
7104,12.3,20.0,7.7,4060,1,-9.0,6593,37.0,1,48.0,0,1,6781,2,0.00,0xEE,0,0
7119,12.2,20.0,7.8,4054,1,-8.4,6535,37.5,2,48.0,0,1,6773,2,0.00,0xEE,0,0
7151,12.1,20.0,7.9,4051,1,-7.7,6541,38.0,4,48.0,0,1,6762,2,0.00,0xEE,0,0
7166,11.9,20.0,8.1,4049,1,-7.4,6547,38.1,6,48.0,0,1,6759,2,0.00,0xEE,0,0
7182,11.7,20.0,8.3,4048,1,-7.2,6616,37.5,8,48.0,0,1,6759,2,0.00,0xEE,0,0
7198,11.5,20.0,8.5,4050,1,-7.2,6622,38.2,9,48.0,0,1,6762,2,0.00,0xEE,0,0
7228,11.4,20.0,8.6,4051,1,-7.0,6563,38.3,9,48.0,0,1,6760,2,0.00,0xEE,0,0
7243,11.4,20.0,8.6,4049,1,-6.6,6567,38.2,9,48.0,0,1,6756,2,0.00,0xEE,0,0
7336,11.3,20.0,8.7,4051,1,-6.2,6648,38.7,74,48.0,0,1,6750,2,0.00,0xEE,0,0
7352,11.1,20.0,8.9,4049,1,-5.9,6651,38.9,9,48.0,0,1,6750,2,0.00,0xEE,0,0
7367,10.9,20.0,9.1,4043,1,-5.3,6591,39.2,9,48.0,0,1,6741,2,0.00,0xEE,0,0
7383,10.6,20.0,9.4,4047,1,-5.2,6596,39.6,9,48.0,0,1,6745,2,0.00,0xEE,0,0
7414,10.3,20.0,9.7,4057,1,-5.7,6600,40.0,9,48.0,0,1,6759,2,0.00,0xEE,0,0
7430,9.7,20.0,10.3,4069,1,-7.7,6668,39.8,0,48.0,0,1,6804,2,0.00,0xEE,0,0
7445,9.6,20.0,10.4,4092,1,-8.3,6671,39.8,2,48.0,0,1,6817,2,0.00,0xEE,0,0
7475,9.7,20.0,10.3,4092,1,-8.3,6612,39.7,4,48.0,0,1,6817,2,0.00,0xEE,0,0
7490,9.7,20.0,10.3,4089,1,-7.8,6616,40.1,6,48.0,0,1,6808,2,0.00,0xEE,0,0
7505,9.7,20.0,10.3,4084,1,-7.1,6685,39.9,8,48.0,0,1,6797,2,0.00,0xEE,0,0
7536,9.6,20.0,10.4,4077,1,-6.4,6690,40.1,9,48.0,0,1,6787,2,0.00,0xEE,0,0
7551,9.5,20.0,10.5,4071,1,-5.8,6694,40.4,9,48.0,0,1,6778,2,0.00,0xEE,0,0
7567,9.3,20.0,10.7,4071,1,-5.5,6635,40.6,9,48.0,0,1,6775,2,0.00,0xEE,0,0
7583,9.2,20.0,10.8,4070,1,-5.2,6640,40.3,9,48.0,0,1,6772,2,0.00,0xEE,0,0
7614,9.0,20.0,11.0,4073,1,-5.2,6709,40.9,9,48.0,0,1,6774,2,0.00,0xEE,0,0
7629,8.8,20.0,11.2,4071,1,-5.0,6712,40.8,1,48.0,0,1,6776,2,0.00,0xEE,0,0
7645,8.7,20.0,11.3,4071,1,-4.9,6651,41.0,3,48.0,0,1,6776,2,0.00,0xEE,0,0
7677,8.6,20.0,11.4,4074,1,-4.9,6654,41.1,5,48.0,0,1,6779,2,0.00,0xEE,0,0
7692,8.5,20.0,11.5,4078,1,-5.0,6721,41.3,7,48.0,0,1,6782,2,0.00,0xEE,0,0
7708,8.4,20.0,11.6,4077,1,-5.0,6724,41.1,9,48.0,0,1,6785,2,0.00,0xEE,0,0
7724,8.3,20.0,11.7,4076,1,-4.9,6727,41.0,9,48.0,0,1,6783,2,0.00,0xEE,0,0
7756,8.3,20.0,11.7,4074,1,-4.5,6668,41.5,9,48.0,0,1,6778,2,0.00,0xEE,0,0
7833,8.2,20.0,11.8,4076,1,-4.4,6741,41.5,74,48.0,0,1,6778,2,0.00,0xEE,0,0
7848,8.1,20.0,11.9,4076,1,-4.2,6744,41.8,9,48.0,0,1,6780,2,0.00,0xEE,0,0
7879,7.9,20.0,12.1,4075,1,-3.8,6683,41.4,9,48.0,0,1,6775,2,0.00,0xEE,0,0
7894,8.0,20.0,12.0,4069,1,-3.1,6684,41.3,9,48.0,0,1,6765,2,0.00,0xEE,0,0
7910,8.0,20.0,12.0,4058,1,-2.3,6752,41.0,9,48.0,0,1,6750,2,0.00,0xEE,0,0
7941,8.1,20.0,11.9,4047,1,-1.4,6755,41.7,9,47.0,0,1,6733,2,0.00,0xEE,0,0
7956,8.2,20.0,11.8,4037,1,0.5,6691,41.4,0,47.0,0,1,6700,2,0.00,0xEE,0,0
7972,8.1,20.0,11.9,4026,1,1.0,6691,41.8,2,47.0,0,1,6692,2,0.00,0xEE,0,0
7987,8.0,20.0,12.0,4025,1,1.1,6756,41.5,4,47.0,0,1,6694,2,0.00,0xEE,0,0
8018,7.9,20.0,12.1,4027,1,0.8,6758,41.7,6,47.0,0,1,6702,2,0.00,0xEE,0,0
8034,7.8,20.0,12.2,4035,1,0.2,6693,42.0,8,47.0,0,1,6714,2,0.00,0xEE,0,0
8064,7.6,20.0,12.4,4048,1,-0.6,6693,42.0,9,47.0,0,1,6733,2,0.00,0xEE,0,0
8080,7.5,20.0,12.5,4058,1,-1.5,6758,41.4,9,47.0,0,1,6751,2,0.00,0xEE,0,0
8095,7.6,20.0,12.4,4064,1,-2.1,6758,41.6,9,47.0,0,1,6762,2,0.00,0xEE,0,0
8110,7.7,20.0,12.3,4064,1,-2.0,6694,41.5,9,47.0,0,1,6760,2,0.00,0xEE,0,0
8141,7.9,20.0,12.1,4059,1,-1.5,6696,42.0,9,47.0,0,1,6750,2,0.00,0xEE,0,0
8157,7.9,20.0,12.1,4047,1,-0.5,6761,41.1,1,47.0,0,1,6732,2,0.00,0xEE,0,0
8174,7.9,20.0,12.1,4040,1,0.1,6762,41.5,3,47.0,0,1,6724,2,0.00,0xEE,0,0
8206,7.9,20.0,12.1,4038,1,0.5,6697,41.8,5,47.0,0,1,6717,2,0.00,0xEE,0,0
8206,7.9,20.0,12.1,4037,1,0.8,6697,41.4,7,47.0,0,1,6713,2,0.00,0xEE,0,0
8252,8.0,20.0,12.0,4032,1,1.1,6764,41.2,9,47.0,0,1,6708,2,0.00,0xEE,0,0
8252,8.0,20.0,12.0,4026,1,1.4,6764,41.3,9,47.0,0,1,6702,2,0.00,0xEE,0,0
8343,8.1,20.0,11.9,4023,1,1.8,6696,41.7,74,47.0,0,1,6696,2,0.00,0xEE,0,0
8358,8.2,20.0,11.8,4026,1,1.8,6761,41.1,7,47.0,0,1,6700,2,0.00,0xEE,0,0
8374,8.2,20.0,11.8,4025,1,1.8,6759,41.4,9,47.0,0,1,6701,2,0.00,0xEE,0,0
8404,8.2,20.0,11.8,4025,1,1.8,6694,41.2,9,47.0,0,1,6701,2,0.00,0xEE,0,0
8420,8.2,20.0,11.8,4028,1,1.7,6694,40.9,9,47.0,0,1,6704,2,0.00,0xEE,0,0
8435,8.2,20.0,11.8,4030,1,1.5,6759,41.2,9,47.0,0,1,6708,2,0.00,0xEE,0,0
8466,8.3,20.0,11.7,4029,1,1.5,6759,41.0,9,47.0,0,1,6709,2,0.00,0xEE,0,0
8482,8.5,20.0,11.5,4027,1,1.7,6693,41.0,1,47.0,0,1,6705,2,0.00,0xEE,0,0
8497,8.5,20.0,11.5,4027,1,1.9,6693,40.9,2,47.0,0,1,6703,2,0.00,0xEE,0,0
8513,8.5,20.0,11.5,4028,1,1.9,6758,40.7,4,47.0,0,1,6702,2,0.00,0xEE,0,0
8545,8.6,20.0,11.4,4026,1,2.0,6756,41.0,6,47.0,0,1,6702,2,0.00,0xEE,0,0
8560,8.6,20.0,11.4,4025,1,2.0,6758,40.9,8,47.0,0,1,6704,2,0.00,0xEE,0,0
8575,8.6,20.0,11.4,4028,1,1.8,6691,40.6,9,47.0,0,1,6708,2,0.00,0xEE,0,0
8607,8.6,20.0,11.4,4032,1,1.6,6690,41.1,9,47.0,0,1,6712,2,0.00,0xEE,0,0
8622,8.7,20.0,11.3,4031,1,1.6,6756,40.5,9,47.0,0,1,6712,2,0.00,0xEE,0,0
8637,8.8,20.0,11.2,4026,1,1.9,6756,40.4,9,47.0,0,1,6706,2,0.00,0xEE,0,0
8653,9.0,20.0,11.0,4023,1,2.8,6690,40.4,0,47.0,0,1,6690,2,0.00,0xEE,0,0
8683,8.9,20.0,11.1,4018,1,2.7,6690,40.8,2,47.0,0,1,6693,2,0.00,0xEE,0,0
8698,8.9,20.0,11.1,4020,1,2.7,6755,40.1,4,47.0,0,1,6695,2,0.00,0xEE,0,0
8714,9.0,20.0,11.0,4018,1,2.7,6755,39.8,5,47.0,0,1,6694,2,0.00,0xEE,0,0
8745,9.3,20.0,10.7,4013,1,3.2,6688,40.6,7,47.0,0,1,6683,2,0.00,0xEE,0,0
8760,9.2,20.0,10.8,4013,1,3.4,6688,40.5,9,47.0,0,1,6682,2,0.00,0xEE,0,0
8837,9.1,20.0,10.9,4016,1,2.9,6746,40.7,73,47.0,0,1,6693,2,0.00,0xEE,0,0
8869,9.3,20.0,10.7,4024,1,2.3,6681,39.2,5,47.0,0,1,6704,2,0.00,0xEE,0,0
8884,9.8,20.0,10.2,4014,1,3.1,6681,39.3,7,47.0,0,1,6685,2,0.00,0xEE,0,0
8899,10.2,20.0,9.8,3996,1,4.6,6744,40.0,9,47.0,0,1,6653,2,0.00,0xEE,0,0
8930,10.2,20.0,9.8,3983,1,5.7,6741,39.1,9,47.0,0,1,6633,2,0.00,0xEE,0,0
8946,10.3,20.0,9.7,3972,1,6.5,6675,38.8,9,49.6,0,1,6620,2,0.00,0xEE,0,0
8961,10.5,20.0,9.5,3965,1,7.2,6672,38.7,9,49.6,0,1,6605,2,0.00,0xEE,0,0
8977,10.6,20.0,9.4,3958,1,7.8,6669,38.9,9,49.6,0,1,6592,2,0.00,0xEE,0,0
9007,10.7,20.0,9.3,3952,1,7.8,6732,38.8,0,49.6,0,1,6592,2,0.00,0xEE,0,0
9023,10.7,20.0,9.3,3960,1,7.2,6729,38.7,2,49.6,0,1,6603,2,0.00,0xEE,0,0
9038,10.7,20.0,9.3,3969,1,6.6,6660,38.2,4,49.6,0,1,6614,2,0.00,0xEE,0,0
9070,10.9,20.0,9.1,3973,1,6.1,6657,38.4,6,49.6,0,1,6620,2,0.00,0xEE,0,0
9085,11.1,20.0,8.9,3975,1,5.9,6718,38.3,8,49.6,0,1,6622,2,0.00,0xEE,0,0
9100,11.2,20.0,8.8,3975,1,5.7,6717,38.4,9,49.6,0,1,6625,2,0.00,0xEE,0,0
9116,11.2,20.0,8.8,3978,1,5.3,6648,38.3,9,49.6,0,1,6632,2,0.00,0xEE,0,0
9148,11.2,20.0,8.8,3986,1,4.8,6647,38.2,9,49.6,0,1,6642,2,0.00,0xEE,0,0
9163,11.3,20.0,8.7,3992,1,4.2,6708,37.8,9,49.6,0,1,6651,2,0.00,0xEE,0,0
9179,11.4,20.0,8.6,3991,1,4.1,6708,37.7,9,49.6,0,1,6652,2,0.00,0xEE,0,0
9210,11.8,20.0,8.2,3986,1,4.6,6706,38.0,1,49.6,0,1,6639,2,0.00,0xEE,0,0
9225,11.8,20.0,8.2,3985,1,4.4,6640,38.2,3,49.6,0,1,6643,2,0.00,0xEE,0,0
9241,11.7,20.0,8.3,3993,1,3.9,6640,37.8,5,49.6,0,1,6654,2,0.00,0xEE,0,0
9256,11.6,20.0,8.4,4000,1,3.1,6702,37.7,7,49.6,0,1,6668,2,0.00,0xEE,0,0
9348,11.7,20.0,8.3,4006,1,2.6,6635,37.5,73,49.6,0,1,6676,2,0.00,0xEE,0,0
9363,12.1,20.0,7.9,4005,1,2.6,6635,37.1,3,49.6,0,1,6674,2,0.00,0xEE,0,0
9394,12.4,20.0,7.6,3999,1,3.1,6634,37.0,5,49.6,0,1,6662,2,0.00,0xEE,0,0
9410,12.6,20.0,7.4,3989,1,3.8,6699,37.0,7,49.6,0,1,6647,2,0.00,0xEE,0,0
9425,12.6,20.0,7.4,3982,1,4.2,6697,37.2,8,49.6,0,1,6639,2,0.00,0xEE,0,0
9440,12.6,20.0,7.4,3981,1,4.3,6632,37.1,9,49.6,0,1,6638,2,0.00,0xEE,0,0
9486,12.5,20.0,7.5,3986,1,4.1,6631,36.9,9,49.6,0,1,6643,2,0.00,0xEE,0,0
9486,12.6,20.0,7.4,3990,1,3.7,6694,36.8,9,49.6,0,1,6649,2,0.00,0xEE,0,0
9502,12.7,20.0,7.3,3990,1,3.6,6694,36.4,9,49.6,0,1,6651,2,0.00,0xEE,0,0
9548,13.1,20.0,6.9,3985,1,4.3,6629,36.4,0,49.6,0,1,6633,2,0.00,0xEE,0,0
9548,13.2,20.0,6.8,3974,1,4.8,6626,36.5,2,49.6,0,1,6623,2,0.00,0xEE,0,0
9563,13.2,20.0,6.8,3974,1,5.0,6625,36.4,4,49.6,0,1,6620,2,0.00,0xEE,0,0
9594,13.2,20.0,6.8,3977,1,4.7,6687,36.8,6,49.6,0,1,6625,2,0.00,0xEE,0,0
9609,13.2,20.0,6.8,3980,1,4.3,6687,36.4,8,49.6,0,1,6632,2,0.00,0xEE,0,0
9624,13.2,20.0,6.8,3985,1,3.8,6621,36.3,9,49.6,0,1,6642,2,0.00,0xEE,0,0
9655,13.2,20.0,6.8,3991,1,3.4,6621,36.2,9,49.6,0,1,6649,2,0.00,0xEE,0,0
9670,13.3,20.0,6.7,3996,1,3.0,6684,35.9,9,49.6,0,1,6655,2,0.00,0xEE,0,0
9685,13.5,20.0,6.5,3993,1,3.0,6684,35.9,9,49.6,0,1,6653,2,0.00,0xEE,0,0
9701,13.6,20.0,6.4,3989,1,3.2,6683,35.8,9,49.6,0,1,6648,2,0.00,0xEE,0,0
9731,13.7,20.0,6.3,3987,1,3.5,6618,36.2,1,49.6,0,1,6643,2,0.00,0xEE,0,0
9746,13.6,20.0,6.4,3994,1,3.1,6618,36.5,3,49.6,0,1,6651,2,0.00,0xEE,0,0
9762,13.5,20.0,6.5,4004,1,2.3,6683,36.2,5,49.6,0,1,6666,2,0.00,0xEE,0,0
9854,13.5,20.0,6.5,4000,1,2.3,6681,36.2,89,49.6,0,1,6666,2,0.00,0xEE,0,0
9869,13.5,20.0,6.5,4003,1,1.0,6618,36.0,0,49.6,0,1,6692,2,0.00,0xEE,0,0
9885,13.5,20.0,6.5,4024,1,0.2,6618,35.4,2,49.6,0,1,6705,2,0.00,0xEE,0,0
9915,13.7,20.0,6.3,4029,1,-0.1,6683,35.9,4,49.6,0,1,6710,2,0.00,0xEE,0,0
9931,13.7,20.0,6.3,4030,1,-0.3,6683,36.0,6,49.6,0,1,6713,2,0.00,0xEE,0,0
9946,13.7,20.0,6.3,4030,1,-0.3,6684,35.7,8,47.7,0,1,6713,2,0.00,0xEE,0,0
9977,13.7,20.0,6.3,4032,1,-0.4,6621,35.9,9,47.7,0,1,6714,2,0.00,0xEE,0,0
9992,13.8,20.0,6.2,4032,1,-0.2,6623,35.3,9,47.7,0,1,6710,2,0.00,0xEE,0,0
10007,14.0,20.0,6.0,4022,1,0.5,6688,35.3,9,47.7,0,1,6696,2,0.00,0xEE,0,0
10038,14.2,20.0,5.8,4010,1,1.5,6690,35.5,9,47.7,0,1,6675,2,0.00,0xEE,0,0
10053,14.3,20.0,5.7,3999,1,2.4,6626,35.7,9,47.7,0,1,6658,2,0.00,0xEE,0,0
10068,14.0,20.0,6.0,3999,1,2.4,6625,35.0,1,47.7,0,1,6662,2,0.00,0xEE,0,0
10084,14.1,20.0,5.9,4005,1,2.3,6691,35.3,3,47.7,0,1,6664,2,0.00,0xEE,0,0
10116,14.2,20.0,5.8,4001,1,2.4,6690,35.7,5,47.7,0,1,6661,2,0.00,0xEE,0,0
10131,14.3,20.0,5.7,3997,1,2.6,6690,35.4,6,47.7,0,1,6656,2,0.00,0xEE,0,0
10146,14.2,20.0,5.8,4002,1,2.4,6625,35.6,8,47.7,0,1,6661,2,0.00,0xEE,0,0
10177,14.2,20.0,5.8,4008,1,2.0,6625,35.3,9,47.7,0,1,6668,2,0.00,0xEE,0,0
10193,14.2,20.0,5.8,4012,1,1.7,6688,35.3,9,47.7,0,1,6673,2,0.00,0xEE,0,0
10208,14.3,20.0,5.7,4011,1,1.6,6690,34.6,9,47.7,0,1,6674,2,0.00,0xEE,0,0
10224,14.3,20.0,5.7,4010,1,1.6,6625,35.4,9,47.7,0,1,6675,2,0.00,0xEE,0,0
10256,14.3,20.0,5.7,4013,1,1.3,6625,35.5,0,47.7,0,1,6679,2,0.00,0xEE,0,0
10271,14.3,20.0,5.7,4015,1,0.9,6690,35.5,2,47.7,0,1,6687,2,0.00,0xEE,0,0
10349,14.3,20.0,5.7,4020,1,0.9,6691,35.5,86,47.7,0,1,6687,2,0.00,0xEE,0,0
10380,14.2,20.0,5.8,4021,1,0.8,6629,35.0,9,47.7,0,1,6691,2,0.00,0xEE,0,0
10396,14.1,20.0,5.9,4032,1,0.0,6631,36.0,9,47.7,0,1,6706,2,0.00,0xEE,0,0
10411,14.2,20.0,5.8,4038,1,-0.8,6631,35.5,1,47.7,0,1,6720,2,0.00,0xEE,0,0
10442,14.3,20.0,5.7,4040,1,-0.8,6696,34.8,3,47.7,0,1,6720,2,0.00,0xEE,0,0
10457,14.3,20.0,5.7,4038,1,-0.7,6697,35.2,4,47.7,0,1,6718,2,0.00,0xEE,0,0
10472,14.4,20.0,5.6,4035,1,-0.4,6635,35.3,6,47.7,0,1,6711,2,0.00,0xEE,0,0
10503,14.4,20.0,5.6,4032,1,0.0,6638,35.1,8,47.7,0,1,6703,2,0.00,0xEE,0,0
10519,14.4,20.0,5.6,4031,1,0.3,6703,35.5,9,47.7,0,1,6700,2,0.00,0xEE,0,0
10534,14.3,20.0,5.7,4031,1,0.2,6702,35.5,9,47.7,0,1,6703,2,0.00,0xEE,0,0
10564,14.2,20.0,5.8,4034,1,-0.2,6640,35.2,9,47.7,0,1,6710,2,0.00,0xEE,0,0
10580,14.2,20.0,5.8,4038,1,-0.3,6643,34.9,9,47.7,0,1,6713,2,0.00,0xEE,0,0
10610,14.7,20.0,5.3,4032,1,0.9,6708,35.0,0,47.7,0,1,6687,2,0.00,0xEE,0,0
10610,14.7,20.0,5.3,4022,1,1.7,6709,35.1,2,47.7,0,1,6672,2,0.00,0xEE,0,0
10640,14.7,20.0,5.3,4007,1,2.1,6708,34.9,3,47.7,0,1,6664,2,0.00,0xEE,0,0
10656,14.7,20.0,5.3,4005,1,2.4,6645,34.4,5,47.7,0,1,6659,2,0.00,0xEE,0,0
10671,14.8,20.0,5.2,4003,1,2.7,6645,34.8,7,47.7,0,1,6654,2,0.00,0xEE,0,0
10701,14.9,20.0,5.1,3998,1,3.1,6711,34.6,9,47.7,0,1,6645,2,0.00,0xEE,0,0
10716,15.0,20.0,5.0,3991,1,3.5,6711,34.5,9,47.7,0,1,6636,2,0.00,0xEE,0,0
10732,15.1,20.0,4.9,3985,1,3.9,6644,34.6,9,47.7,0,1,6629,2,0.00,0xEE,0,0
10748,15.1,20.0,4.9,3984,1,4.0,6644,34.4,9,47.7,0,1,6625,2,0.00,0xEE,0,0
10779,15.1,20.0,4.9,3986,1,4.0,6705,34.8,9,47.7,0,1,6627,2,0.00,0xEE,0,0
10856,15.1,20.0,4.9,3984,1,3.8,6700,34.5,73,47.7,0,1,6629,2,0.00,0xEE,0,0
10872,15.1,20.0,4.9,3986,1,3.6,6637,34.4,8,47.7,0,1,6634,2,0.00,0xEE,0,0
10903,15.2,20.0,4.8,3996,1,2.8,6635,33.4,9,47.7,0,1,6647,2,0.00,0xEE,0,0
10918,15.4,20.0,4.6,3999,1,2.5,6697,34.0,9,47.7,0,1,6651,2,0.00,0xEE,0,0
10934,15.6,20.0,4.4,3996,1,2.6,6697,34.2,0,47.7,0,1,6646,2,0.00,0xEE,0,0
10965,15.5,20.0,4.5,3993,1,2.4,6697,33.5,2,47.6,0,1,6651,2,0.00,0xEE,0,0
10980,15.6,20.0,4.4,3999,1,2.3,6632,33.8,4,47.6,0,1,6653,2,0.00,0xEE,0,0
10996,15.8,20.0,4.2,3998,1,2.4,6632,34.0,5,47.6,0,1,6649,2,0.00,0xEE,0,0
11028,15.9,20.0,4.1,3995,1,2.7,6697,33.3,7,47.6,0,1,6642,2,0.00,0xEE,0,0
11043,15.9,20.0,4.1,3991,1,2.8,6696,33.8,9,47.6,0,1,6640,2,0.00,0xEE,0,0
11059,15.9,20.0,4.1,3990,1,2.8,6631,33.8,9,47.6,0,1,6641,2,0.00,0xEE,0,0
11074,15.9,20.0,4.1,3994,1,2.6,6631,33.7,9,47.6,0,1,6644,2,0.00,0xEE,0,0
11105,15.9,20.0,4.1,3997,1,2.4,6693,33.7,9,47.6,0,1,6647,2,0.00,0xEE,0,0
11120,16.0,20.0,4.0,3997,1,2.2,6694,33.8,9,47.6,0,1,6650,2,0.00,0xEE,0,0
11135,15.9,20.0,4.1,3998,1,1.6,6694,33.8,1,47.6,0,1,6663,2,0.00,0xEE,0,0
11166,15.8,20.0,4.2,4012,1,0.9,6629,34.3,3,47.6,0,1,6676,2,0.00,0xEE,0,0
11181,15.8,20.0,4.2,4019,1,0.4,6631,33.5,4,47.6,0,1,6686,2,0.00,0xEE,0,0
11196,15.8,20.0,4.2,4028,1,-0.3,6696,34.0,6,47.6,0,1,6699,2,0.00,0xEE,0,0
11212,15.8,20.0,4.2,4032,1,-0.8,6696,34.2,8,47.6,0,1,6708,2,0.00,0xEE,0,0
11244,15.7,20.0,4.3,4037,1,-1.3,6632,33.7,9,47.6,0,1,6718,2,0.00,0xEE,0,0
11259,15.8,20.0,4.2,4039,1,-1.4,6635,33.2,9,47.6,0,1,6719,2,0.00,0xEE,0,0
11275,16.0,20.0,4.0,4034,1,-0.9,6700,33.4,9,47.6,0,1,6708,2,0.00,0xEE,0,0
11368,16.2,20.0,3.8,4020,1,0.1,6705,33.8,74,47.6,0,1,6688,2,0.00,0xEE,0,0
11383,16.2,20.0,3.8,4020,1,0.2,6643,33.8,9,47.6,0,1,6686,2,0.00,0xEE,0,0
11399,16.0,20.0,4.0,4020,1,0.4,6644,33.9,9,47.6,0,1,6685,2,0.00,0xEE,0,0
11429,15.9,20.0,4.1,4022,1,0.2,6708,33.4,9,47.6,0,1,6690,2,0.00,0xEE,0,0
11445,16.0,20.0,4.0,4017,1,0.3,6709,33.1,9,47.6,0,1,6686,2,0.00,0xEE,0,0
11460,16.4,20.0,3.6,4012,1,1.8,6643,33.2,0,47.6,0,1,6655,2,0.00,0xEE,0,0
11490,16.5,20.0,3.5,3993,1,2.6,6645,32.8,2,47.6,0,1,6640,2,0.00,0xEE,0,0
11505,16.5,20.0,3.5,3984,1,3.2,6708,33.5,4,47.6,0,1,6629,2,0.00,0xEE,0,0
11521,16.5,20.0,3.5,3978,1,3.6,6708,33.1,6,47.6,0,1,6621,2,0.00,0xEE,0,0
11552,16.4,20.0,3.6,3978,1,3.5,6643,33.5,8,47.6,0,1,6625,2,0.00,0xEE,0,0
11567,16.5,20.0,3.5,3982,1,3.3,6643,33.1,9,47.6,0,1,6628,2,0.00,0xEE,0,0
11583,16.5,20.0,3.5,3986,1,3.0,6641,32.9,9,47.6,0,1,6633,2,0.00,0xEE,0,0
11598,16.7,20.0,3.3,3982,1,3.1,6703,32.8,9,47.6,0,1,6629,2,0.00,0xEE,0,0
11636,16.8,20.0,3.2,3978,1,3.3,6703,32.8,9,47.6,0,1,6624,2,0.00,0xEE,0,0
11660,16.9,20.0,3.1,3976,1,3.6,6637,33.1,9,47.6,0,1,6618,2,0.00,0xEE,0,0
11660,16.9,20.0,3.1,3976,1,3.6,6637,32.7,1,47.6,0,1,6618,2,0.00,0xEE,0,0
11690,16.9,20.0,3.1,3978,1,3.3,6699,33.0,3,47.6,0,1,6623,2,0.00,0xEE,0,0
11706,17.0,20.0,3.0,3979,1,3.0,6697,32.7,5,47.6,0,1,6628,2,0.00,0xEE,0,0
11721,17.0,20.0,3.0,3981,1,2.7,6632,32.5,7,47.6,0,1,6633,2,0.00,0xEE,0,0
11737,17.0,20.0,3.0,3985,0,2.5,6631,33.3,9,47.6,0,1,6637,2,0.00,0xEE,0,0
11769,16.8,20.0,3.2,3998,1,1.6,6631,33.6,9,47.6,0,1,6656,2,0.00,0xEE,0,0
11783,16.6,20.0,3.4,4012,1,0.3,6694,32.6,9,47.6,0,1,6681,2,0.00,0xEE,0,0
11893,16.6,20.0,3.4,4024,1,-0.8,6631,32.8,73,47.6,0,1,6702,2,0.00,0xEE,0,0
11893,16.8,20.0,3.2,4025,1,-0.9,6632,32.7,8,47.6,0,1,6701,2,0.00,0xEE,0,0
11923,17.0,20.0,3.0,4022,1,-0.6,6634,33.1,9,47.6,0,1,6694,2,0.00,0xEE,0,0
11923,17.0,20.0,3.0,4017,1,-0.2,6699,32.4,9,47.6,0,1,6687,2,0.00,0xEE,0,0
11954,16.9,20.0,3.1,4016,1,-0.2,6700,33.0,9,47.6,0,1,6688,2,0.00,0xEE,0,0
11969,16.9,20.0,3.1,4016,1,-0.1,6638,32.7,9,47.6,0,1,6685,2,0.00,0xEE,0,0
11985,17.1,20.0,2.9,4016,0,0.5,6638,32.6,0,47.6,0,1,6674,2,0.00,0xEE,0,0
12015,17.1,20.0,2.9,4004,0,0.9,6703,32.3,2,47.6,0,1,6666,2,0.00,0xEE,0,0
12031,17.1,20.0,2.9,3999,0,1.2,6703,32.7,4,47.6,0,1,6659,2,0.00,0xEE,0,0
12046,17.2,20.0,2.8,3993,0,1.6,6640,32.4,6,47.6,0,1,6651,2,0.00,0xEE,0,0
12061,17.2,20.0,2.8,3993,0,1.8,6640,32.8,7,47.6,0,1,6649,2,0.00,0xEE,0,0
12093,17.1,20.0,2.9,3996,0,1.7,6640,32.8,9,47.6,0,1,6653,2,0.00,0xEE,0,0
12108,17.0,20.0,3.0,4001,1,1.1,6705,32.7,9,47.6,0,1,6664,2,0.00,0xEE,0,0
12124,17.0,20.0,3.0,4005,1,0.6,6705,32.6,9,47.6,0,1,6673,2,0.00,0xEE,0,0
12156,17.0,20.0,3.0,4009,0,0.4,6641,32.4,9,47.6,0,1,6677,2,0.00,0xEE,0,0
12172,17.1,20.0,2.9,4010,0,0.3,6641,32.6,9,47.6,0,1,6677,2,0.00,0xEE,0,0
12187,17.2,20.0,2.8,4007,0,0.6,6706,32.5,1,47.6,0,1,6671,2,0.00,0xEE,0,0
12202,17.2,20.0,2.8,4002,0,0.8,6708,32.5,3,47.6,0,1,6667,2,0.00,0xEE,0,0
12234,17.2,20.0,2.8,3999,0,0.9,6643,32.1,4,47.6,0,1,6665,2,0.00,0xEE,0,0
12249,17.2,20.0,2.8,4001,0,0.9,6643,32.8,6,47.6,0,1,6665,2,0.00,0xEE,0,0
12265,17.3,20.0,2.7,4001,0,1.0,6644,32.4,8,47.6,0,1,6663,2,0.00,0xEE,0,0
12281,17.3,20.0,2.7,4000,0,1.1,6708,32.3,9,47.6,0,1,6661,2,0.00,0xEE,0,0
12374,17.4,20.0,2.6,3996,0,1.3,6641,32.2,73,47.6,0,1,6657,2,0.00,0xEE,0,0
12389,17.5,20.0,2.5,3995,0,1.5,6641,32.9,6,47.6,0,1,6653,2,0.00,0xEE,0,0
12405,17.5,20.0,2.5,3994,0,1.6,6705,32.2,8,47.6,0,1,6650,2,0.00,0xEE,0,0
12435,17.5,20.0,2.5,3992,0,1.6,6705,32.1,9,47.6,0,1,6650,2,0.00,0xEE,0,0
12450,17.5,20.0,2.5,3991,0,1.5,6705,32.4,9,47.6,0,1,6651,2,0.00,0xEE,0,0
12465,17.5,20.0,2.5,3997,0,1.3,6641,32.5,9,47.6,0,1,6657,2,0.00,0xEE,0,0
12497,17.4,20.0,2.6,4005,0,0.7,6638,32.9,9,47.6,0,1,6669,2,0.00,0xEE,0,0
12512,17.3,20.0,2.7,4012,0,-0.0,6703,32.2,9,47.6,0,1,6683,2,0.00,0xEE,0,0
12527,17.3,20.0,2.7,4017,0,-0.9,6703,32.3,1,47.6,0,1,6698,2,0.00,0xEE,0,0
12557,17.4,20.0,2.6,4021,0,-0.9,6638,32.1,3,47.6,0,1,6697,2,0.00,0xEE,0,0
12573,17.4,20.0,2.6,4020,0,-0.8,6641,32.6,5,47.6,0,1,6694,2,0.00,0xEE,0,0
12589,17.5,20.0,2.5,4017,0,-0.5,6705,32.1,6,47.6,0,1,6688,2,0.00,0xEE,0,0
12620,17.6,20.0,2.4,4010,0,-0.0,6706,32.0,8,47.6,0,1,6679,2,0.00,0xEE,0,0
12635,17.6,20.0,2.4,4003,0,0.5,6706,32.1,9,47.6,0,1,6669,2,0.00,0xEE,0,0
12651,17.6,20.0,2.4,4000,0,0.9,6643,32.4,9,47.6,0,1,6662,2,0.00,0xEE,0,0
12666,17.6,20.0,2.4,3999,0,1.1,6643,32.2,9,47.6,0,1,6659,2,0.00,0xEE,0,0
12697,17.5,20.0,2.5,4000,0,0.9,6708,32.5,9,47.6,0,1,6663,2,0.00,0xEE,0,0
12712,17.4,20.0,2.6,4003,0,0.2,6708,31.7,0,47.6,0,1,6678,2,0.00,0xEE,0,0
12727,17.6,20.0,2.4,4004,0,0.5,6643,31.6,2,47.6,0,1,6670,2,0.00,0xEE,0,0
12758,17.9,20.0,2.1,3996,0,1.2,6644,31.7,4,47.6,0,1,6655,2,0.00,0xEE,0,0
12774,18.1,20.0,1.9,3981,0,2.2,6709,31.8,6,47.6,0,1,6634,2,0.00,0xEE,0,0
12789,18.0,20.0,2.0,3973,0,2.8,6708,32.2,8,47.6,0,1,6623,2,0.00,0xEE,0,0
12883,17.9,20.0,2.1,3976,0,2.8,6638,32.8,73,47.6,0,1,6627,2,0.00,0xEE,0,0
12899,17.4,20.0,2.6,4002,0,0.7,6638,32.5,3,47.6,0,1,6669,2,0.00,0xEE,0,0
12915,17.3,20.0,2.7,4020,0,-0.9,6700,32.9,5,47.6,0,1,6701,2,0.00,0xEE,0,0
12930,17.2,20.0,2.8,4034,0,-2.3,6700,31.7,7,47.6,0,1,6726,2,0.00,0xEE,0,0
12961,17.2,20.0,2.8,4044,0,-3.3,6700,32.5,9,47.6,0,1,6744,2,0.00,0xEE,0,0
12977,17.2,20.0,2.8,4053,0,-3.9,6638,32.7,9,49.6,0,1,6755,2,0.00,0xEE,0,0
12993,17.2,20.0,2.8,4058,0,-4.2,6640,32.3,9,49.6,0,1,6761,2,0.00,0xEE,0,0
13024,17.3,20.0,2.7,4056,0,-4.1,6708,32.2,9,49.6,0,1,6758,2,0.00,0xEE,0,0
13040,17.4,20.0,2.6,4048,0,-3.5,6709,31.8,9,49.6,0,1,6746,2,0.00,0xEE,0,0
13055,17.6,20.0,2.4,4039,0,-1.6,6647,32.1,0,49.6,0,1,6710,2,0.00,0xEE,0,0
13071,17.6,20.0,2.4,4018,0,-0.6,6650,31.6,2,49.6,0,1,6692,2,0.00,0xEE,0,0
13102,17.8,20.0,2.2,4003,0,0.5,6714,31.8,4,49.6,0,1,6669,2,0.00,0xEE,0,0
13117,17.9,20.0,2.1,3989,0,1.7,6715,32.3,6,49.6,0,1,6647,2,0.00,0xEE,0,0
13133,17.8,20.0,2.2,3982,0,2.5,6650,32.2,8,49.6,0,1,6634,2,0.00,0xEE,0,0
13164,17.6,20.0,2.4,3984,0,2.5,6650,32.3,9,49.6,0,1,6635,2,0.00,0xEE,0,0
13179,17.5,20.0,2.5,3990,0,2.1,6650,32.1,9,49.6,0,1,6645,2,0.00,0xEE,0,0
13195,17.5,20.0,2.5,3992,0,1.7,6714,32.0,9,49.6,0,1,6651,2,0.00,0xEE,0,0
13210,17.6,20.0,2.4,3992,0,1.5,6714,32.2,9,49.6,0,1,6654,2,0.00,0xEE,0,0
13240,17.6,20.0,2.4,3996,0,1.3,6648,32.2,9,49.6,0,1,6658,2,0.00,0xEE,0,0
13256,17.7,20.0,2.3,4001,0,0.9,6647,31.3,1,49.6,0,1,6665,2,0.00,0xEE,0,0
13272,18.0,20.0,2.0,3991,0,1.5,6711,31.4,3,49.6,0,1,6651,2,0.00,0xEE,0,0
13303,18.2,20.0,1.8,3976,0,2.6,6711,31.6,5,49.6,0,1,6628,2,0.00,0xEE,0,0
13365,18.2,20.0,1.8,3976,0,2.6,6706,31.6,75,49.6,0,1,6628,2,0.00,0xEE,0,0
13381,18.2,20.0,1.8,3975,0,2.6,6706,31.9,5,49.6,0,1,6628,2,0.00,0xEE,0,0
13411,18.0,20.0,2.0,3983,0,2.0,6638,31.8,7,49.6,0,1,6640,2,0.00,0xEE,0,0
13427,18.0,20.0,2.0,3992,0,1.3,6637,31.7,9,49.6,0,1,6654,2,0.00,0xEE,0,0
13442,18.0,20.0,2.0,3998,0,0.7,6700,32.4,9,49.6,0,1,6665,2,0.00,0xEE,0,0
13474,18.0,20.0,2.0,4001,0,0.2,6700,31.3,9,49.6,0,1,6673,2,0.00,0xEE,0,0
13490,18.1,20.0,1.9,4002,0,0.0,6700,31.6,9,49.6,0,1,6676,2,0.00,0xEE,0,0
13505,18.1,20.0,1.9,4004,0,0.0,6635,31.7,9,49.6,0,1,6675,2,0.00,0xEE,0,0
13520,18.3,20.0,1.7,4004,0,0.5,6637,31.1,0,49.6,0,1,6666,2,0.00,0xEE,0,0
13552,18.4,20.0,1.6,3990,0,1.1,6700,31.1,2,49.6,0,1,6652,2,0.00,0xEE,0,0
13567,18.6,20.0,1.4,3978,0,2.0,6699,31.3,4,49.6,0,1,6634,2,0.00,0xEE,0,0
13583,18.6,20.0,1.4,3971,0,2.7,6634,31.2,6,49.6,0,1,6621,2,0.00,0xEE,0,0
13613,18.6,20.0,1.4,3970,0,3.0,6634,31.5,8,49.6,0,1,6617,2,0.00,0xEE,0,0
13628,18.5,20.0,1.5,3969,0,3.0,6696,31.1,9,49.6,0,1,6618,2,0.00,0xEE,0,0
13643,18.4,20.0,1.6,3973,0,2.5,6694,31.6,9,49.6,0,1,6627,2,0.00,0xEE,0,0
13659,18.3,20.0,1.7,3980,0,1.8,6694,31.9,9,49.6,0,1,6641,2,0.00,0xEE,0,0
13690,18.2,20.0,1.8,3994,0,0.8,6626,31.0,9,49.6,0,1,6661,2,0.00,0xEE,0,0
13720,18.4,20.0,1.6,4002,0,0.1,6691,31.4,0,49.6,0,1,6672,2,0.00,0xEE,0,0
13720,18.5,20.0,1.5,4001,0,0.1,6690,31.4,1,49.6,0,1,6670,2,0.00,0xEE,0,0
13751,18.4,20.0,1.6,4002,0,-0.0,6690,31.4,3,49.6,0,1,6673,2,0.00,0xEE,0,0
13766,18.4,20.0,1.6,4007,0,-0.3,6625,32.1,5,49.6,0,1,6679,2,0.00,0xEE,0,0
13782,18.3,20.0,1.7,4015,0,-0.8,6625,31.7,7,49.6,0,1,6689,2,0.00,0xEE,0,0
13877,18.0,20.0,2.0,4029,0,-1.7,6694,32.2,82,49.6,0,1,6709,2,0.00,0xEE,0,0
13892,17.9,20.0,2.1,4029,0,-1.8,6696,31.3,8,49.6,0,1,6712,2,0.00,0xEE,0,0
13923,18.1,20.0,1.9,4028,0,-1.9,6632,30.9,9,49.6,0,1,6712,2,0.00,0xEE,0,0
13938,18.3,20.0,1.7,4020,0,-1.1,6632,31.3,9,49.6,0,1,6695,2,0.00,0xEE,0,0
13954,18.6,20.0,1.4,4005,0,1.1,6699,31.0,0,49.6,0,1,6651,2,0.00,0xEE,0,0
13984,18.7,20.0,1.3,3993,0,2.1,6699,31.3,2,47.9,0,1,6632,2,0.00,0xEE,0,0
13999,18.7,20.0,1.3,3971,0,2.9,6699,30.8,4,47.9,0,1,6618,2,0.00,0xEE,0,0
14015,18.8,20.0,1.2,3964,0,3.6,6634,30.4,6,47.9,0,1,6603,2,0.00,0xEE,0,0
14046,18.9,20.0,1.1,3957,0,4.3,6634,31.1,7,47.9,0,1,6590,2,0.00,0xEE,0,0
14061,19.1,20.0,0.9,3947,0,5.1,6697,30.4,9,47.9,0,1,6573,2,0.00,0xEE,0,0
14077,19.3,20.0,0.7,3935,0,5.9,6696,30.3,9,47.9,0,1,6558,2,0.00,0xEE,0,0
14093,19.4,20.0,0.6,3925,0,6.6,6629,30.4,9,47.9,0,1,6544,2,0.00,0xEE,0,0
14125,19.4,20.0,0.6,3924,0,6.7,6625,31.0,9,47.9,0,1,6541,2,0.00,0xEE,0,0
14140,19.4,20.0,0.6,3928,0,6.5,6685,30.5,9,47.9,0,1,6546,2,0.00,0xEE,0,0
14156,19.3,20.0,0.7,3933,0,5.1,6684,30.4,1,47.9,0,1,6572,2,0.00,0xEE,0,0
14187,19.4,20.0,0.6,3948,0,4.3,6681,30.5,3,47.9,0,1,6586,2,0.00,0xEE,0,0
14203,19.4,20.0,0.6,3959,0,3.4,6613,30.6,5,47.9,0,1,6601,2,0.00,0xEE,0,0
14218,19.3,20.0,0.7,3970,0,2.4,6612,30.7,7,47.9,0,1,6621,2,0.00,0xEE,0,0
14233,19.2,20.0,0.8,3983,0,1.3,6674,30.2,9,47.9,0,1,6641,2,0.00,0xEE,0,0
14266,19.2,20.0,0.8,3992,0,0.3,6674,30.5,9,47.9,0,1,6659,2,0.00,0xEE,0,0
14281,19.3,20.0,0.7,3999,0,-0.4,6607,30.6,9,47.9,0,1,6671,2,0.00,0xEE,0,0
14296,19.3,20.0,0.7,4005,0,-0.8,6609,30.2,9,47.9,0,1,6678,2,0.00,0xEE,0,0
14388,19.3,20.0,0.7,4010,0,-1.1,6675,30.5,74,47.9,0,1,6684,2,0.00,0xEE,0,0
14403,19.4,20.0,0.6,4008,0,-1.1,6675,30.1,9,47.9,0,1,6682,2,0.00,0xEE,0,0
14419,19.4,20.0,0.6,4007,0,-0.8,6612,30.5,9,47.9,0,1,6677,2,0.00,0xEE,0,0
14450,19.5,20.0,0.5,4001,0,-0.2,6613,29.9,9,47.9,0,1,6665,2,0.00,0xEE,0,0
14466,19.6,20.0,0.4,3995,0,0.4,6615,30.0,9,47.9,0,1,6653,2,0.00,0xEE,0,0
14481,19.7,20.0,0.3,3975,0,1.9,6680,30.2,1,47.9,0,1,6624,2,0.00,0xEE,0,0
14512,19.6,20.0,0.4,3973,0,2.1,6680,30.4,3,47.9,0,1,6623,2,0.00,0xEE,0,0
14527,19.5,20.0,0.5,3978,0,1.7,6616,30.4,5,47.9,0,1,6631,2,0.00,0xEE,0,0
14543,19.4,20.0,0.6,3985,0,1.2,6616,31.3,7,47.9,0,1,6641,2,0.00,0xEE,0,0
14558,19.2,20.0,0.8,3997,0,0.1,6680,31.0,9,47.9,0,1,6664,2,0.00,0xEE,0,0
14590,19.0,20.0,1.0,4013,0,-1.3,6681,30.7,9,47.9,0,1,6691,2,0.00,0xEE,0,0
14605,18.9,20.0,1.1,4027,0,-2.6,6616,30.2,9,47.9,0,1,6716,2,0.00,0xEE,0,0
14621,19.0,20.0,1.0,4036,0,-3.3,6616,31.1,9,47.9,0,1,6727,2,0.00,0xEE,0,0
14652,19.1,20.0,0.9,4038,0,-3.4,6618,30.7,9,47.9,0,1,6727,2,0.00,0xEE,0,0
14667,19.1,20.0,0.9,4037,0,-3.2,6685,30.4,0,47.9,0,1,6725,2,0.00,0xEE,0,0
14682,19.1,20.0,0.9,4031,0,-2.9,6687,30.7,2,47.9,0,1,6719,2,0.00,0xEE,0,0
14698,19.1,20.0,0.9,4027,0,-2.4,6626,30.6,4,47.9,0,1,6709,2,0.00,0xEE,0,0
14729,19.2,20.0,0.8,4021,0,-1.7,6628,30.3,6,47.9,0,1,6697,2,0.00,0xEE,0,0
14744,19.3,20.0,0.7,4011,0,-0.8,6693,30.2,8,47.9,0,1,6678,2,0.00,0xEE,0,0
14760,19.4,20.0,0.6,3997,0,0.3,6693,30.8,9,47.9,0,1,6658,2,0.00,0xEE,0,0
14791,19.5,20.0,0.5,3982,0,1.5,6694,30.2,9,47.9,0,1,6635,2,0.00,0xEE,0,0
14806,19.4,20.0,0.6,3977,0,2.1,6631,30.6,9,47.9,0,1,6625,2,0.00,0xEE,0,0
14884,19.5,20.0,0.5,3973,0,2.5,6688,30.2,74,47.9,0,1,6616,2,0.00,0xEE,0,0
14915,19.5,20.0,0.5,3972,0,2.5,6687,30.0,9,47.9,0,1,6617,2,0.00,0xEE,0,0
14930,19.6,20.0,0.4,3969,0,2.6,6621,30.2,9,47.9,0,1,6614,2,0.00,0xEE,0,0
14945,19.6,20.0,0.4,3969,0,2.6,6619,30.1,9,47.9,0,1,6613,2,0.00,0xEE,0,0
14975,19.6,20.0,0.4,3972,0,2.5,6683,30.2,9,47.9,0,1,6615,2,0.00,0xEE,0,0
14991,19.6,20.0,0.4,3971,0,2.1,6681,30.3,0,47.5,0,1,6623,2,0.00,0xEE,0,0
15006,19.6,20.0,0.4,3978,0,1.6,6680,30.7,2,47.5,0,1,6631,2,0.00,0xEE,0,0
15037,19.5,20.0,0.5,3987,0,1.0,6616,30.2,4,47.5,0,1,6643,2,0.00,0xEE,0,0
15052,19.4,20.0,0.6,3995,0,0.2,6615,30.5,6,47.5,0,1,6658,2,0.00,0xEE,0,0
15069,19.4,20.0,0.6,4003,0,-0.4,6680,30.3,8,47.5,0,1,6670,2,0.00,0xEE,0,0
15084,19.4,20.0,0.6,4009,0,-1.0,6680,30.4,9,47.5,0,1,6681,2,0.00,0xEE,0,0
15115,19.5,20.0,0.5,4010,0,-1.2,6616,29.9,9,47.5,0,1,6684,2,0.00,0xEE,0,0
15130,19.5,20.0,0.5,4012,0,-1.3,6618,30.2,9,47.5,0,1,6685,2,0.00,0xEE,0,0
15145,19.6,20.0,0.4,4011,0,-1.1,6618,30.3,9,47.5,0,1,6681,2,0.00,0xEE,0,0
15175,19.7,20.0,0.3,4005,0,-0.2,6684,29.8,0,47.5,0,1,6662,2,0.00,0xEE,0,0
15191,19.9,20.0,0.1,3997,0,0.7,6684,30.4,2,47.5,0,1,6645,2,0.00,0xEE,0,0
15206,19.9,20.0,0.1,3980,0,1.2,6621,30.3,4,47.5,0,1,6635,2,0.00,0xEE,0,0
15237,19.7,20.0,0.3,3983,0,1.2,6621,30.0,5,47.5,0,1,6638,2,0.00,0xEE,0,0
15252,19.6,20.0,0.4,3988,0,0.9,6687,29.8,7,47.5,0,1,6644,2,0.00,0xEE,0,0
15270,19.7,20.0,0.3,3986,0,0.9,6687,30.3,9,47.5,0,1,6643,2,0.00,0xEE,0,0
15284,19.8,20.0,0.2,3982,0,1.1,6685,30.0,9,47.5,0,1,6638,2,0.00,0xEE,0,0
15315,19.7,20.0,0.3,3986,0,1.0,6621,30.7,9,47.5,0,1,6642,2,0.00,0xEE,0,0
15392,19.5,20.0,0.5,3994,0,0.4,6684,30.5,73,47.5,0,1,6654,2,0.00,0xEE,0,0
15407,19.4,20.0,0.6,3997,0,0.2,6685,29.7,8,47.5,0,1,6661,2,0.00,0xEE,0,0
15439,19.4,20.0,0.6,4002,0,-0.5,6685,30.1,9,47.5,0,1,6671,2,0.00,0xEE,0,0
15454,19.7,20.0,0.3,4001,0,-0.3,6622,29.8,9,47.5,0,1,6666,2,0.00,0xEE,0,0
15470,19.8,20.0,0.2,3996,0,0.1,6622,30.1,9,47.5,0,1,6656,2,0.00,0xEE,0,0
15501,19.9,20.0,0.1,3991,0,0.6,6685,29.9,9,47.5,0,1,6646,2,0.00,0xEE,0,0
15516,19.9,20.0,0.1,3986,0,1.2,6687,29.8,0,47.5,0,1,6636,2,0.00,0xEE,0,0
15532,19.9,20.0,0.1,3980,0,1.3,6622,30.0,2,47.5,0,1,6635,2,0.00,0xEE,0,0
15547,19.9,20.0,0.1,3981,0,1.3,6622,30.2,4,47.5,0,1,6635,2,0.00,0xEE,0,0
15577,19.8,20.0,0.2,3984,0,1.2,6622,29.6,6,47.5,0,1,6638,2,0.00,0xEE,0,0
15593,19.8,20.0,0.2,3985,0,1.0,6684,30.0,8,47.5,0,1,6641,2,0.00,0xEE,0,0
15608,19.9,20.0,0.1,3982,0,1.1,6683,29.7,9,47.5,0,1,6638,2,0.00,0xEE,0,0
15640,20.0,20.0,0.0,3980,0,1.2,6619,29.9,9,47.5,0,1,6636,2,0.00,0xEE,0,0
15655,20.0,20.0,0.0,3980,0,1.3,6619,30.2,9,47.5,0,1,6634,2,0.00,0xEE,0,0
15670,19.8,20.0,0.2,3987,0,0.8,6684,30.2,9,47.5,0,1,6643,2,0.00,0xEE,0,0
15700,19.7,20.0,0.3,3993,0,0.2,6683,30.0,9,47.5,0,1,6656,2,0.00,0xEE,0,0
15716,19.6,20.0,0.4,4001,0,-1.1,6683,30.2,1,47.5,0,1,6682,2,0.00,0xEE,0,0
15732,19.6,20.0,0.4,4013,0,-1.6,6619,30.1,3,47.5,0,1,6689,2,0.00,0xEE,0,0
15747,19.6,20.0,0.4,4016,0,-1.7,6621,29.9,5,47.5,0,1,6692,2,0.00,0xEE,0,0
15777,19.7,20.0,0.3,4017,0,-1.7,6687,30.4,7,47.5,0,1,6691,2,0.00,0xEE,0,0
15793,19.8,20.0,0.2,4011,0,-1.3,6687,29.8,9,47.5,0,1,6683,2,0.00,0xEE,0,0
15808,19.8,20.0,0.2,4006,0,-1.0,6623,30.1,9,47.5,0,1,6676,2,0.00,0xEE,0,0
15902,19.9,20.0,0.1,4003,0,-0.4,6691,29.9,74,47.5,0,1,6666,2,0.00,0xEE,0,0
15917,19.9,20.0,0.1,3993,0,0.3,6691,29.9,7,47.5,0,1,6652,2,0.00,0xEE,0,0
15933,19.9,20.0,0.1,3987,0,0.7,6691,30.2,9,47.5,0,1,6644,2,0.00,0xEE,0,0
15965,19.9,20.0,0.1,3984,0,1.1,6629,29.6,9,47.5,0,1,6638,2,0.00,0xEE,0,0
15980,20.0,20.0,-0.0,3979,0,1.5,6628,29.0,9,47.5,0,1,6629,2,0.00,0xEE,0,0
15996,20.2,20.0,-0.2,3970,0,2.2,6691,29.5,9,48.6,0,1,6615,2,0.00,0xEE,0,0
16013,20.4,20.0,-0.4,3957,0,3.1,6691,29.3,9,48.6,0,1,6596,2,0.00,0xEE,0,0
16044,20.5,20.0,-0.5,3948,0,4.6,6626,29.2,1,48.6,0,1,6567,2,0.00,0xEE,0,0
16059,20.5,20.0,-0.5,3938,0,4.9,6625,29.3,3,48.6,0,1,6562,2,0.00,0xEE,0,0
16075,20.5,20.0,-0.5,3938,0,4.9,6622,29.4,4,48.6,0,1,6562,2,0.00,0xEE,0,0
16106,20.5,20.0,-0.5,3940,0,4.5,6684,29.6,6,48.6,0,1,6569,2,0.00,0xEE,0,0
16122,20.5,20.0,-0.5,3944,0,3.9,6681,29.3,8,48.6,0,1,6580,2,0.00,0xEE,0,0
16137,20.5,20.0,-0.5,3952,0,3.3,6615,29.1,9,48.6,0,1,6592,2,0.00,0xEE,0,0
16153,20.5,20.0,-0.5,3960,0,2.7,6612,29.3,9,48.6,0,1,6602,2,0.00,0xEE,0,0
16184,20.5,20.0,-0.5,3964,0,2.1,6675,29.4,9,48.6,0,1,6611,2,0.00,0xEE,0,0
16199,20.5,20.0,-0.5,3968,0,1.6,6674,28.9,9,48.6,0,1,6621,2,0.00,0xEE,0,0
16216,20.8,20.0,-0.8,3968,0,1.6,6609,28.9,0,48.6,0,1,6618,2,0.00,0xEE,0,0
16231,21.0,20.0,-1.0,3962,0,2.0,6607,29.6,2,48.6,0,1,6609,2,0.00,0xEE,0,0
16262,20.9,20.0,-0.9,3965,0,2.0,6606,29.1,3,48.6,0,1,6610,2,0.00,0xEE,0,0
16276,20.7,20.0,-0.7,3969,0,1.5,6671,29.4,5,48.6,0,1,6621,2,0.00,0xEE,0,0
16292,20.6,20.0,-0.6,3977,0,0.8,6669,29.2,7,48.6,0,1,6635,2,0.00,0xEE,0,0
16324,20.5,20.0,-0.5,3989,0,-0.1,6605,29.4,9,48.6,0,1,6652,2,0.00,0xEE,0,0
16401,20.6,20.0,-0.6,3996,0,-0.7,6606,29.1,74,48.6,0,1,6661,2,0.00,0xEE,0,0
16416,20.5,20.0,-0.5,3999,0,-1.1,6671,29.4,6,48.6,0,1,6670,2,0.00,0xEE,0,0
16448,20.4,20.0,-0.4,4003,0,-1.5,6671,29.3,7,48.6,0,1,6677,2,0.00,0xEE,0,0
16463,20.4,20.0,-0.4,4005,0,-1.7,6609,29.4,9,48.6,0,1,6681,2,0.00,0xEE,0,0
16479,20.4,20.0,-0.4,4007,0,-1.8,6609,29.6,9,48.6,0,1,6683,2,0.00,0xEE,0,0
16510,20.4,20.0,-0.4,4012,0,-2.0,6674,29.6,9,48.6,0,1,6687,2,0.00,0xEE,0,0
16525,20.3,20.0,-0.3,4014,0,-2.2,6675,29.7,9,48.6,0,1,6691,2,0.00,0xEE,0,0
16540,20.2,20.0,-0.2,4016,0,-2.4,6677,29.4,9,48.6,0,1,6696,2,0.00,0xEE,0,0
16572,20.1,20.0,-0.1,4019,0,-2.7,6615,29.8,1,48.6,0,1,6703,2,0.00,0xEE,0,0
16587,20.1,20.0,-0.1,4025,0,-2.9,6616,29.7,3,48.6,0,1,6707,2,0.00,0xEE,0,0
16602,20.0,20.0,-0.0,4028,0,-2.9,6683,29.8,5,48.6,0,1,6709,2,0.00,0xEE,0,0
16617,20.1,20.0,-0.1,4024,0,-2.8,6684,29.7,7,48.6,0,1,6705,2,0.00,0xEE,0,0
16649,20.1,20.0,-0.1,4019,0,-2.4,6621,29.2,9,48.6,0,1,6698,2,0.00,0xEE,0,0
16664,20.2,20.0,-0.2,4011,0,-1.7,6622,29.4,9,48.6,0,1,6683,2,0.00,0xEE,0,0
16680,20.4,20.0,-0.4,4000,0,-0.6,6622,29.3,9,48.6,0,1,6663,2,0.00,0xEE,0,0
16711,20.5,20.0,-0.5,3985,0,0.5,6687,30.0,9,48.6,0,1,6641,2,0.00,0xEE,0,0
16727,20.4,20.0,-0.4,3976,0,1.3,6687,29.5,9,48.6,0,1,6628,2,0.00,0xEE,0,0
16742,20.0,20.0,0.0,3977,0,0.6,6622,30.0,0,48.6,0,1,6645,2,0.00,0xEE,0,0
16757,19.8,20.0,0.2,3998,0,-0.3,6622,29.8,2,48.6,0,1,6664,2,0.00,0xEE,0,0
16788,19.8,20.0,0.2,4007,0,-1.1,6687,30.3,4,48.6,0,1,6677,2,0.00,0xEE,0,0
16804,19.9,20.0,0.1,4009,0,-1.4,6688,29.7,6,48.6,0,1,6683,2,0.00,0xEE,0,0
16819,19.8,20.0,0.2,4013,0,-1.8,6625,30.2,8,48.6,0,1,6691,2,0.00,0xEE,0,0
16913,19.9,20.0,0.1,4015,0,-1.8,6628,29.5,74,48.6,0,1,6689,2,0.00,0xEE,0,0
16928,20.3,20.0,-0.3,3996,0,-0.3,6691,29.2,4,48.6,0,1,6658,2,0.00,0xEE,0,0
16944,20.4,20.0,-0.4,3979,0,1.0,6693,29.4,6,48.6,0,1,6633,2,0.00,0xEE,0,0
16976,20.5,20.0,-0.5,3966,0,2.2,6628,28.9,8,48.6,0,1,6609,2,0.00,0xEE,0,0
16992,20.5,20.0,-0.5,3957,0,3.1,6626,30.4,9,48.6,0,1,6593,2,0.00,0xEE,0,0
17008,20.3,20.0,-0.3,3956,0,3.2,6691,30.0,9,49.5,0,1,6595,2,0.00,0xEE,0,0
17023,20.0,20.0,-0.0,3968,0,2.4,6687,29.7,9,49.5,0,1,6613,2,0.00,0xEE,0,0
17054,19.9,20.0,0.1,3978,0,1.4,6685,29.2,9,49.5,0,1,6632,2,0.00,0xEE,0,0
17069,20.5,20.0,-0.5,3980,0,1.6,6619,28.7,0,49.5,0,1,6621,2,0.00,0xEE,0,0
17085,20.8,20.0,-0.8,3960,0,2.8,6618,28.6,2,49.5,0,1,6596,2,0.00,0xEE,0,0
17117,21.0,20.0,-1.0,3942,0,4.1,6681,28.3,3,49.5,0,1,6570,2,0.00,0xEE,0,0
17132,21.2,20.0,-1.2,3924,0,5.4,6680,28.6,5,49.5,0,1,6543,2,0.00,0xEE,0,0
17148,21.3,20.0,-1.3,3915,0,6.3,6612,29.3,7,49.5,0,1,6526,2,0.00,0xEE,0,0
17164,21.2,20.0,-1.2,3915,0,6.5,6610,28.9,9,49.5,0,1,6525,2,0.00,0xEE,0,0
17194,21.1,20.0,-1.1,3921,0,6.0,6607,28.9,9,49.5,0,1,6535,2,0.00,0xEE,0,0
17209,21.0,20.0,-1.0,3929,0,5.1,6669,28.7,9,49.5,0,1,6553,2,0.00,0xEE,0,0
17225,21.0,20.0,-1.0,3937,0,4.2,6665,28.8,9,49.5,0,1,6569,2,0.00,0xEE,0,0
17257,21.1,20.0,-1.1,3946,0,3.4,6599,28.7,9,49.5,0,1,6582,2,0.00,0xEE,0,0
17272,21.2,20.0,-1.2,3953,0,2.3,6596,28.4,1,49.5,0,1,6599,2,0.00,0xEE,0,0
17287,21.3,20.0,-1.3,3958,0,2.1,6659,28.1,2,49.5,0,1,6602,2,0.00,0xEE,0,0
17304,21.5,20.0,-1.5,3955,0,2.3,6657,27.9,4,49.5,0,1,6595,2,0.00,0xEE,0,0
17334,21.7,20.0,-1.7,3947,0,2.8,6656,28.4,6,49.5,0,1,6584,2,0.00,0xEE,0,0
17412,21.7,20.0,-1.7,3946,0,2.8,6589,28.4,90,49.5,0,1,6584,2,0.00,0xEE,0,0
17427,21.7,20.0,-1.7,3950,0,2.5,6586,28.7,2,49.5,0,1,6588,2,0.00,0xEE,0,0
17458,21.8,20.0,-1.8,3950,0,2.3,6648,27.9,4,49.5,0,1,6591,2,0.00,0xEE,0,0
17474,21.6,20.0,-1.6,3959,0,1.6,6647,28.4,5,49.5,0,1,6606,2,0.00,0xEE,0,0
17489,21.6,20.0,-1.6,3967,0,1.0,6583,28.8,7,49.5,0,1,6617,2,0.00,0xEE,0,0
17520,21.5,20.0,-1.5,3979,0,-0.0,6581,28.1,9,49.5,0,1,6637,2,0.00,0xEE,0,0
17535,21.6,20.0,-1.6,3985,0,-0.6,6581,28.0,9,49.5,0,1,6646,2,0.00,0xEE,0,0
17551,21.7,20.0,-1.7,3985,0,-0.7,6645,28.4,9,49.5,0,1,6647,2,0.00,0xEE,0,0
17566,21.8,20.0,-1.8,3980,0,-0.4,6647,27.7,9,49.5,0,1,6641,2,0.00,0xEE,0,0
17598,21.8,20.0,-1.8,3981,0,-0.3,6583,28.2,9,49.5,0,1,6639,2,0.00,0xEE,0,0
17613,21.7,20.0,-1.7,3981,0,-0.1,6583,28.1,1,49.5,0,1,6636,2,0.00,0xEE,0,0
17628,21.8,20.0,-1.8,3981,0,-0.0,6583,28.2,3,49.5,0,1,6633,2,0.00,0xEE,0,0
17659,21.7,20.0,-1.7,3978,0,-0.0,6648,28.2,5,49.5,0,1,6634,2,0.00,0xEE,0,0
17675,21.7,20.0,-1.7,3978,0,-0.1,6647,28.4,6,49.5,0,1,6635,2,0.00,0xEE,0,0
17690,21.7,20.0,-1.7,3981,0,-0.2,6584,27.8,8,49.5,0,1,6638,2,0.00,0xEE,0,0
17720,21.7,20.0,-1.7,3984,0,-0.3,6586,28.2,9,49.5,0,1,6640,2,0.00,0xEE,0,0
17736,21.7,20.0,-1.7,3983,0,-0.2,6650,28.0,9,49.5,0,1,6637,2,0.00,0xEE,0,0
17751,21.8,20.0,-1.8,3978,0,0.0,6650,28.0,9,49.5,0,1,6632,2,0.00,0xEE,0,0
17766,21.9,20.0,-1.9,3972,0,0.4,6650,28.2,9,49.5,0,1,6624,2,0.00,0xEE,0,0
17797,21.6,20.0,-1.6,3972,0,0.2,6587,28.5,0,49.5,0,1,6631,2,0.00,0xEE,0,0
17812,21.5,20.0,-1.5,3988,0,-0.6,6586,28.3,1,49.5,0,1,6646,2,0.00,0xEE,0,0
17828,21.4,20.0,-1.4,3994,0,-1.2,6650,28.1,3,49.5,0,1,6658,2,0.00,0xEE,0,0
17920,21.4,20.0,-1.4,3994,0,-1.2,6653,28.1,87,49.5,0,1,6658,2,0.00,0xEE,0,0
17935,21.5,20.0,-1.5,3992,0,-1.2,6590,28.4,8,49.5,0,1,6658,2,0.00,0xEE,0,0
17950,21.5,20.0,-1.5,3991,0,-0.9,6591,28.6,1,49.5,0,1,6651,2,0.00,0xEE,0,0
17981,21.5,20.0,-1.5,3990,0,-0.7,6591,28.2,3,49.5,0,1,6648,2,0.00,0xEE,0,0
17997,21.6,20.0,-1.6,3986,0,-0.5,6656,28.2,4,49.5,0,1,6644,2,0.00,0xEE,0,0
18012,21.6,20.0,-1.6,3981,0,-0.1,6656,28.2,6,46.7,0,1,6636,2,0.00,0xEE,0,0
18043,21.7,20.0,-1.7,3978,0,0.3,6594,28.5,8,46.7,0,1,6628,2,0.00,0xEE,0,0
18057,21.6,20.0,-1.6,3978,0,0.4,6594,28.4,9,46.7,0,1,6626,2,0.00,0xEE,0,0
18073,21.5,20.0,-1.5,3980,0,0.2,6594,28.5,9,46.7,0,1,6631,2,0.00,0xEE,0,0
18103,21.4,20.0,-1.4,3983,0,-0.1,6657,28.3,9,46.7,0,1,6637,2,0.00,0xEE,0,0
18118,21.5,20.0,-1.5,3983,0,-0.2,6659,27.9,9,46.7,0,1,6640,2,0.00,0xEE,0,0
18134,21.6,20.0,-1.6,3984,0,-0.1,6594,28.6,0,46.7,0,1,6635,2,0.00,0xEE,0,0
18150,21.6,20.0,-1.6,3982,0,0.1,6596,28.2,2,46.7,0,1,6633,2,0.00,0xEE,0,0
18180,21.5,20.0,-1.5,3983,0,0.1,6660,28.4,3,46.7,0,1,6633,2,0.00,0xEE,0,0
18196,21.6,20.0,-1.6,3980,0,0.1,6660,28.0,5,46.7,0,1,6631,2,0.00,0xEE,0,0
18211,21.6,20.0,-1.6,3978,0,0.2,6660,28.3,7,46.7,0,1,6630,2,0.00,0xEE,0,0
18242,21.6,20.0,-1.6,3978,0,0.3,6596,28.4,9,46.7,0,1,6628,2,0.00,0xEE,0,0
18257,21.6,20.0,-1.6,3979,0,0.3,6597,28.1,9,46.7,0,1,6628,2,0.00,0xEE,0,0
18272,21.6,20.0,-1.6,3976,0,0.4,6662,28.2,9,46.7,0,1,6626,2,0.00,0xEE,0,0
18303,21.6,20.0,-1.6,3973,0,0.5,6662,28.2,9,46.7,0,1,6624,2,0.00,0xEE,0,0
18318,21.7,20.0,-1.7,3970,0,0.7,6660,28.1,9,46.7,0,1,6621,2,0.00,0xEE,0,0
18333,21.7,20.0,-1.7,3970,0,1.0,6599,28.2,0,46.7,0,1,6613,2,0.00,0xEE,0,0
18426,21.7,20.0,-1.7,3970,0,1.0,6660,28.2,84,46.7,0,1,6613,2,0.00,0xEE,0,0
18441,21.8,20.0,-1.8,3967,0,1.0,6660,27.8,9,46.7,0,1,6612,2,0.00,0xEE,0,0
18456,21.8,20.0,-1.8,3964,0,1.1,6660,28.0,9,46.7,0,1,6609,2,0.00,0xEE,0,0
18487,21.8,20.0,-1.8,3964,0,1.2,6596,28.1,0,46.7,0,1,6609,2,0.00,0xEE,0,0
18502,21.8,20.0,-1.8,3969,0,0.9,6596,28.6,2,46.7,0,1,6614,2,0.00,0xEE,0,0
18518,21.6,20.0,-1.6,3979,0,0.2,6660,28.5,3,46.7,0,1,6629,2,0.00,0xEE,0,0
18548,21.5,20.0,-1.5,3988,0,-0.7,6659,28.3,5,46.7,0,1,6647,2,0.00,0xEE,0,0
18563,21.4,20.0,-1.4,3996,0,-1.5,6659,28.2,7,46.7,0,1,6662,2,0.00,0xEE,0,0
18578,21.5,20.0,-1.5,4001,0,-1.9,6596,28.8,9,46.7,0,1,6668,2,0.00,0xEE,0,0
18594,21.5,20.0,-1.5,4005,0,-2.1,6599,28.5,9,46.7,0,1,6671,2,0.00,0xEE,0,0
18624,21.4,20.0,-1.4,4006,0,-2.3,6663,28.4,9,46.7,0,1,6676,2,0.00,0xEE,0,0
18639,21.4,20.0,-1.4,4006,0,-2.5,6665,28.2,9,46.7,0,1,6680,2,0.00,0xEE,0,0
18655,21.4,20.0,-1.4,4004,0,-2.4,6666,28.6,9,46.7,0,1,6678,2,0.00,0xEE,0,0
18686,21.6,20.0,-1.6,4001,0,-1.4,6603,28.3,0,46.7,0,1,6658,2,0.00,0xEE,0,0
18702,21.6,20.0,-1.6,3989,0,-0.8,6605,28.7,2,46.7,0,1,6647,2,0.00,0xEE,0,0
18718,21.5,20.0,-1.5,3988,0,-0.7,6669,28.6,4,46.7,0,1,6646,2,0.00,0xEE,0,0
18748,21.4,20.0,-1.4,3988,0,-0.7,6672,28.5,6,46.7,0,1,6649,2,0.00,0xEE,0,0
18764,21.3,20.0,-1.3,3994,0,-1.0,6607,28.8,8,46.7,0,1,6655,2,0.00,0xEE,0,0
18779,21.2,20.0,-1.2,3999,0,-1.4,6610,28.9,9,46.7,0,1,6662,2,0.00,0xEE,0,0
18795,21.1,20.0,-1.1,4005,0,-1.8,6609,28.6,9,46.7,0,1,6670,2,0.00,0xEE,0,0
18827,21.1,20.0,-1.1,4007,0,-2.1,6675,28.7,9,46.7,0,1,6676,2,0.00,0xEE,0,0
18842,21.1,20.0,-1.1,4004,0,-2.1,6677,28.8,9,46.7,0,1,6676,2,0.00,0xEE,0,0
18919,21.2,20.0,-1.2,4004,0,-2.0,6616,28.4,74,46.7,0,1,6673,2,0.00,0xEE,0,0
18949,21.1,20.0,-1.1,4004,0,-1.9,6683,29.2,9,46.7,0,1,6672,2,0.00,0xEE,0,0
18964,21.0,20.0,-1.0,4002,0,-1.8,6684,29.1,9,46.7,0,1,6671,2,0.00,0xEE,0,0
18980,20.9,20.0,-0.9,4004,0,-1.9,6684,29.1,9,46.7,0,1,6676,2,0.00,0xEE,0,0
19011,20.7,20.0,-0.7,4011,0,-2.3,6621,28.7,0,46.7,0,1,6684,2,0.00,0xEE,0,0
19026,20.7,20.0,-0.7,4012,0,-2.4,6621,29.2,2,47.5,0,1,6686,2,0.00,0xEE,0,0
19041,20.7,20.0,-0.7,4015,0,-2.4,6685,29.2,3,47.5,0,1,6687,2,0.00,0xEE,0,0
19072,20.6,20.0,-0.6,4014,0,-2.4,6687,29.4,5,47.5,0,1,6687,2,0.00,0xEE,0,0
19088,20.6,20.0,-0.6,4012,0,-2.4,6625,29.3,7,47.5,0,1,6686,2,0.00,0xEE,0,0
19104,20.5,20.0,-0.5,4014,0,-2.4,6626,29.4,9,47.5,0,1,6687,2,0.00,0xEE,0,0
19119,20.5,20.0,-0.5,4017,0,-2.4,6691,29.4,9,47.5,0,1,6689,2,0.00,0xEE,0,0
19151,20.4,20.0,-0.4,4015,0,-2.5,6693,29.2,9,47.5,0,1,6690,2,0.00,0xEE,0,0
19166,20.4,20.0,-0.4,4013,0,-2.3,6693,29.7,9,47.5,0,1,6688,2,0.00,0xEE,0,0
19182,20.5,20.0,-0.5,4011,0,-2.1,6631,29.3,9,47.5,0,1,6682,2,0.00,0xEE,0,0
19213,20.4,20.0,-0.4,4012,0,-1.7,6632,29.3,1,47.5,0,1,6677,2,0.00,0xEE,0,0
19229,20.3,20.0,-0.3,4009,0,-1.6,6699,29.5,3,47.5,0,1,6676,2,0.00,0xEE,0,0
19245,20.5,20.0,-0.5,4001,0,-1.1,6699,28.9,4,47.5,0,1,6665,2,0.00,0xEE,0,0
19261,20.4,20.0,-0.4,3995,0,-0.7,6637,29.4,6,47.5,0,1,6658,2,0.00,0xEE,0,0
19292,20.5,20.0,-0.5,3992,0,-0.3,6637,29.9,8,47.5,0,1,6650,2,0.00,0xEE,0,0
19307,20.4,20.0,-0.4,3992,0,-0.2,6702,29.6,9,47.5,0,1,6650,2,0.00,0xEE,0,0
19323,20.2,20.0,-0.2,3994,0,-0.5,6702,29.8,9,47.5,0,1,6656,2,0.00,0xEE,0,0
19354,20.2,20.0,-0.2,3997,0,-0.8,6702,29.3,9,47.5,0,1,6663,2,0.00,0xEE,0,0
19432,20.3,20.0,-0.3,3999,0,-0.8,6638,29.3,74,47.5,0,1,6662,2,0.00,0xEE,0,0
19446,20.4,20.0,-0.4,3994,0,-0.6,6702,29.1,9,47.5,0,1,6657,2,0.00,0xEE,0,0
19477,20.5,20.0,-0.5,3983,0,0.1,6703,29.9,9,47.5,0,1,6642,2,0.00,0xEE,0,0
19493,20.3,20.0,-0.3,3985,0,0.2,6640,30.0,9,47.5,0,1,6642,2,0.00,0xEE,0,0
19508,20.1,20.0,-0.1,3994,0,-0.3,6638,30.2,9,47.5,0,1,6655,2,0.00,0xEE,0,0
19524,20.0,20.0,0.0,4007,0,-1.8,6703,29.6,0,47.5,0,1,6684,2,0.00,0xEE,0,0
19555,20.1,20.0,-0.1,4008,0,-1.7,6703,29.3,2,47.5,0,1,6679,2,0.00,0xEE,0,0
19571,20.4,20.0,-0.4,3996,0,-0.9,6703,29.3,4,47.5,0,1,6662,2,0.00,0xEE,0,0
19587,20.5,20.0,-0.5,3985,0,0.1,6638,29.5,6,47.5,0,1,6644,2,0.00,0xEE,0,0
19618,20.5,20.0,-0.5,3978,0,0.8,6640,29.9,8,47.5,0,1,6631,2,0.00,0xEE,0,0
19634,20.4,20.0,-0.4,3973,0,1.2,6703,29.4,9,47.5,0,1,6624,2,0.00,0xEE,0,0
19649,20.4,20.0,-0.4,3969,0,1.3,6703,29.4,9,47.5,0,1,6622,2,0.00,0xEE,0,0
19665,20.4,20.0,-0.4,3969,0,1.5,6638,29.9,9,47.5,0,1,6619,2,0.00,0xEE,0,0
19695,20.3,20.0,-0.3,3973,0,1.3,6637,29.8,9,47.5,0,1,6624,2,0.00,0xEE,0,0
19711,20.2,20.0,-0.2,3978,0,0.3,6700,29.2,0,47.5,0,1,6643,2,0.00,0xEE,0,0
19726,20.4,20.0,-0.4,3978,0,0.5,6699,29.2,1,47.5,0,1,6637,2,0.00,0xEE,0,0
19757,20.6,20.0,-0.6,3968,0,1.1,6699,29.7,3,47.5,0,1,6624,2,0.00,0xEE,0,0
19773,20.6,20.0,-0.6,3966,0,1.5,6634,29.4,5,47.5,0,1,6617,2,0.00,0xEE,0,0
19789,20.5,20.0,-0.5,3967,0,1.5,6634,29.4,7,47.5,0,1,6617,2,0.00,0xEE,0,0
19820,20.4,20.0,-0.4,3968,0,1.3,6696,29.5,9,47.5,0,1,6622,2,0.00,0xEE,0,0
19834,20.4,20.0,-0.4,3970,0,1.1,6694,29.4,9,47.5,0,1,6626,2,0.00,0xEE,0,0
19850,20.4,20.0,-0.4,3975,0,0.7,6631,29.5,9,47.5,0,1,6632,2,0.00,0xEE,0,0
19943,20.4,20.0,-0.4,3980,0,0.4,6690,28.8,74,47.5,0,1,6638,2,0.00,0xEE,0,0
19959,20.6,20.0,-0.6,3976,0,0.5,6690,28.9,9,47.5,0,1,6635,2,0.00,0xEE,0,0
19975,20.8,20.0,-0.8,3967,0,1.0,6690,29.2,9,47.5,0,1,6622,2,0.00,0xEE,0,0
19990,21.0,20.0,-1.0,3958,0,1.9,6623,28.4,9,47.5,0,1,6605,2,0.00,0xEE,0,0
20021,21.0,20.0,-1.0,3953,0,2.4,6623,28.9,9,47.5,0,1,6595,2,0.00,0xEE,0,0
20037,21.0,20.0,-1.0,3950,0,2.8,6687,28.9,9,47.5,0,1,6589,2,0.00,0xEE,0,0
20052,21.0,20.0,-1.0,3946,0,2.9,6685,28.9,1,47.5,0,1,6587,2,0.00,0xEE,0,0
20083,21.0,20.0,-1.0,3946,0,2.8,6619,28.8,3,47.5,0,1,6588,2,0.00,0xEE,0,0
20099,21.0,20.0,-1.0,3949,0,2.6,6618,29.0,4,47.5,0,1,6592,2,0.00,0xEE,0,0
20114,21.0,20.0,-1.0,3954,0,2.2,6618,29.1,6,47.5,0,1,6599,2,0.00,0xEE,0,0
20129,20.9,20.0,-0.9,3961,0,1.5,6678,29.1,8,47.5,0,1,6613,2,0.00,0xEE,0,0
20158,20.8,20.0,-0.8,3968,0,0.7,6678,28.7,9,47.5,0,1,6628,2,0.00,0xEE,0,0
20174,20.7,20.0,-0.7,3975,0,-0.0,6612,29.3,9,47.5,0,1,6642,2,0.00,0xEE,0,0
20190,20.9,20.0,-0.9,3979,0,-0.3,6612,28.7,9,47.5,0,1,6644,2,0.00,0xEE,0,0
20236,20.9,20.0,-0.9,3981,0,-0.4,6675,29.0,9,47.5,0,1,6646,2,0.00,0xEE,0,0
20236,20.9,20.0,-0.9,3978,0,-0.6,6675,28.5,0,47.5,0,1,6650,2,0.00,0xEE,0,0
20251,21.0,20.0,-1.0,3982,0,-0.3,6612,28.5,2,47.5,0,1,6643,2,0.00,0xEE,0,0
20282,21.2,20.0,-1.2,3970,0,0.4,6610,29.0,3,47.5,0,1,6629,2,0.00,0xEE,0,0
20297,21.3,20.0,-1.3,3961,0,1.2,6610,28.6,5,47.5,0,1,6612,2,0.00,0xEE,0,0
20313,21.3,20.0,-1.3,3958,0,1.7,6672,28.7,7,47.5,0,1,6604,2,0.00,0xEE,0,0
20344,21.2,20.0,-1.2,3955,0,1.8,6672,28.9,9,47.5,0,1,6603,2,0.00,0xEE,0,0
20360,21.2,20.0,-1.2,3955,0,1.7,6607,28.7,9,47.5,0,1,6605,2,0.00,0xEE,0,0
20437,21.1,20.0,-1.1,3961,0,1.4,6602,29.4,74,47.5,0,1,6612,2,0.00,0xEE,0,0
20468,21.2,20.0,-1.2,3963,0,0.9,6665,28.5,7,47.5,0,1,6619,2,0.00,0xEE,0,0
20483,21.3,20.0,-1.3,3961,0,0.9,6663,28.8,9,47.5,0,1,6617,2,0.00,0xEE,0,0
20499,21.4,20.0,-1.4,3961,0,1.1,6599,28.5,9,47.5,0,1,6613,2,0.00,0xEE,0,0
20515,21.3,20.0,-1.3,3965,0,0.9,6599,29.1,9,47.5,0,1,6618,2,0.00,0xEE,0,0
20546,21.2,20.0,-1.2,3969,0,0.6,6662,28.6,9,47.5,0,1,6624,2,0.00,0xEE,0,0
20562,21.2,20.0,-1.2,3973,0,0.2,6660,28.7,9,47.5,0,1,6632,2,0.00,0xEE,0,0
20577,21.3,20.0,-1.3,3973,0,0.1,6660,27.9,1,47.5,0,1,6631,2,0.00,0xEE,0,0
20608,21.6,20.0,-1.6,3962,0,0.9,6597,27.7,3,47.5,0,1,6614,2,0.00,0xEE,0,0
20625,21.8,20.0,-1.8,3948,0,2.1,6597,28.3,4,47.5,0,1,6590,2,0.00,0xEE,0,0
20640,21.8,20.0,-1.8,3937,0,2.9,6660,28.4,6,47.5,0,1,6575,2,0.00,0xEE,0,0
20655,21.7,20.0,-1.7,3935,0,3.1,6660,28.0,8,47.5,0,1,6573,2,0.00,0xEE,0,0
20687,21.7,20.0,-1.7,3935,0,3.0,6659,27.9,9,47.5,0,1,6575,2,0.00,0xEE,0,0
20703,21.8,20.0,-1.8,3935,0,3.0,6593,28.3,9,47.5,0,1,6573,2,0.00,0xEE,0,0
20718,21.8,20.0,-1.8,3939,0,2.9,6590,29.0,9,47.5,0,1,6575,2,0.00,0xEE,0,0
20750,21.7,20.0,-1.7,3943,0,2.4,6654,28.1,9,47.5,0,1,6586,2,0.00,0xEE,0,0
20765,21.6,20.0,-1.6,3950,0,1.1,6653,28.5,0,47.5,0,1,6608,2,0.00,0xEE,0,0
20779,21.7,20.0,-1.7,3959,0,0.7,6587,28.2,2,47.5,0,1,6615,2,0.00,0xEE,0,0
20795,21.6,20.0,-1.6,3966,0,0.2,6587,28.4,3,47.5,0,1,6626,2,0.00,0xEE,0,0
20826,21.5,20.0,-1.5,3975,0,-0.4,6586,28.9,5,47.5,0,1,6638,2,0.00,0xEE,0,0
20841,21.4,20.0,-1.4,3985,0,-1.3,6650,28.7,7,47.5,0,1,6656,2,0.00,0xEE,0,0
20857,21.3,20.0,-1.3,3995,0,-2.2,6650,28.6,9,47.5,0,1,6674,2,0.00,0xEE,0,0
20949,21.2,20.0,-1.2,4007,0,-3.0,6591,28.2,74,47.5,0,1,6689,2,0.00,0xEE,0,0
20964,21.0,20.0,-1.0,4014,0,-3.4,6594,29.6,6,47.5,0,1,6697,2,0.00,0xEE,0,0
20980,20.7,20.0,-0.7,4023,0,-4.2,6660,28.4,8,47.5,0,1,6715,2,0.00,0xEE,0,0
21011,20.5,20.0,-0.5,4035,0,-5.1,6662,29.1,9,47.5,0,1,6733,2,0.00,0xEE,0,0
21027,20.9,20.0,-0.9,4028,0,-4.7,6602,28.2,9,47.5,0,1,6722,2,0.00,0xEE,0,0
21042,21.1,20.0,-1.1,4015,0,-3.5,6605,28.7,9,49.5,0,1,6698,2,0.00,0xEE,0,0
21073,21.3,20.0,-1.3,4000,0,-2.0,6606,28.8,9,49.5,0,1,6670,2,0.00,0xEE,0,0
21089,21.1,20.0,-1.1,3989,0,-1.1,6671,28.9,9,49.5,0,1,6655,2,0.00,0xEE,0,0
21105,21.0,20.0,-1.0,3982,0,-0.2,6672,28.8,1,49.5,0,1,6639,2,0.00,0xEE,0,0
21120,21.0,20.0,-1.0,3974,0,0.1,6610,28.8,3,49.5,0,1,6634,2,0.00,0xEE,0,0
21151,21.0,20.0,-1.0,3971,0,0.4,6610,28.8,5,49.5,0,1,6628,2,0.00,0xEE,0,0
21168,21.1,20.0,-1.1,3969,0,0.8,6675,29.6,7,49.5,0,1,6622,2,0.00,0xEE,0,0
21183,20.8,20.0,-0.8,3973,0,0.4,6675,29.5,9,49.5,0,1,6632,2,0.00,0xEE,0,0
21199,20.6,20.0,-0.6,3984,0,-0.6,6675,29.3,9,49.5,0,1,6651,2,0.00,0xEE,0,0
21230,20.4,20.0,-0.4,3999,0,-1.7,6610,29.1,9,49.5,0,1,6674,2,0.00,0xEE,0,0
21246,20.5,20.0,-0.5,4005,0,-2.2,6610,28.7,9,49.5,0,1,6681,2,0.00,0xEE,0,0
21261,20.7,20.0,-0.7,4004,0,-2.1,6677,29.0,9,49.5,0,1,6676,2,0.00,0xEE,0,0
21292,20.8,20.0,-0.8,3996,0,-1.2,6678,29.6,0,49.5,0,1,6660,2,0.00,0xEE,0,0
21307,20.6,20.0,-0.6,3993,0,-1.3,6615,29.5,2,49.5,0,1,6663,2,0.00,0xEE,0,0
21323,20.4,20.0,-0.4,4000,0,-1.7,6615,29.4,4,49.5,0,1,6673,2,0.00,0xEE,0,0
21339,20.4,20.0,-0.4,4006,0,-2.1,6616,28.6,6,49.5,0,1,6681,2,0.00,0xEE,0,0
21369,20.5,20.0,-0.5,4004,0,-2.1,6681,29.2,8,49.5,0,1,6680,2,0.00,0xEE,0,0
21447,20.6,20.0,-0.6,3999,0,-1.7,6621,29.4,74,49.5,0,1,6672,2,0.00,0xEE,0,0
21478,20.1,20.0,-0.1,4008,0,-2.1,6622,30.8,4,49.5,0,1,6685,2,0.00,0xEE,0,0
21493,19.6,20.0,0.4,4027,0,-3.7,6687,30.0,6,49.5,0,1,6719,2,0.00,0xEE,0,0
21508,19.4,20.0,0.6,4045,0,-5.3,6688,29.9,8,49.5,0,1,6750,2,0.00,0xEE,0,0
21524,19.6,20.0,0.4,4049,0,-5.8,6625,30.0,9,49.5,0,1,6757,2,0.00,0xEE,0,0
21555,19.9,20.0,0.1,4044,0,-5.3,6626,29.6,9,49.5,0,1,6745,2,0.00,0xEE,0,0
21571,19.9,20.0,0.1,4038,0,-4.6,6631,30.0,9,49.5,0,1,6733,2,0.00,0xEE,0,0
21587,19.9,20.0,0.1,4029,0,-3.9,6697,30.1,9,49.5,0,1,6719,2,0.00,0xEE,0,0
21617,19.8,20.0,0.2,4021,0,-3.2,6700,30.2,9,49.5,0,1,6708,2,0.00,0xEE,0,0
21633,19.6,20.0,0.4,4015,0,-2.4,6637,30.1,1,49.5,0,1,6695,2,0.00,0xEE,0,0
21650,19.5,20.0,0.5,4015,0,-2.2,6638,30.8,3,49.5,0,1,6693,2,0.00,0xEE,0,0
21666,19.5,20.0,0.5,4011,0,-2.0,6705,30.2,5,49.5,0,1,6689,2,0.00,0xEE,0,0
21696,19.5,20.0,0.5,4008,0,-1.8,6705,30.3,7,49.5,0,1,6686,2,0.00,0xEE,0,0
21711,19.5,20.0,0.5,4003,0,-1.5,6640,30.4,9,49.5,0,1,6680,2,0.00,0xEE,0,0
21727,19.5,20.0,0.5,4002,0,-1.2,6641,30.0,9,49.5,0,1,6675,2,0.00,0xEE,0,0
21759,19.6,20.0,0.4,3997,0,-0.7,6643,29.4,9,49.5,0,1,6665,2,0.00,0xEE,0,0
21774,19.9,20.0,0.1,3980,0,0.5,6706,29.3,9,49.5,0,1,6639,2,0.00,0xEE,0,0
21790,20.2,20.0,-0.2,3958,0,2.3,6708,30.0,9,49.5,0,1,6604,2,0.00,0xEE,0,0
21806,20.2,20.0,-0.2,3940,0,4.5,6641,30.1,0,49.5,0,1,6565,2,0.00,0xEE,0,0
21836,19.9,20.0,0.1,3942,0,4.1,6640,30.4,2,49.5,0,1,6575,2,0.00,0xEE,0,0
21851,19.7,20.0,0.3,3951,0,3.2,6702,29.7,4,49.5,0,1,6594,2,0.00,0xEE,0,0
21866,19.9,20.0,0.1,3955,0,2.5,6699,29.7,6,49.5,0,1,6604,2,0.00,0xEE,0,0
21958,19.9,20.0,0.1,3956,0,2.5,6628,29.7,90,49.5,0,1,6604,2,0.00,0xEE,0,0
21974,20.1,20.0,-0.1,3962,0,1.9,6625,29.8,2,49.5,0,1,6613,2,0.00,0xEE,0,0
21990,20.1,20.0,-0.1,3967,0,1.3,6688,29.9,3,49.5,0,1,6624,2,0.00,0xEE,0,0
22020,20.0,20.0,-0.0,3973,0,0.7,6687,29.6,5,49.5,0,1,6636,2,0.00,0xEE,0,0
22035,20.1,20.0,-0.1,3975,0,0.3,6622,29.1,7,49.5,0,1,6641,2,0.00,0xEE,0,0
22050,20.2,20.0,-0.2,3975,0,0.4,6622,29.4,9,48.6,0,1,6639,2,0.00,0xEE,0,0
22082,20.5,20.0,-0.5,3968,0,1.0,6621,29.1,9,48.6,0,1,6625,2,0.00,0xEE,0,0
22098,20.6,20.0,-0.6,3958,0,1.7,6684,29.3,9,48.6,0,1,6611,2,0.00,0xEE,0,0
22113,20.7,20.0,-0.7,3948,0,2.4,6684,28.9,9,48.6,0,1,6596,2,0.00,0xEE,0,0
22128,20.7,20.0,-0.7,3942,0,3.1,6618,28.7,9,48.6,0,1,6584,2,0.00,0xEE,0,0
22159,20.8,20.0,-0.8,3935,0,3.9,6616,29.9,1,48.6,0,1,6568,2,0.00,0xEE,0,0
22175,20.6,20.0,-0.6,3941,0,3.4,6678,29.1,2,48.6,0,1,6580,2,0.00,0xEE,0,0
22191,20.5,20.0,-0.5,3948,0,2.6,6677,29.0,4,48.6,0,1,6595,2,0.00,0xEE,0,0
22222,20.7,20.0,-0.7,3950,0,2.2,6675,28.9,6,48.6,0,1,6600,2,0.00,0xEE,0,0
22237,20.9,20.0,-0.9,3950,0,2.2,6610,28.6,8,48.6,0,1,6598,2,0.00,0xEE,0,0
22253,21.0,20.0,-1.0,3946,0,2.5,6609,28.3,9,48.6,0,1,6590,2,0.00,0xEE,0,0
22268,21.2,20.0,-1.2,3938,0,3.0,6672,28.6,9,48.6,0,1,6580,2,0.00,0xEE,0,0
22299,21.3,20.0,-1.3,3931,0,3.5,6669,29.3,9,48.6,0,1,6570,2,0.00,0xEE,0,0
22315,21.1,20.0,-1.1,3933,0,3.3,6603,29.1,9,48.6,0,1,6575,2,0.00,0xEE,0,0
22345,20.7,20.0,-0.7,3943,0,1.3,6603,29.2,0,48.6,0,1,6614,2,0.00,0xEE,0,0
22361,20.7,20.0,-0.7,3971,0,0.3,6600,29.4,2,48.6,0,1,6634,2,0.00,0xEE,0,0
22376,20.7,20.0,-0.7,3980,0,-0.7,6663,28.9,3,48.6,0,1,6652,2,0.00,0xEE,0,0
22452,20.7,20.0,-0.7,3981,0,-0.7,6662,28.9,87,48.6,0,1,6652,2,0.00,0xEE,0,0
22484,20.7,20.0,-0.7,3983,0,-0.8,6599,28.5,9,48.6,0,1,6653,2,0.00,0xEE,0,0
22499,21.2,20.0,-1.2,3969,0,0.4,6599,29.0,1,48.6,0,1,6626,2,0.00,0xEE,0,0
22514,21.3,20.0,-1.3,3958,0,1.1,6663,28.8,3,48.6,0,1,6612,2,0.00,0xEE,0,0
22545,21.1,20.0,-1.1,3956,0,1.3,6663,29.0,5,48.6,0,1,6612,2,0.00,0xEE,0,0
22561,21.0,20.0,-1.0,3958,0,1.0,6662,28.8,6,48.6,0,1,6617,2,0.00,0xEE,0,0
22576,21.0,20.0,-1.0,3964,0,0.7,6597,28.9,8,48.6,0,1,6623,2,0.00,0xEE,0,0
22592,21.0,20.0,-1.0,3967,0,0.6,6597,28.7,9,48.6,0,1,6624,2,0.00,0xEE,0,0
22622,21.1,20.0,-1.1,3966,0,0.6,6660,28.4,9,48.6,0,1,6624,2,0.00,0xEE,0,0
22638,21.1,20.0,-1.1,3963,0,0.7,6659,29.3,9,48.6,0,1,6621,2,0.00,0xEE,0,0
22654,21.1,20.0,-1.1,3965,0,0.6,6596,28.9,9,48.6,0,1,6622,2,0.00,0xEE,0,0
22685,20.9,20.0,-0.9,3968,0,-0.1,6594,28.5,0,48.6,0,1,6638,2,0.00,0xEE,0,0
22700,21.0,20.0,-1.0,3976,0,-0.3,6594,28.7,2,48.6,0,1,6640,2,0.00,0xEE,0,0
22715,21.2,20.0,-1.2,3970,0,0.0,6659,28.4,4,48.6,0,1,6632,2,0.00,0xEE,0,0
22747,21.2,20.0,-1.2,3964,0,0.4,6659,28.7,5,48.6,0,1,6624,2,0.00,0xEE,0,0
22762,21.2,20.0,-1.2,3962,0,0.8,6596,28.7,7,48.6,0,1,6619,2,0.00,0xEE,0,0
22779,21.2,20.0,-1.2,3964,0,0.8,6594,28.6,9,48.6,0,1,6619,2,0.00,0xEE,0,0
22794,21.2,20.0,-1.2,3964,0,0.9,6659,28.6,9,48.6,0,1,6617,2,0.00,0xEE,0,0
22825,21.2,20.0,-1.2,3961,0,1.0,6657,28.5,9,48.6,0,1,6614,2,0.00,0xEE,0,0
22840,21.3,20.0,-1.3,3958,0,1.1,6657,28.7,9,48.6,0,1,6612,2,0.00,0xEE,0,0
22856,21.3,20.0,-1.3,3958,0,1.1,6593,28.6,9,48.6,0,1,6611,2,0.00,0xEE,0,0
22886,21.1,20.0,-1.1,3967,0,0.5,6593,29.0,1,48.6,0,1,6624,2,0.00,0xEE,0,0
22962,21.1,20.0,-1.1,3966,0,0.5,6654,29.0,85,48.6,0,1,6624,2,0.00,0xEE,0,0
22978,21.0,20.0,-1.0,3968,0,0.4,6653,28.5,9,48.6,0,1,6628,2,0.00,0xEE,0,0
23008,21.0,20.0,-1.0,3972,0,-0.2,6590,28.4,9,48.6,0,1,6637,2,0.00,0xEE,0,0
23024,21.2,20.0,-1.2,3972,0,-0.1,6589,29.1,0,48.6,0,1,6635,2,0.00,0xEE,0,0
23039,21.0,20.0,-1.0,3979,0,-0.6,6590,28.8,2,48.6,0,1,6644,2,0.00,0xEE,0,0
23069,20.8,20.0,-0.8,3988,0,-1.4,6654,29.1,4,46.7,0,1,6661,2,0.00,0xEE,0,0
23085,20.8,20.0,-0.8,3995,0,-2.0,6654,29.2,6,46.7,0,1,6674,2,0.00,0xEE,0,0
23101,20.7,20.0,-0.7,4003,0,-2.6,6591,28.6,8,46.7,0,1,6683,2,0.00,0xEE,0,0
23116,20.9,20.0,-0.9,4002,0,-2.4,6593,28.6,9,46.7,0,1,6679,2,0.00,0xEE,0,0
23146,21.1,20.0,-1.1,3995,0,-1.8,6593,28.2,9,46.7,0,1,6665,2,0.00,0xEE,0,0
23162,21.3,20.0,-1.3,3980,0,-0.7,6659,29.1,9,46.7,0,1,6644,2,0.00,0xEE,0,0
23177,21.2,20.0,-1.2,3970,0,0.1,6659,28.7,9,46.7,0,1,6630,2,0.00,0xEE,0,0
23208,21.2,20.0,-1.2,3966,0,0.6,6596,28.0,9,46.7,0,1,6620,2,0.00,0xEE,0,0
23224,21.2,20.0,-1.2,3958,0,1.4,6597,28.7,1,46.7,0,1,6606,2,0.00,0xEE,0,0
23239,21.2,20.0,-1.2,3957,0,1.6,6660,28.9,3,46.7,0,1,6602,2,0.00,0xEE,0,0
23269,21.1,20.0,-1.1,3958,0,1.4,6659,28.9,5,46.7,0,1,6607,2,0.00,0xEE,0,0
23285,21.0,20.0,-1.0,3962,0,1.0,6659,28.3,7,46.7,0,1,6616,2,0.00,0xEE,0,0
23300,21.1,20.0,-1.1,3967,0,0.6,6594,28.6,9,46.7,0,1,6622,2,0.00,0xEE,0,0
23330,21.2,20.0,-1.2,3966,0,0.8,6594,28.4,9,46.7,0,1,6617,2,0.00,0xEE,0,0
23346,21.3,20.0,-1.3,3959,0,1.1,6657,28.6,9,46.7,0,1,6610,2,0.00,0xEE,0,0
23376,21.3,20.0,-1.3,3955,0,1.3,6657,28.6,9,46.7,0,1,6606,2,0.00,0xEE,0,0
23376,21.3,20.0,-1.3,3955,0,1.2,6659,28.7,9,46.7,0,1,6608,2,0.00,0xEE,0,0
23469,21.2,20.0,-1.2,3962,0,1.0,6590,28.8,74,46.7,0,1,6612,2,0.00,0xEE,0,0
23485,21.2,20.0,-1.2,3963,0,0.9,6654,28.5,9,46.7,0,1,6615,2,0.00,0xEE,0,0
23516,21.2,20.0,-1.2,3964,0,0.6,6656,28.5,9,46.7,0,1,6620,2,0.00,0xEE,0,0
23532,21.3,20.0,-1.3,3964,0,0.5,6654,28.7,9,46.7,0,1,6622,2,0.00,0xEE,0,0
23547,21.2,20.0,-1.2,3967,0,0.0,6590,29.2,0,46.7,0,1,6630,2,0.00,0xEE,0,0
23563,21.1,20.0,-1.1,3978,0,-0.4,6591,28.8,2,46.7,0,1,6640,2,0.00,0xEE,0,0
23596,21.0,20.0,-1.0,3989,0,-1.2,6656,29.7,4,46.7,0,1,6656,2,0.00,0xEE,0,0
23623,20.6,20.0,-0.6,4004,0,-2.6,6654,29.6,6,46.7,0,1,6684,2,0.00,0xEE,0,0
23623,20.3,20.0,-0.3,4024,0,-4.3,6593,29.7,8,46.7,0,1,6719,2,0.00,0xEE,0,0
23654,20.2,20.0,-0.2,4043,0,-5.8,6594,29.1,9,46.7,0,1,6748,2,0.00,0xEE,0,0
23669,20.3,20.0,-0.3,4050,0,-6.4,6597,29.2,9,46.7,0,1,6756,2,0.00,0xEE,0,0
23684,20.5,20.0,-0.5,4045,0,-6.1,6663,29.7,9,46.7,0,1,6749,2,0.00,0xEE,0,0
23715,20.6,20.0,-0.6,4033,0,-5.2,6668,29.2,9,46.7,0,1,6732,2,0.00,0xEE,0,0
23731,20.6,20.0,-0.6,4024,0,-4.4,6606,29.4,9,46.7,0,1,6718,2,0.00,0xEE,0,0
23746,20.4,20.0,-0.4,4021,0,-3.2,6609,29.6,1,46.7,0,1,6697,2,0.00,0xEE,0,0
23762,20.4,20.0,-0.4,4013,0,-2.7,6675,29.6,3,46.7,0,1,6690,2,0.00,0xEE,0,0
23793,20.3,20.0,-0.3,4008,0,-2.4,6678,29.6,5,46.7,0,1,6685,2,0.00,0xEE,0,0
23809,20.2,20.0,-0.2,4005,0,-2.2,6680,29.4,7,46.7,0,1,6682,2,0.00,0xEE,0,0
23825,20.2,20.0,-0.2,4004,0,-2.0,6616,29.9,9,46.7,0,1,6677,2,0.00,0xEE,0,0
23855,20.1,20.0,-0.1,4005,0,-1.9,6618,30.5,9,46.7,0,1,6678,2,0.00,0xEE,0,0
23870,19.9,20.0,0.1,4014,0,-2.4,6684,30.4,9,46.7,0,1,6691,2,0.00,0xEE,0,0
23885,19.5,20.0,0.5,4026,0,-3.5,6687,30.5,9,46.7,0,1,6714,2,0.00,0xEE,0,0
23978,19.4,20.0,0.6,4040,0,-4.7,6629,30.2,74,46.7,0,1,6737,2,0.00,0xEE,0,0
23994,19.4,20.0,0.6,4040,0,-4.6,6634,30.1,9,46.7,0,1,6735,2,0.00,0xEE,0,0
24009,19.5,20.0,0.5,4031,0,-3.9,6700,30.2,9,46.7,0,1,6721,2,0.00,0xEE,0,0
24040,19.6,20.0,0.4,4019,0,-3.0,6703,30.5,9,46.7,0,1,6703,2,0.00,0xEE,0,0
24055,19.6,20.0,0.4,4012,0,-2.2,6641,30.3,9,47.0,0,1,6689,2,0.00,0xEE,0,0
24071,19.2,20.0,0.8,4012,0,-1.8,6641,30.9,1,47.0,0,1,6687,2,0.00,0xEE,0,0
24087,19.0,20.0,1.0,4017,0,-2.3,6706,30.5,3,47.0,0,1,6699,2,0.00,0xEE,0,0
24118,19.0,20.0,1.0,4021,0,-2.7,6708,30.6,5,47.0,0,1,6706,2,0.00,0xEE,0,0
24134,19.1,20.0,0.9,4020,0,-2.6,6647,30.4,6,47.0,0,1,6702,2,0.00,0xEE,0,0
24150,19.2,20.0,0.8,4015,0,-2.0,6647,31.1,8,47.0,0,1,6691,2,0.00,0xEE,0,0
24181,19.2,20.0,0.8,4012,0,-1.7,6648,30.8,9,47.0,0,1,6686,2,0.00,0xEE,0,0
24196,19.0,20.0,1.0,4012,0,-1.8,6714,31.0,9,47.0,0,1,6689,2,0.00,0xEE,0,0
24211,18.9,20.0,1.1,4013,0,-1.9,6715,30.7,9,47.0,0,1,6692,2,0.00,0xEE,0,0
24226,19.0,20.0,1.0,4013,0,-1.8,6653,30.7,9,47.0,0,1,6691,2,0.00,0xEE,0,0
24258,19.1,20.0,0.9,4009,0,-0.9,6653,30.7,0,47.0,0,1,6673,2,0.00,0xEE,0,0
24274,19.0,20.0,1.0,4000,0,-0.7,6717,31.3,2,47.0,0,1,6669,2,0.00,0xEE,0,0
24290,19.0,20.0,1.0,3998,0,-0.6,6717,30.9,4,47.0,0,1,6669,2,0.00,0xEE,0,0
24320,18.9,20.0,1.1,4001,0,-0.7,6653,30.8,6,47.0,0,1,6671,2,0.00,0xEE,0,0
24336,18.9,20.0,1.1,4001,0,-0.6,6653,30.6,8,47.0,0,1,6670,2,0.00,0xEE,0,0
24352,19.0,20.0,1.0,3997,0,-0.5,6717,30.9,9,47.0,0,1,6667,2,0.00,0xEE,0,0
24367,19.0,20.0,1.0,3992,0,-0.2,6717,30.7,9,47.0,0,1,6660,2,0.00,0xEE,0,0
24399,19.0,20.0,1.0,3989,0,0.0,6651,31.0,9,47.0,0,1,6657,2,0.00,0xEE,0,0
24475,18.9,20.0,1.1,3992,0,-0.0,6651,31.3,74,47.0,0,1,6659,2,0.00,0xEE,0,0
24505,18.8,20.0,1.2,3992,0,-0.1,6715,30.2,9,47.0,0,1,6661,2,0.00,0xEE,0,0
24520,18.9,20.0,1.1,3991,0,-0.1,6714,30.7,9,47.0,0,1,6661,2,0.00,0xEE,0,0
24536,19.0,20.0,1.0,3990,0,0.1,6648,30.9,9,47.0,0,1,6656,2,0.00,0xEE,0,0
24551,19.1,20.0,0.9,3985,0,0.5,6648,30.6,9,47.0,0,1,6647,2,0.00,0xEE,0,0
24581,19.2,20.0,0.8,3980,0,1.3,6712,30.7,0,47.0,0,1,6632,2,0.00,0xEE,0,0
24597,19.3,20.0,0.7,3975,0,2.0,6711,29.7,2,47.0,0,1,6619,2,0.00,0xEE,0,0
24613,19.4,20.0,0.6,3959,0,2.5,6645,30.5,3,47.0,0,1,6609,2,0.00,0xEE,0,0
24644,19.5,20.0,0.5,3954,0,3.0,6644,30.3,5,47.0,0,1,6598,2,0.00,0xEE,0,0
24660,19.4,20.0,0.6,3955,0,3.0,6706,30.9,7,47.0,0,1,6599,2,0.00,0xEE,0,0
24675,19.3,20.0,0.7,3957,0,2.7,6705,30.7,9,47.0,0,1,6605,2,0.00,0xEE,0,0
24691,19.2,20.0,0.8,3964,0,2.0,6703,29.9,9,47.0,0,1,6620,2,0.00,0xEE,0,0
24723,19.3,20.0,0.7,3969,0,1.6,6637,30.2,9,47.0,0,1,6626,2,0.00,0xEE,0,0
24737,19.4,20.0,0.6,3969,0,1.6,6635,30.2,9,47.0,0,1,6624,2,0.00,0xEE,0,0
24752,19.6,20.0,0.4,3965,0,2.0,6697,29.3,9,47.0,0,1,6615,2,0.00,0xEE,0,0
24799,20.1,20.0,-0.1,3954,0,3.8,6697,29.4,1,47.0,0,1,6577,2,0.00,0xEE,0,0
24799,20.3,20.0,-0.3,3923,0,5.0,6631,29.7,3,47.0,0,1,6552,2,0.00,0xEE,0,0
24815,20.3,20.0,-0.3,3917,0,5.7,6629,30.3,5,47.0,0,1,6541,2,0.00,0xEE,0,0
24861,20.1,20.0,-0.1,3922,0,5.4,6690,30.0,7,47.0,0,1,6549,2,0.00,0xEE,0,0
24861,19.8,20.0,0.2,3934,0,4.3,6688,30.3,8,47.0,0,1,6571,2,0.00,0xEE,0,0
24877,19.7,20.0,0.3,3948,0,2.9,6685,29.9,9,47.0,0,1,6597,2,0.00,0xEE,0,0
24892,19.6,20.0,0.4,3966,0,1.4,6618,30.3,9,47.0,0,1,6625,2,0.00,0xEE,0,0
24982,19.7,20.0,0.3,3976,0,0.5,6677,29.8,74,47.0,0,1,6640,2,0.00,0xEE,0,0
24997,19.8,20.0,0.2,3975,0,0.4,6678,29.3,9,47.0,0,1,6642,2,0.00,0xEE,0,0
25028,20.1,20.0,-0.1,3971,0,0.5,6612,29.5,9,47.0,0,1,6636,2,0.00,0xEE,0,0
25045,20.2,20.0,-0.2,3967,0,0.9,6613,29.6,9,47.0,0,1,6627,2,0.00,0xEE,0,0
25060,20.3,20.0,-0.3,3961,0,1.5,6610,29.4,9,48.0,0,1,6616,2,0.00,0xEE,0,0
25090,20.4,20.0,-0.4,3955,0,1.9,6675,29.3,9,48.0,0,1,6607,2,0.00,0xEE,0,0
25105,20.6,20.0,-0.6,3948,0,3.0,6675,29.0,0,48.0,0,1,6584,2,0.00,0xEE,0,0
25121,20.7,20.0,-0.7,3932,0,3.8,6609,29.5,2,48.0,0,1,6570,2,0.00,0xEE,0,0
25136,20.9,20.0,-0.9,3926,0,4.4,6607,29.0,4,48.0,0,1,6557,2,0.00,0xEE,0,0
25167,20.7,20.0,-0.7,3927,0,4.4,6669,29.3,6,48.0,0,1,6557,2,0.00,0xEE,0,0
25182,20.7,20.0,-0.7,3926,0,4.3,6666,28.8,7,48.0,0,1,6561,2,0.00,0xEE,0,0
25198,20.7,20.0,-0.7,3931,0,3.7,6666,29.2,9,48.0,0,1,6571,2,0.00,0xEE,0,0
25229,20.7,20.0,-0.7,3938,0,3.2,6599,29.6,9,48.0,0,1,6580,2,0.00,0xEE,0,0
25244,20.6,20.0,-0.6,3947,0,2.4,6597,28.8,9,48.0,0,1,6594,2,0.00,0xEE,0,0
25260,20.7,20.0,-0.7,3951,0,1.9,6660,29.0,9,48.0,0,1,6604,2,0.00,0xEE,0,0
25291,20.8,20.0,-0.8,3952,0,1.6,6659,28.9,9,48.0,0,1,6607,2,0.00,0xEE,0,0
25307,20.9,20.0,-0.9,3951,0,1.4,6659,28.8,1,48.0,0,1,6610,2,0.00,0xEE,0,0
25322,20.9,20.0,-0.9,3958,0,1.2,6593,29.1,3,48.0,0,1,6615,2,0.00,0xEE,0,0
25338,21.0,20.0,-1.0,3960,0,1.1,6593,28.3,5,48.0,0,1,6615,2,0.00,0xEE,0,0
25369,20.9,20.0,-0.9,3961,0,0.9,6656,29.0,6,48.0,0,1,6619,2,0.00,0xEE,0,0
25384,20.9,20.0,-0.9,3961,0,0.7,6656,29.1,8,48.0,0,1,6622,2,0.00,0xEE,0,0
25399,20.8,20.0,-0.8,3966,0,0.2,6590,29.4,9,48.0,0,1,6632,2,0.00,0xEE,0,0
25491,20.7,20.0,-0.7,3978,0,-0.4,6590,29.3,74,48.0,0,1,6644,2,0.00,0xEE,0,0
25506,20.6,20.0,-0.6,3986,0,-1.0,6654,29.0,7,48.0,0,1,6656,2,0.00,0xEE,0,0
25522,20.7,20.0,-0.7,3985,0,-1.0,6654,29.0,9,48.0,0,1,6655,2,0.00,0xEE,0,0
25554,20.9,20.0,-0.9,3979,0,-0.7,6591,28.6,9,48.0,0,1,6649,2,0.00,0xEE,0,0
25570,20.9,20.0,-0.9,3977,0,-0.5,6593,29.3,9,48.0,0,1,6644,2,0.00,0xEE,0,0
25585,20.7,20.0,-0.7,3980,0,-0.5,6593,29.9,9,48.0,0,1,6646,2,0.00,0xEE,0,0
25616,20.5,20.0,-0.5,3987,0,-1.2,6657,29.8,9,48.0,0,1,6661,2,0.00,0xEE,0,0
25631,20.1,20.0,-0.1,4003,0,-3.4,6659,29.4,0,48.0,0,1,6705,2,0.00,0xEE,0,0
25646,20.3,20.0,-0.3,4016,0,-3.6,6596,28.5,2,48.0,0,1,6708,2,0.00,0xEE,0,0
25661,20.6,20.0,-0.6,4007,0,-2.8,6597,28.8,4,48.0,0,1,6689,2,0.00,0xEE,0,0
25692,20.9,20.0,-0.9,3989,0,-1.3,6662,28.6,6,48.0,0,1,6657,2,0.00,0xEE,0,0
25708,21.2,20.0,-1.2,3964,0,0.7,6665,28.6,8,48.0,0,1,6618,2,0.00,0xEE,0,0
25724,21.3,20.0,-1.3,3942,0,2.5,6665,29.2,9,48.0,0,1,6586,2,0.00,0xEE,0,0
25754,21.1,20.0,-1.1,3934,0,3.2,6602,30.2,9,48.0,0,1,6574,2,0.00,0xEE,0,0
25769,20.5,20.0,-0.5,3949,0,2.3,6600,30.2,9,48.0,0,1,6598,2,0.00,0xEE,0,0
25784,20.0,20.0,0.0,3979,0,0.1,6663,30.0,9,48.0,0,1,6645,2,0.00,0xEE,0,0
25815,19.7,20.0,0.3,4006,0,-2.4,6663,29.6,9,48.0,0,1,6693,2,0.00,0xEE,0,0
25831,20.2,20.0,-0.2,4019,0,-3.9,6663,28.8,1,48.0,0,1,6713,2,0.00,0xEE,0,0
25847,20.5,20.0,-0.5,4010,0,-3.1,6602,29.2,3,48.0,0,1,6696,2,0.00,0xEE,0,0
25863,20.6,20.0,-0.6,3999,0,-2.0,6603,29.4,5,48.0,0,1,6674,2,0.00,0xEE,0,0
25894,20.6,20.0,-0.6,3988,0,-0.9,6668,28.5,7,48.0,0,1,6654,2,0.00,0xEE,0,0
25910,20.6,20.0,-0.6,3978,0,-0.1,6669,29.7,8,48.0,0,1,6641,2,0.00,0xEE,0,0
25988,20.4,20.0,-0.4,3976,0,0.0,6607,30.1,74,48.0,0,1,6640,2,0.00,0xEE,0,0
26020,19.9,20.0,0.1,3995,0,-1.2,6607,29.3,5,48.0,0,1,6669,2,0.00,0xEE,0,0
26035,19.8,20.0,0.2,4005,0,-2.2,6672,29.9,7,48.0,0,1,6688,2,0.00,0xEE,0,0
26051,19.9,20.0,0.1,4010,0,-2.7,6674,30.2,9,48.0,0,1,6697,2,0.00,0xEE,0,0
26081,19.8,20.0,0.2,4016,0,-3.1,6609,30.2,9,49.5,0,1,6704,2,0.00,0xEE,0,0
26096,19.7,20.0,0.3,4022,0,-3.5,6612,30.2,9,49.5,0,1,6712,2,0.00,0xEE,0,0
26113,19.6,20.0,0.4,4029,0,-3.9,6678,30.3,9,49.5,0,1,6720,2,0.00,0xEE,0,0
26127,19.6,20.0,0.4,4030,0,-4.1,6680,30.5,9,49.5,0,1,6724,2,0.00,0xEE,0,0
26158,19.4,20.0,0.6,4032,0,-4.5,6683,30.8,0,49.5,0,1,6735,2,0.00,0xEE,0,0
26188,19.3,20.0,0.7,4038,0,-4.7,6622,30.4,2,49.5,0,1,6738,2,0.00,0xEE,0,0
26188,19.3,20.0,0.7,4040,0,-4.6,6623,30.6,4,49.5,0,1,6737,2,0.00,0xEE,0,0
26220,19.2,20.0,0.8,4037,0,-4.4,6691,30.8,6,49.5,0,1,6734,2,0.00,0xEE,0,0
26252,19.1,20.0,0.9,4035,0,-4.3,6693,30.8,8,49.5,0,1,6734,2,0.00,0xEE,0,0
26252,19.1,20.0,0.9,4033,0,-4.2,6631,30.4,9,49.5,0,1,6732,2,0.00,0xEE,0,0
26267,19.1,20.0,0.9,4029,0,-3.7,6634,30.4,9,49.5,0,1,6722,2,0.00,0xEE,0,0
26297,19.3,20.0,0.7,4020,0,-2.8,6635,30.4,9,49.5,0,1,6704,2,0.00,0xEE,0,0
26313,19.4,20.0,0.6,4004,0,-1.6,6702,30.2,9,49.5,0,1,6681,2,0.00,0xEE,0,0
26329,19.4,20.0,0.6,3992,0,-0.5,6703,31.1,9,49.5,0,1,6662,2,0.00,0xEE,0,0
26361,19.1,20.0,0.9,3989,0,0.1,6641,30.3,1,49.5,0,1,6654,2,0.00,0xEE,0,0
26376,19.1,20.0,0.9,3992,0,-0.0,6641,30.6,3,49.5,0,1,6657,2,0.00,0xEE,0,0
26391,19.1,20.0,0.9,3989,0,0.1,6706,30.6,5,49.5,0,1,6655,2,0.00,0xEE,0,0
26406,19.2,20.0,0.8,3984,0,0.3,6705,30.5,7,49.5,0,1,6650,2,0.00,0xEE,0,0
26499,19.2,20.0,0.8,3986,0,0.3,6640,30.5,91,49.5,0,1,6650,2,0.00,0xEE,0,0
26514,19.2,20.0,0.8,3986,0,0.4,6638,30.8,2,49.5,0,1,6649,2,0.00,0xEE,0,0
26545,19.2,20.0,0.8,3984,0,0.4,6702,30.3,4,49.5,0,1,6648,2,0.00,0xEE,0,0
26560,19.2,20.0,0.8,3981,0,0.5,6702,30.5,6,49.5,0,1,6646,2,0.00,0xEE,0,0
26575,19.3,20.0,0.7,3981,0,0.7,6637,30.5,8,49.5,0,1,6643,2,0.00,0xEE,0,0
26605,19.3,20.0,0.7,3980,0,0.8,6637,30.0,9,49.5,0,1,6640,2,0.00,0xEE,0,0
26621,19.5,20.0,0.5,3973,0,1.3,6702,30.0,9,49.5,0,1,6628,2,0.00,0xEE,0,0
26636,19.6,20.0,0.4,3962,0,2.1,6700,30.8,9,49.5,0,1,6612,2,0.00,0xEE,0,0
26651,19.6,20.0,0.4,3954,0,2.6,6700,30.5,9,49.5,0,1,6603,2,0.00,0xEE,0,0
26683,19.3,20.0,0.7,3958,0,1.8,6634,30.5,0,49.5,0,1,6622,2,0.00,0xEE,0,0
26698,19.3,20.0,0.7,3975,0,1.2,6632,30.8,2,49.5,0,1,6633,2,0.00,0xEE,0,0
26714,19.3,20.0,0.7,3979,0,0.6,6696,29.9,3,49.5,0,1,6643,2,0.00,0xEE,0,0
26746,19.4,20.0,0.6,3979,0,0.4,6694,30.2,5,49.5,0,1,6646,2,0.00,0xEE,0,0
26761,19.6,20.0,0.4,3976,0,0.7,6629,29.8,7,49.5,0,1,6638,2,0.00,0xEE,0,0
26776,19.7,20.0,0.3,3970,0,1.3,6629,30.1,9,49.5,0,1,6626,2,0.00,0xEE,0,0
26806,19.8,20.0,0.2,3966,0,1.8,6693,30.6,9,49.5,0,1,6617,2,0.00,0xEE,0,0
26822,19.7,20.0,0.3,3964,0,1.8,6691,30.2,9,49.5,0,1,6618,2,0.00,0xEE,0,0
26838,19.5,20.0,0.5,3968,0,1.4,6691,30.5,9,49.5,0,1,6627,2,0.00,0xEE,0,0
26853,19.4,20.0,0.6,3978,0,0.6,6626,30.7,9,49.5,0,1,6642,2,0.00,0xEE,0,0
26884,19.3,20.0,0.7,3989,0,-0.9,6626,30.5,1,49.5,0,1,6671,2,0.00,0xEE,0,0
26899,19.4,20.0,0.6,3997,0,-1.2,6690,29.9,3,49.5,0,1,6675,2,0.00,0xEE,0,0
26914,19.5,20.0,0.5,3994,0,-1.1,6688,30.2,5,49.5,0,1,6671,2,0.00,0xEE,0,0
27007,19.5,20.0,0.5,3996,0,-1.1,6625,30.2,89,49.5,0,1,6671,2,0.00,0xEE,0,0
27022,19.5,20.0,0.5,3995,0,-0.6,6626,30.4,0,49.5,0,1,6662,2,0.00,0xEE,0,0
27038,19.5,20.0,0.5,3989,0,-0.4,6690,30.0,2,49.5,0,1,6660,2,0.00,0xEE,0,0
27068,19.4,20.0,0.6,3988,0,-0.4,6691,30.4,4,49.5,0,1,6662,2,0.00,0xEE,0,0
27084,19.5,20.0,0.5,3983,0,-0.1,6628,30.0,6,46.7,0,1,6654,2,0.00,0xEE,0,0
27100,19.5,20.0,0.5,3981,0,0.2,6628,30.4,8,46.7,0,1,6649,2,0.00,0xEE,0,0
27116,19.5,20.0,0.5,3980,0,0.4,6626,30.6,9,46.7,0,1,6645,2,0.00,0xEE,0,0
27146,19.4,20.0,0.6,3982,0,0.2,6691,30.2,9,46.7,0,1,6650,2,0.00,0xEE,0,0
27162,19.3,20.0,0.7,3985,0,-0.1,6691,30.7,9,46.7,0,1,6657,2,0.00,0xEE,0,0
27177,19.2,20.0,0.8,3993,0,-0.7,6626,30.9,9,46.7,0,1,6667,2,0.00,0xEE,0,0
27207,19.1,20.0,0.9,4004,0,-1.5,6628,31.0,9,46.7,0,1,6684,2,0.00,0xEE,0,0
27223,18.9,20.0,1.1,4022,0,-3.1,6691,31.0,1,46.7,0,1,6716,2,0.00,0xEE,0,0
27238,18.9,20.0,1.1,4025,0,-3.5,6693,30.8,3,46.7,0,1,6723,2,0.00,0xEE,0,0
27269,18.9,20.0,1.1,4025,0,-3.6,6693,30.7,5,46.7,0,1,6724,2,0.00,0xEE,0,0
27284,19.0,20.0,1.0,4024,0,-3.3,6629,31.3,7,46.7,0,1,6718,2,0.00,0xEE,0,0
27300,19.0,20.0,1.0,4022,0,-3.0,6632,30.9,9,46.7,0,1,6713,2,0.00,0xEE,0,0
27315,18.9,20.0,1.1,4018,0,-2.7,6697,30.3,9,46.7,0,1,6707,2,0.00,0xEE,0,0
27346,19.0,20.0,1.0,4011,0,-2.2,6699,30.7,9,46.7,0,1,6698,2,0.00,0xEE,0,0
27376,19.0,20.0,1.0,4006,0,-1.5,6635,31.0,9,46.7,0,1,6686,2,0.00,0xEE,0,0
27376,19.1,20.0,0.9,3998,0,-0.7,6637,30.4,9,46.7,0,1,6671,2,0.00,0xEE,0,0
27407,19.0,20.0,1.0,3993,0,-0.0,6703,30.7,1,46.7,0,1,6659,2,0.00,0xEE,0,0
27422,18.8,20.0,1.2,3991,0,-0.2,6703,31.2,3,46.7,0,1,6664,2,0.00,0xEE,0,0
27500,18.8,20.0,1.2,3991,0,-0.2,6640,31.2,87,46.7,0,1,6664,2,0.00,0xEE,0,0
27530,18.9,20.0,1.1,3992,0,-0.1,6638,30.7,9,46.7,0,1,6662,2,0.00,0xEE,0,0
27545,19.0,20.0,1.0,3991,0,0.3,6703,30.5,0,46.7,0,1,6654,2,0.00,0xEE,0,0
27561,19.0,20.0,1.0,3983,0,0.4,6702,30.9,2,46.7,0,1,6652,2,0.00,0xEE,0,0
27592,19.0,20.0,1.0,3980,0,0.6,6638,30.8,4,46.7,0,1,6649,2,0.00,0xEE,0,0
27608,19.0,20.0,1.0,3981,0,0.6,6637,30.6,6,46.7,0,1,6649,2,0.00,0xEE,0,0
27624,19.1,20.0,0.9,3979,0,0.9,6638,30.5,8,46.7,0,1,6643,2,0.00,0xEE,0,0
27639,19.1,20.0,0.9,3973,0,1.2,6699,30.9,9,46.7,0,1,6636,2,0.00,0xEE,0,0
27670,19.1,20.0,0.9,3971,0,1.3,6699,31.1,9,46.7,0,1,6634,2,0.00,0xEE,0,0
27686,19.0,20.0,1.0,3976,0,1.1,6635,30.5,9,46.7,0,1,6640,2,0.00,0xEE,0,0
27701,18.9,20.0,1.1,3983,0,0.6,6634,30.9,9,46.7,0,1,6650,2,0.00,0xEE,0,0
27732,19.0,20.0,1.0,3982,0,0.5,6696,30.4,9,46.7,0,1,6650,2,0.00,0xEE,0,0
27749,19.3,20.0,0.7,3971,0,1.2,6694,30.2,1,46.7,0,1,6634,2,0.00,0xEE,0,0
27763,19.3,20.0,0.7,3965,0,1.7,6629,30.4,3,46.7,0,1,6626,2,0.00,0xEE,0,0
27779,19.5,20.0,0.5,3959,0,2.3,6629,30.0,5,46.7,0,1,6613,2,0.00,0xEE,0,0
27809,19.6,20.0,0.4,3951,0,3.0,6629,29.8,7,46.7,0,1,6598,2,0.00,0xEE,0,0
27825,19.8,20.0,0.2,3938,0,3.9,6691,29.9,9,46.7,0,1,6580,2,0.00,0xEE,0,0
27841,19.9,20.0,0.1,3928,0,4.6,6691,30.4,9,46.7,0,1,6566,2,0.00,0xEE,0,0
27873,19.9,20.0,0.1,3926,0,4.9,6623,30.1,9,46.7,0,1,6561,2,0.00,0xEE,0,0
27889,19.8,20.0,0.2,3929,0,4.7,6622,30.1,9,46.7,0,1,6565,2,0.00,0xEE,0,0
27905,19.7,20.0,0.3,3934,0,4.2,6683,29.5,9,46.7,0,1,6576,2,0.00,0xEE,0,0
27919,20.1,20.0,-0.1,3933,0,4.2,6681,29.7,1,46.7,0,1,6570,2,0.00,0xEE,0,0
28012,20.1,20.0,-0.1,3930,0,4.2,6607,29.7,85,46.7,0,1,6570,2,0.00,0xEE,0,0
28028,20.3,20.0,-0.3,3931,0,4.1,6607,30.1,9,46.7,0,1,6570,2,0.00,0xEE,0,0
28043,20.1,20.0,-0.1,3944,0,3.1,6605,30.0,9,46.7,0,1,6591,2,0.00,0xEE,0,0
28075,19.8,20.0,0.2,3959,0,0.2,6665,30.3,0,46.7,0,1,6646,2,0.00,0xEE,0,0
28090,19.7,20.0,0.3,3988,0,-1.2,6665,30.2,2,47.6,0,1,6672,2,0.00,0xEE,0,0
28106,19.7,20.0,0.3,4004,0,-2.4,6600,30.0,4,47.6,0,1,6694,2,0.00,0xEE,0,0
28138,19.6,20.0,0.4,4017,0,-3.4,6600,30.6,6,47.6,0,1,6713,2,0.00,0xEE,0,0
28153,19.5,20.0,0.5,4028,0,-4.4,6666,30.6,8,47.6,0,1,6733,2,0.00,0xEE,0,0
28168,19.3,20.0,0.7,4038,0,-5.3,6668,30.4,9,47.6,0,1,6751,2,0.00,0xEE,0,0
28183,19.2,20.0,0.8,4049,0,-6.1,6669,30.6,9,47.6,0,1,6767,2,0.00,0xEE,0,0
28214,19.2,20.0,0.8,4055,0,-6.5,6607,30.6,9,47.6,0,1,6773,2,0.00,0xEE,0,0
28229,19.2,20.0,0.8,4057,0,-6.4,6612,31.0,9,47.6,0,1,6773,2,0.00,0xEE,0,0
28245,19.2,20.0,0.8,4052,0,-6.0,6678,30.5,9,47.6,0,1,6766,2,0.00,0xEE,0,0
28276,19.1,20.0,0.9,4041,0,-5.1,6683,30.3,1,47.6,0,1,6750,2,0.00,0xEE,0,0
28291,19.2,20.0,0.8,4031,0,-4.1,6623,30.1,3,47.6,0,1,6730,2,0.00,0xEE,0,0
28307,19.4,20.0,0.6,4015,0,-2.5,6626,30.6,5,47.6,0,1,6700,2,0.00,0xEE,0,0
28338,19.6,20.0,0.4,3997,0,-0.8,6626,30.1,7,47.6,0,1,6668,2,0.00,0xEE,0,0
28354,19.6,20.0,0.4,3979,0,0.6,6694,30.3,9,47.6,0,1,6642,2,0.00,0xEE,0,0
28369,19.6,20.0,0.4,3966,0,1.7,6694,31.1,9,47.6,0,1,6623,2,0.00,0xEE,0,0
28384,19.4,20.0,0.6,3962,0,2.1,6628,30.5,9,47.6,0,1,6616,2,0.00,0xEE,0,0
28415,19.4,20.0,0.6,3963,0,2.2,6628,30.0,9,47.6,0,1,6616,2,0.00,0xEE,0,0
28431,19.3,20.0,0.7,3964,0,2.0,6691,30.8,9,47.6,0,1,6621,2,0.00,0xEE,0,0
28509,19.5,20.0,0.5,3958,0,2.1,6622,30.0,74,47.6,0,1,6616,2,0.00,0xEE,0,0
28541,19.4,20.0,0.6,3961,0,2.0,6622,30.6,9,47.6,0,1,6618,2,0.00,0xEE,0,0
28557,19.4,20.0,0.6,3968,0,1.5,6621,31.0,9,47.6,0,1,6628,2,0.00,0xEE,0,0
28571,19.2,20.0,0.8,3979,0,0.5,6684,30.5,9,47.6,0,1,6648,2,0.00,0xEE,0,0
28601,19.1,20.0,0.9,3988,0,-1.2,6683,31.0,1,47.6,0,1,6680,2,0.00,0xEE,0,0
28617,19.1,20.0,0.9,4004,0,-1.9,6616,29.9,3,47.6,0,1,6693,2,0.00,0xEE,0,0
28632,19.2,20.0,0.8,4007,0,-2.1,6618,30.4,5,47.6,0,1,6695,2,0.00,0xEE,0,0
28662,19.3,20.0,0.7,4006,0,-1.8,6683,30.7,7,47.6,0,1,6690,2,0.00,0xEE,0,0
28678,19.4,20.0,0.6,4000,0,-1.4,6683,30.5,9,47.6,0,1,6681,2,0.00,0xEE,0,0
28693,19.3,20.0,0.7,3998,0,-1.2,6684,31.4,9,47.6,0,1,6679,2,0.00,0xEE,0,0
28709,19.2,20.0,0.8,3999,0,-1.1,6621,30.2,9,47.6,0,1,6678,2,0.00,0xEE,0,0
28739,19.2,20.0,0.8,3999,0,-1.0,6621,30.5,9,47.6,0,1,6675,2,0.00,0xEE,0,0
28755,19.3,20.0,0.7,3996,0,-0.7,6685,31.1,9,47.6,0,1,6668,2,0.00,0xEE,0,0
28770,19.1,20.0,0.9,3995,0,-0.9,6684,30.9,0,47.6,0,1,6676,2,0.00,0xEE,0,0
28802,19.0,20.0,1.0,4003,0,-1.3,6622,30.6,2,47.6,0,1,6685,2,0.00,0xEE,0,0
28816,19.0,20.0,1.0,4006,0,-1.5,6622,30.7,4,47.6,0,1,6688,2,0.00,0xEE,0,0
28832,19.1,20.0,0.9,4005,0,-1.4,6687,30.6,6,47.6,0,1,6684,2,0.00,0xEE,0,0
28848,19.2,20.0,0.8,3999,0,-1.0,6688,30.5,8,47.6,0,1,6676,2,0.00,0xEE,0,0
28879,19.2,20.0,0.8,3993,0,-0.5,6690,30.9,9,47.6,0,1,6668,2,0.00,0xEE,0,0
28895,19.1,20.0,0.9,3994,0,-0.4,6625,31.2,9,47.6,0,1,6667,2,0.00,0xEE,0,0
28910,19.0,20.0,1.0,3998,0,-0.6,6626,30.8,9,47.6,0,1,6670,2,0.00,0xEE,0,0
28941,18.9,20.0,1.1,4002,0,-0.8,6690,30.4,9,47.6,0,1,6676,2,0.00,0xEE,0,0
29017,19.1,20.0,0.9,3994,0,-0.6,6628,30.5,74,47.6,0,1,6671,2,0.00,0xEE,0,0
29033,19.2,20.0,0.8,3993,0,-0.5,6628,30.6,9,47.6,0,1,6667,2,0.00,0xEE,0,0
29064,19.3,20.0,0.7,3986,0,0.3,6626,30.3,9,47.6,0,1,6652,2,0.00,0xEE,0,0
29094,19.3,20.0,0.7,3978,0,0.9,6691,30.5,9,47.6,0,1,6641,2,0.00,0xEE,0,0
29094,19.4,20.0,0.6,3970,0,1.9,6690,30.8,0,47.5,0,1,6621,2,0.00,0xEE,0,0
29127,19.3,20.0,0.7,3968,0,1.9,6625,30.9,2,47.5,0,1,6623,2,0.00,0xEE,0,0
29140,19.1,20.0,0.9,3976,0,1.4,6623,30.5,4,47.5,0,1,6635,2,0.00,0xEE,0,0
29156,19.1,20.0,0.9,3981,0,0.8,6687,30.6,6,47.5,0,1,6646,2,0.00,0xEE,0,0
29188,19.2,20.0,0.8,3982,0,0.5,6687,30.0,8,47.5,0,1,6649,2,0.00,0xEE,0,0
29203,19.4,20.0,0.6,3974,0,1.0,6621,29.8,9,47.5,0,1,6638,2,0.00,0xEE,0,0
29219,19.6,20.0,0.4,3965,0,1.8,6621,30.1,9,47.5,0,1,6620,2,0.00,0xEE,0,0
29234,19.8,20.0,0.2,3956,0,2.7,6619,30.4,9,47.5,0,1,6602,2,0.00,0xEE,0,0
29266,19.6,20.0,0.4,3952,0,3.0,6683,30.7,9,47.5,0,1,6599,2,0.00,0xEE,0,0
29281,19.5,20.0,0.5,3955,0,2.7,6681,30.3,9,47.5,0,1,6606,2,0.00,0xEE,0,0
29297,19.5,20.0,0.5,3968,0,1.7,6616,30.4,1,47.5,0,1,6624,2,0.00,0xEE,0,0
29313,19.6,20.0,0.4,3970,0,1.5,6615,29.8,3,47.5,0,1,6626,2,0.00,0xEE,0,0
29344,19.7,20.0,0.3,3968,0,1.7,6677,29.6,5,47.5,0,1,6621,2,0.00,0xEE,0,0
29360,20.0,20.0,0.0,3957,0,2.4,6677,29.4,7,47.5,0,1,6606,2,0.00,0xEE,0,0
29376,20.2,20.0,-0.2,3943,0,3.4,6675,29.1,9,47.5,0,1,6584,2,0.00,0xEE,0,0
29408,20.5,20.0,-0.5,3929,0,4.7,6610,29.1,9,47.5,0,1,6559,2,0.00,0xEE,0,0
29439,20.6,20.0,-0.6,3915,0,5.9,6607,29.4,9,47.5,0,1,6535,2,0.00,0xEE,0,0
29439,20.7,20.0,-0.7,3902,0,6.8,6669,29.1,9,47.5,0,1,6517,2,0.00,0xEE,0,0
29532,20.6,20.0,-0.6,3897,0,6.9,6654,29.6,74,47.5,0,1,6516,2,0.00,0xEE,0,0
29547,20.6,20.0,-0.6,3902,0,6.6,6587,28.7,9,47.5,0,1,6522,2,0.00,0xEE,0,0
29562,20.6,20.0,-0.6,3919,0,5.2,6584,29.1,9,47.5,0,1,6547,2,0.00,0xEE,0,0
29578,20.8,20.0,-0.8,3930,0,4.1,6645,29.0,9,47.5,0,1,6565,2,0.00,0xEE,0,0
29609,20.8,20.0,-0.8,3937,0,3.2,6643,29.0,9,47.5,0,1,6582,2,0.00,0xEE,0,0
29625,20.9,20.0,-0.9,3945,0,1.5,6641,28.8,1,47.5,0,1,6611,2,0.00,0xEE,0,0
29640,20.8,20.0,-0.8,3965,0,0.7,6576,29.3,3,47.5,0,1,6627,2,0.00,0xEE,0,0
29672,20.9,20.0,-0.9,3972,0,0.1,6574,28.8,5,47.5,0,1,6637,2,0.00,0xEE,0,0
29688,20.9,20.0,-0.9,3977,0,-0.2,6638,28.2,7,47.5,0,1,6641,2,0.00,0xEE,0,0
29702,21.1,20.0,-1.1,3973,0,-0.1,6638,29.6,8,47.5,0,1,6637,2,0.00,0xEE,0,0
29717,21.1,20.0,-1.1,3970,0,0.0,6574,28.8,9,47.5,0,1,6635,2,0.00,0xEE,0,0
29749,21.0,20.0,-1.0,3973,0,-0.1,6574,29.0,9,47.5,0,1,6638,2,0.00,0xEE,0,0
29764,20.9,20.0,-0.9,3978,0,-0.3,6574,29.0,9,47.5,0,1,6643,2,0.00,0xEE,0,0
29779,20.9,20.0,-0.9,3984,0,-0.6,6640,29.2,9,47.5,0,1,6650,2,0.00,0xEE,0,0
29811,20.8,20.0,-0.8,3985,0,-1.1,6641,29.1,0,47.5,0,1,6659,2,0.00,0xEE,0,0
29826,20.9,20.0,-0.9,3986,0,-1.2,6577,28.4,2,47.5,0,1,6659,2,0.00,0xEE,0,0
29842,21.0,20.0,-1.0,3982,0,-0.7,6578,28.5,4,47.5,0,1,6649,2,0.00,0xEE,0,0
29872,21.3,20.0,-1.3,3970,0,0.3,6580,28.4,6,47.5,0,1,6628,2,0.00,0xEE,0,0
29887,21.4,20.0,-1.4,3958,0,1.4,6644,28.6,8,47.5,0,1,6606,2,0.00,0xEE,0,0
29903,21.4,20.0,-1.4,3948,0,2.2,6644,28.5,9,47.5,0,1,6591,2,0.00,0xEE,0,0
29918,21.3,20.0,-1.3,3943,0,2.6,6580,29.0,9,47.5,0,1,6585,2,0.00,0xEE,0,0
29948,21.3,20.0,-1.3,3942,0,2.7,6578,28.6,9,47.5,0,1,6584,2,0.00,0xEE,0,0
